Date,Time,1RSS(dB),2RSS(dB),RQly(%),RSNR(dB),ANT,RFMD,TPWR(mW),TRSS(dB),TQly(%),TSNR(dB),Rud,Ele,Thr,Ail,SA,SB,SC,SD,SE,SF,LSW,CH1(us),CH2(us),CH3(us),CH4(us),CH5(us),CH6(us),CH7(us),CH8(us),CH9(us),CH10(us),CH11(us),CH12(us),CH13(us),CH14(us),CH15(us),CH16(us),CH17(us),CH18(us),CH19(us),CH20(us),CH21(us),CH22(us),CH23(us),CH24(us),CH25(us),CH26(us),CH27(us),CH28(us),CH29(us),CH30(us),CH31(us),CH32(us),TxBat(V)
2000-01-01,00:01:03.050,-20,0,100,10,0,9,1000,-32,100,11,9,9,-1024,1,-1,-1,-1,-1,-1,-1,0x0000000000000000,1500,1500,988,1530,988,988,988,988,988,988,1500,1500,1500,1500,1500,1500,1500,1500,1500,1500,1500,1500,1500,1500,1500,1500,1500,1500,1500,1500,1500,1500,7.6
2000-01-01,00:01:03.140,-23,0,100,10,0,9,1000,-46,100,10,-1,8,-1024,2,-1,-1,-1,-1,-1,-1,0x0000000000000000,1500,1500,988,1530,988,988,988,988,988,988,1500,1500,1500,1500,1500,1500,1500,1500,1500,1500,1500,1500,1500,1500,1500,1500,1500,1500,1500,1500,1500,1500,7.6
2000-01-01,00:01:03.330,-23,0,100,10,0,9,1000,-46,100,10,-2,8,-1024,3,-1,-1,-1,-1,-1,-1,0x0000000000000000,1500,1500,988,1529,988,988,988,988,988,988,1500,1500,1500,1500,1500,1500,1500,1500,1500,1500,1500,1500,1500,1500,1500,1500,1500,1500,1500,1500,1500,1500,7.6
2000-01-01,00:01:03.530,-28,0,100,10,0,9,250,-38,100,10,-2,7,-1024,1,-1,-1,-1,-1,-1,-1,0x0000000000000000,1500,1500,988,1529,988,988,988,988,988,988,1500,1500,1500,1500,1500,1500,1500,1500,1500,1500,1500,1500,1500,1500,1500,1500,1500,1500,1500,1500,1500,1500,7.6
2000-01-01,00:01:03.730,-34,0,100,10,0,9,25,-39,100,10,-2,8,-1024,2,-1,-1,-1,-1,-1,-1,0x0000000000000000,1500,1500,988,1529,988,988,988,988,988,988,1500,1500,1500,1500,1500,1500,1500,1500,1500,1500,1500,1500,1500,1500,1500,1500,1500,1500,1500,1500,1500,1500,7.6
2000-01-01,00:01:03.920,-38,0,100,10,0,9,25,-35,100,11,-2,8,-1024,2,-1,-1,-1,-1,-1,-1,0x0000000000000000,1500,1500,988,1529,988,988,988,988,988,988,1500,1500,1500,1500,1500,1500,1500,1500,1500,1500,1500,1500,1500,1500,1500,1500,1500,1500,1500,1500,1500,1500,7.6
2000-01-01,00:01:04.110,-40,0,100,10,0,9,25,-36,100,11,-2,7,-1024,3,-1,-1,-1,-1,-1,-1,0x0000000000000000,1500,1500,988,1529,988,988,988,988,988,988,1500,1500,1500,1500,1500,1500,1500,1500,1500,1500,1500,1500,1500,1500,1500,1500,1500,1500,1500,1500,1500,1500,7.6
2000-01-01,00:01:04.310,-40,0,100,10,0,9,25,-33,100,10,-2,8,-1024,3,-1,-1,-1,-1,-1,-1,0x0000000000000000,1500,1500,988,1529,988,988,988,988,988,988,1500,1500,1500,1500,1500,1500,1500,1500,1500,1500,1500,1500,1500,1500,1500,1500,1500,1500,1500,1500,1500,1500,7.6
2000-01-01,00:01:04.510,-40,0,100,10,0,9,25,-33,100,10,-2,8,-1024,1,-1,-1,-1,-1,-1,-1,0x0000000000000000,1500,1500,988,1529,988,988,988,988,988,988,1500,1500,1500,1500,1500,1500,1500,1500,1500,1500,1500,1500,1500,1500,1500,1500,1500,1500,1500,1500,1500,1500,7.6
2000-01-01,00:01:04.710,-37,0,100,10,0,9,25,-32,100,11,-2,8,-1024,2,-1,-1,-1,-1,-1,-1,0x0000000000000000,1500,1500,988,1529,988,988,988,988,988,988,1500,1500,1500,1500,1500,1500,1500,1500,1500,1500,1500,1500,1500,1500,1500,1500,1500,1500,1500,1500,1500,1500,7.6
2000-01-01,00:01:04.910,-37,0,100,10,0,9,25,-32,100,11,-2,9,-1024,1,-1,-1,-1,-1,-1,-1,0x0000000000000000,1500,1500,988,1529,988,988,988,988,988,988,1500,1500,1500,1500,1500,1500,1500,1500,1500,1500,1500,1500,1500,1500,1500,1500,1500,1500,1500,1500,1500,1500,7.6
2000-01-01,00:01:05.110,-37,0,100,10,0,9,25,-38,100,9,-2,8,-1024,2,-1,-1,-1,-1,-1,-1,0x0000000000000000,1500,1500,988,1529,988,988,988,988,988,988,1500,1500,1500,1500,1500,1500,1500,1500,1500,1500,1500,1500,1500,1500,1500,1500,1500,1500,1500,1500,1500,1500,7.6
2000-01-01,00:01:05.310,-43,0,100,10,0,9,25,-45,100,10,-2,8,-1024,2,-1,-1,-1,-1,-1,-1,0x0000000000000000,1500,1500,988,1529,988,988,988,988,988,988,1500,1500,1500,1500,1500,1500,1500,1500,1500,1500,1500,1500,1500,1500,1500,1500,1500,1500,1500,1500,1500,1500,7.6
2000-01-01,00:01:05.510,-43,0,100,10,0,9,25,-42,24,11,-2,7,-1024,2,-1,-1,-1,-1,-1,-1,0x0000000000000000,1500,1500,988,1529,988,988,988,988,988,988,1500,1500,1500,1500,1500,1500,1500,1500,1500,1500,1500,1500,1500,1500,1500,1500,1500,1500,1500,1500,1500,1500,7.6
2000-01-01,00:01:05.710,-43,0,100,10,0,9,25,-42,24,11,-2,8,-1024,2,-1,-1,-1,-1,-1,-1,0x0000000000000000,1500,1500,988,1529,988,988,988,988,988,988,1500,1500,1500,1500,1500,1500,1500,1500,1500,1500,1500,1500,1500,1500,1500,1500,1500,1500,1500,1500,1500,1500,7.6
2000-01-01,00:01:05.910,-43,0,100,10,0,9,25,-42,0,11,-2,8,-1024,3,-1,-1,-1,-1,-1,-1,0x0000000000000000,1500,1500,988,1529,988,988,988,988,988,988,1500,1500,1500,1500,1500,1500,1500,1500,1500,1500,1500,1500,1500,1500,1500,1500,1500,1500,1500,1500,1500,1500,7.6
2000-01-01,00:01:06.110,-43,0,100,10,0,9,25,-42,0,11,-1,9,-1024,2,-1,-1,-1,-1,-1,-1,0x0000000000000000,1500,1500,988,1530,988,988,988,988,988,988,1500,1500,1500,1500,1500,1500,1500,1500,1500,1500,1500,1500,1500,1500,1500,1500,1500,1500,1500,1500,1500,1500,7.6
2000-01-01,00:01:06.310,-43,0,100,10,0,9,25,-55,0,10,0,8,-1024,2,-1,-1,-1,-1,-1,-1,0x0000000000000000,1500,1500,988,1530,988,988,988,988,988,988,1500,1500,1500,1500,1500,1500,1500,1500,1500,1500,1500,1500,1500,1500,1500,1500,1500,1500,1500,1500,1500,1500,7.6
2000-01-01,00:01:06.510,-19,0,55,10,0,9,1000,-50,100,10,0,8,-1021,2,-1,-1,-1,-1,-1,-1,0x0000000000000000,1500,1500,990,1530,988,988,988,988,988,988,1500,1500,1500,1500,1500,1500,1500,1500,1500,1500,1500,1500,1500,1500,1500,1500,1500,1500,1500,1500,1500,1500,7.6
2000-01-01,00:01:06.710,-23,0,100,10,0,9,1000,-31,100,11,0,8,-1019,2,-1,-1,-1,-1,-1,-1,0x0000000000000000,1500,1500,991,1530,988,988,988,988,988,988,1500,1500,1500,1500,1500,1500,1500,1500,1500,1500,1500,1500,1500,1500,1500,1500,1500,1500,1500,1500,1500,1500,7.6
2000-01-01,00:01:06.910,-23,0,100,10,0,9,1000,-31,100,11,-1,8,-1008,2,-1,-1,-1,-1,-1,-1,0x0000000000000000,1500,1500,996,1530,988,988,988,988,988,988,1500,1500,1500,1500,1500,1500,1500,1500,1500,1500,1500,1500,1500,1500,1500,1500,1500,1500,1500,1500,1500,1500,7.6
2000-01-01,00:01:07.110,-22,0,100,10,0,9,1000,-30,100,12,-2,8,-1005,2,-1,-1,-1,-1,-1,-1,0x0000000000000000,1500,1500,998,1529,988,988,988,988,988,988,1500,1500,1500,1500,1500,1500,1500,1500,1500,1500,1500,1500,1500,1500,1500,1500,1500,1500,1500,1500,1500,1500,7.6
2000-01-01,00:01:07.310,-24,0,100,10,0,9,50,-31,100,11,-1,8,-1004,2,-1,-1,-1,-1,-1,-1,0x0000000000000000,1500,1500,998,1530,988,988,988,988,988,988,1500,1500,1500,1500,1500,1500,1500,1500,1500,1500,1500,1500,1500,1500,1500,1500,1500,1500,1500,1500,1500,1500,7.6
2000-01-01,00:01:07.510,-29,0,100,10,0,9,25,-25,100,9,-1,8,-1006,2,-1,-1,-1,-1,-1,-1,0x0000000000000000,1500,1500,997,1530,988,988,988,988,988,988,1500,1500,1500,1500,1500,1500,1500,1500,1500,1500,1500,1500,1500,1500,1500,1500,1500,1500,1500,1500,1500,1500,7.6
2000-01-01,00:01:07.710,-31,0,100,10,0,9,25,-32,100,11,-2,7,-1005,2,-1,-1,-1,-1,-1,-1,0x0000000000000000,1500,1500,998,1529,988,988,988,988,988,988,1500,1500,1500,1500,1500,1500,1500,1500,1500,1500,1500,1500,1500,1500,1500,1500,1500,1500,1500,1500,1500,1500,7.6
2000-01-01,00:01:07.910,-36,0,100,10,0,9,25,-44,100,9,-1,8,-1005,3,-1,-1,-1,-1,-1,-1,0x0000000000000000,1500,1500,998,1530,988,988,988,988,988,988,1500,1500,1500,1500,1500,1500,1500,1500,1500,1500,1500,1500,1500,1500,1500,1500,1500,1500,1500,1500,1500,1500,7.6
2000-01-01,00:01:08.110,-36,0,100,10,0,9,25,-44,100,9,-1,7,-1005,3,-1,-1,-1,-1,-1,-1,0x0000000000000000,1500,1500,998,1530,988,988,988,988,988,988,1500,1500,1500,1500,1500,1500,1500,1500,1500,1500,1500,1500,1500,1500,1500,1500,1500,1500,1500,1500,1500,1500,7.6
2000-01-01,00:01:08.310,-40,0,100,8,0,9,25,-62,96,9,-2,8,-1005,2,-1,-1,-1,-1,-1,-1,0x0000000000000000,1500,1500,998,1529,988,988,988,988,988,988,1500,1500,1500,1500,1500,1500,1500,1500,1500,1500,1500,1500,1500,1500,1500,1500,1500,1500,1500,1500,1500,1500,7.6
2000-01-01,00:01:08.510,-47,0,100,10,0,9,25,-40,100,10,-2,8,-1005,2,-1,-1,-1,-1,-1,-1,0x0000000000000000,1500,1500,998,1529,988,988,988,988,988,988,1500,1500,1500,1500,1500,1500,1500,1500,1500,1500,1500,1500,1500,1500,1500,1500,1500,1500,1500,1500,1500,1500,7.6
2000-01-01,00:01:08.710,-46,0,100,10,0,9,25,-41,100,10,-2,8,-1005,2,-1,-1,-1,-1,-1,-1,0x0000000000000000,1500,1500,998,1529,988,988,988,988,988,988,1500,1500,1500,1500,1500,1500,1500,1500,1500,1500,1500,1500,1500,1500,1500,1500,1500,1500,1500,1500,1500,1500,7.6
2000-01-01,00:01:08.910,-46,0,100,10,0,9,25,-43,100,11,-2,8,-1005,2,-1,-1,-1,-1,-1,-1,0x0000000000000000,1500,1500,998,1529,988,988,988,988,988,988,1500,1500,1500,1500,1500,1500,1500,1500,1500,1500,1500,1500,1500,1500,1500,1500,1500,1500,1500,1500,1500,1500,7.6
2000-01-01,00:01:09.110,-45,0,100,10,0,9,25,-39,100,10,-2,8,-1006,3,-1,-1,-1,-1,-1,-1,0x0000000000000000,1500,1500,997,1529,988,988,988,988,988,988,1500,1500,1500,1500,1500,1500,1500,1500,1500,1500,1500,1500,1500,1500,1500,1500,1500,1500,1500,1500,1500,1500,7.6
2000-01-01,00:01:09.310,-45,0,100,10,0,9,25,-39,100,10,-1,8,-1006,2,-1,-1,-1,-1,-1,-1,0x0000000000000000,1500,1500,997,1530,988,988,988,988,988,988,1500,1500,1500,1500,1500,1500,1500,1500,1500,1500,1500,1500,1500,1500,1500,1500,1500,1500,1500,1500,1500,1500,7.6
2000-01-01,00:01:09.510,-45,0,100,10,0,9,25,-36,100,11,-2,8,-1006,2,-1,-1,-1,-1,-1,-1,0x0000000000000000,1500,1500,998,1529,988,988,988,988,988,988,1500,1500,1500,1500,1500,1500,1500,1500,1500,1500,1500,1500,1500,1500,1500,1500,1500,1500,1500,1500,1500,1500,7.6
2000-01-01,00:01:09.710,-43,0,100,10,0,9,25,-41,100,10,-1,7,-1005,3,-1,-1,-1,-1,-1,-1,0x0000000000000000,1500,1500,998,1530,988,988,988,988,988,988,1500,1500,1500,1500,1500,1500,1500,1500,1500,1500,1500,1500,1500,1500,1500,1500,1500,1500,1500,1500,1500,1500,7.6
2000-01-01,00:01:09.910,-44,0,100,10,0,9,25,-45,100,10,-2,8,-1005,3,-1,-1,-1,-1,-1,-1,0x0000000000000000,1500,1500,998,1529,988,988,988,988,988,988,1500,1500,1500,1500,1500,1500,1500,1500,1500,1500,1500,1500,1500,1500,1500,1500,1500,1500,1500,1500,1500,1500,7.6
2000-01-01,00:01:10.110,-44,0,100,10,0,9,25,-38,100,2,-2,8,-1005,2,-1,-1,-1,-1,-1,-1,0x0000000000000000,1500,1500,998,1529,988,988,988,988,988,988,1500,1500,1500,1500,1500,1500,1500,1500,1500,1500,1500,1500,1500,1500,1500,1500,1500,1500,1500,1500,1500,1500,7.6
2000-01-01,00:01:10.310,-43,0,100,10,0,9,25,-37,100,10,-2,8,-1005,2,-1,-1,-1,-1,-1,-1,0x0000000000000000,1500,1500,998,1529,988,988,988,988,988,988,1500,1500,1500,1500,1500,1500,1500,1500,1500,1500,1500,1500,1500,1500,1500,1500,1500,1500,1500,1500,1500,1500,7.6
2000-01-01,00:01:10.510,-43,0,100,10,0,9,25,-37,100,10,-2,8,-1005,2,-1,-1,-1,-1,-1,-1,0x0000000000000000,1500,1500,998,1529,988,988,988,988,988,988,1500,1500,1500,1500,1500,1500,1500,1500,1500,1500,1500,1500,1500,1500,1500,1500,1500,1500,1500,1500,1500,1500,7.6
2000-01-01,00:01:10.710,-43,0,100,10,0,9,25,-44,100,10,-2,8,-1005,2,-1,-1,-1,-1,-1,-1,0x0000000000000000,1500,1500,998,1529,988,988,988,988,988,988,1500,1500,1500,1500,1500,1500,1500,1500,1500,1500,1500,1500,1500,1500,1500,1500,1500,1500,1500,1500,1500,1500,7.6
2000-01-01,00:01:10.910,-44,0,100,10,0,9,25,-38,100,11,-2,9,-1005,2,-1,-1,-1,-1,-1,-1,0x0000000000000000,1500,1500,998,1529,988,988,988,988,988,988,1500,1500,1500,1500,1500,1500,1500,1500,1500,1500,1500,1500,1500,1500,1500,1500,1500,1500,1500,1500,1500,1500,7.6
2000-01-01,00:01:11.110,-43,0,100,10,0,9,25,-38,100,10,-3,7,-1005,2,-1,-1,-1,-1,-1,-1,0x0000000000000000,1500,1500,998,1529,988,988,988,988,988,988,1500,1500,1500,1500,1500,1500,1500,1500,1500,1500,1500,1500,1500,1500,1500,1500,1500,1500,1500,1500,1500,1500,7.6
2000-01-01,00:01:11.310,-44,0,100,10,0,9,25,-35,100,11,-2,8,-1006,3,-1,-1,-1,-1,-1,-1,0x0000000000000000,1500,1500,997,1529,988,988,988,988,988,988,1500,1500,1500,1500,1500,1500,1500,1500,1500,1500,1500,1500,1500,1500,1500,1500,1500,1500,1500,1500,1500,1500,7.6
2000-01-01,00:01:11.510,-44,0,100,10,0,9,25,-45,100,11,-2,8,-1005,2,-1,-1,-1,-1,-1,-1,0x0000000000000000,1500,1500,998,1529,988,988,988,988,988,988,1500,1500,1500,1500,1500,1500,1500,1500,1500,1500,1500,1500,1500,1500,1500,1500,1500,1500,1500,1500,1500,1500,7.6
2000-01-01,00:01:11.710,-44,0,100,10,0,9,25,-45,100,11,-2,8,-1006,2,-1,-1,-1,-1,-1,-1,0x0000000000000000,1500,1500,997,1529,988,988,988,988,988,988,1500,1500,1500,1500,1500,1500,1500,1500,1500,1500,1500,1500,1500,1500,1500,1500,1500,1500,1500,1500,1500,1500,7.6
2000-01-01,00:01:11.910,-48,0,100,10,0,9,25,-46,100,11,-2,8,-1005,3,-1,-1,-1,-1,-1,-1,0x0000000000000000,1500,1500,998,1529,988,988,988,988,988,988,1500,1500,1500,1500,1500,1500,1500,1500,1500,1500,1500,1500,1500,1500,1500,1500,1500,1500,1500,1500,1500,1500,7.6
2000-01-01,00:01:12.110,-48,0,100,10,0,9,25,-43,100,11,-2,8,-1005,2,-1,-1,-1,-1,-1,-1,0x0000000000000000,1500,1500,998,1529,988,988,988,988,988,988,1500,1500,1500,1500,1500,1500,1500,1500,1500,1500,1500,1500,1500,1500,1500,1500,1500,1500,1500,1500,1500,1500,7.6
2000-01-01,00:01:12.310,-46,0,100,10,0,9,25,-33,100,11,-1,7,-1005,2,-1,-1,-1,-1,-1,-1,0x0000000000000000,1500,1500,998,1530,988,988,988,988,988,988,1500,1500,1500,1500,1500,1500,1500,1500,1500,1500,1500,1500,1500,1500,1500,1500,1500,1500,1500,1500,1500,1500,7.6
2000-01-01,00:01:12.510,-44,0,100,10,0,9,25,-39,100,11,-2,8,-1005,2,-1,-1,-1,-1,-1,-1,0x0000000000000000,1500,1500,998,1529,988,988,988,988,988,988,1500,1500,1500,1500,1500,1500,1500,1500,1500,1500,1500,1500,1500,1500,1500,1500,1500,1500,1500,1500,1500,1500,7.6
2000-01-01,00:01:12.710,-41,0,100,10,0,9,25,-34,100,11,-2,7,-1005,3,-1,-1,-1,-1,-1,-1,0x0000000000000000,1500,1500,998,1529,988,988,988,988,988,988,1500,1500,1500,1500,1500,1500,1500,1500,1500,1500,1500,1500,1500,1500,1500,1500,1500,1500,1500,1500,1500,1500,7.6
2000-01-01,00:01:12.910,-41,0,100,10,0,9,25,-34,100,11,-2,8,-1005,3,-1,-1,-1,-1,-1,-1,0x0000000000000000,1500,1500,998,1529,988,988,988,988,988,988,1500,1500,1500,1500,1500,1500,1500,1500,1500,1500,1500,1500,1500,1500,1500,1500,1500,1500,1500,1500,1500,1500,7.6
2000-01-01,00:01:13.110,-37,0,100,10,0,9,25,-33,100,12,-2,7,-1005,2,-1,-1,-1,-1,-1,-1,0x0000000000000000,1500,1500,998,1529,988,988,988,988,988,988,1500,1500,1500,1500,1500,1500,1500,1500,1500,1500,1500,1500,1500,1500,1500,1500,1500,1500,1500,1500,1500,1500,7.6
2000-01-01,00:01:13.310,-36,0,100,10,0,9,25,-29,100,11,-2,8,-1005,2,-1,-1,-1,-1,-1,-1,0x0000000000000000,1500,1500,998,1529,988,988,988,988,988,988,1500,1500,1500,1500,1500,1500,1500,1500,1500,1500,1500,1500,1500,1500,1500,1500,1500,1500,1500,1500,1500,1500,7.6
2000-01-01,00:01:13.510,-35,0,100,10,0,9,25,-33,100,12,-2,8,-1006,2,-1,-1,-1,-1,-1,-1,0x0000000000000000,1500,1500,997,1529,988,988,988,988,988,988,1500,1500,1500,1500,1500,1500,1500,1500,1500,1500,1500,1500,1500,1500,1500,1500,1500,1500,1500,1500,1500,1500,7.6
2000-01-01,00:01:13.710,-36,0,100,10,0,9,25,-35,100,11,-2,8,-1006,3,-1,-1,-1,-1,-1,-1,0x0000000000000000,1500,1500,997,1529,988,988,988,988,988,988,1500,1500,1500,1500,1500,1500,1500,1500,1500,1500,1500,1500,1500,1500,1500,1500,1500,1500,1500,1500,1500,1500,7.6
2000-01-01,00:01:13.910,-36,0,100,10,0,9,25,-31,100,11,-1,7,-1005,2,-1,-1,-1,-1,-1,-1,0x0000000000000000,1500,1500,998,1529,988,988,988,988,988,988,1500,1500,1500,1500,1500,1500,1500,1500,1500,1500,1500,1500,1500,1500,1500,1500,1500,1500,1500,1500,1500,1500,7.6
2000-01-01,00:01:14.110,-36,0,100,10,0,9,25,-31,100,11,-2,7,-1006,2,-1,-1,-1,-1,-1,-1,0x0000000000000000,1500,1500,997,1529,988,988,988,988,988,988,1500,1500,1500,1500,1500,1500,1500,1500,1500,1500,1500,1500,1500,1500,1500,1500,1500,1500,1500,1500,1500,1500,7.6
2000-01-01,00:01:14.310,-35,0,100,10,0,9,25,-28,100,11,-2,7,-1005,2,-1,-1,-1,-1,-1,-1,0x0000000000000000,1500,1500,998,1529,988,988,988,988,988,988,1500,1500,1500,1500,1500,1500,1500,1500,1500,1500,1500,1500,1500,1500,1500,1500,1500,1500,1500,1500,1500,1500,7.6
2000-01-01,00:01:14.510,-34,0,100,10,0,9,25,-33,100,11,-2,7,-1006,2,-1,-1,-1,-1,-1,-1,0x0000000000000000,1500,1500,997,1529,988,988,988,988,988,988,1500,1500,1500,1500,1500,1500,1500,1500,1500,1500,1500,1500,1500,1500,1500,1500,1500,1500,1500,1500,1500,1500,7.6
2000-01-01,00:01:14.710,-33,0,100,10,0,9,25,-29,100,11,-1,8,-1006,2,-1,-1,-1,-1,-1,-1,0x0000000000000000,1500,1500,997,1530,988,988,988,988,988,988,1500,1500,1500,1500,1500,1500,1500,1500,1500,1500,1500,1500,1500,1500,1500,1500,1500,1500,1500,1500,1500,1500,7.6
2000-01-01,00:01:14.910,-33,0,100,10,0,9,25,-32,100,12,-2,7,-1005,2,-1,-1,-1,-1,-1,-1,0x0000000000000000,1500,1500,998,1529,988,988,988,988,988,988,1500,1500,1500,1500,1500,1500,1500,1500,1500,1500,1500,1500,1500,1500,1500,1500,1500,1500,1500,1500,1500,1500,7.6
2000-01-01,00:01:15.110,-34,0,100,10,0,9,25,-29,100,11,-1,7,-1005,2,-1,-1,-1,-1,-1,-1,0x0000000000000000,1500,1500,998,1530,988,988,988,988,988,988,1500,1500,1500,1500,1500,1500,1500,1500,1500,1500,1500,1500,1500,1500,1500,1500,1500,1500,1500,1500,1500,1500,7.6
2000-01-01,00:01:15.310,-34,0,100,10,0,9,25,-29,100,11,-2,7,-1005,3,-1,-1,-1,-1,-1,-1,0x0000000000000000,1500,1500,998,1529,988,988,988,988,988,988,1500,1500,1500,1500,1500,1500,1500,1500,1500,1500,1500,1500,1500,1500,1500,1500,1500,1500,1500,1500,1500,1500,7.6
2000-01-01,00:01:15.510,-34,0,100,10,0,9,25,-33,100,12,-2,8,-1005,2,-1,-1,-1,-1,-1,-1,0x0000000000000000,1500,1500,998,1529,988,988,988,988,988,988,1500,1500,1500,1500,1500,1500,1500,1500,1500,1500,1500,1500,1500,1500,1500,1500,1500,1500,1500,1500,1500,1500,7.6
2000-01-01,00:01:15.710,-38,0,100,10,0,9,25,-35,100,11,-2,7,-1005,2,-1,-1,-1,-1,-1,-1,0x0000000000000000,1500,1500,998,1529,988,988,988,988,988,988,1500,1500,1500,1500,1500,1500,1500,1500,1500,1500,1500,1500,1500,1500,1500,1500,1500,1500,1500,1500,1500,1500,7.6
2000-01-01,00:01:15.910,-37,0,100,10,0,9,25,-31,100,12,-2,8,-1005,2,-1,-1,-1,-1,-1,-1,0x0000000000000000,1500,1500,998,1529,988,988,988,988,988,988,1500,1500,1500,1500,1500,1500,1500,1500,1500,1500,1500,1500,1500,1500,1500,1500,1500,1500,1500,1500,1500,1500,7.6
2000-01-01,00:01:16.110,-38,0,100,10,0,9,25,-28,100,11,-1,7,-1005,3,-1,-1,-1,-1,-1,-1,0x0000000000000000,1500,1500,998,1530,988,988,988,988,988,988,1500,1500,1500,1500,1500,1500,1500,1500,1500,1500,1500,1500,1500,1500,1500,1500,1500,1500,1500,1500,1500,1500,7.6
2000-01-01,00:01:16.310,-36,0,100,10,0,9,25,-33,100,12,-2,7,-1005,2,-1,-1,-1,-1,-1,-1,0x0000000000000000,1500,1500,998,1529,988,988,988,988,988,988,1500,1500,1500,1500,1500,1500,1500,1500,1500,1500,1500,1500,1500,1500,1500,1500,1500,1500,1500,1500,1500,1500,7.6
2000-01-01,00:01:16.510,-36,0,100,10,0,9,25,-33,100,12,-2,7,-1005,3,-1,-1,-1,-1,-1,-1,0x0000000000000000,1500,1500,998,1529,988,988,988,988,988,988,1500,1500,1500,1500,1500,1500,1500,1500,1500,1500,1500,1500,1500,1500,1500,1500,1500,1500,1500,1500,1500,1500,7.6
2000-01-01,00:01:16.710,-34,0,100,10,0,9,25,-29,100,10,-2,7,-1006,2,-1,-1,-1,-1,-1,-1,0x0000000000000000,1500,1500,997,1529,988,988,988,988,988,988,1500,1500,1500,1500,1500,1500,1500,1500,1500,1500,1500,1500,1500,1500,1500,1500,1500,1500,1500,1500,1500,1500,7.6
2000-01-01,00:01:16.910,-35,0,100,10,0,9,25,-31,100,10,-2,7,-1005,2,-1,-1,-1,-1,-1,-1,0x0000000000000000,1500,1500,998,1529,988,988,988,988,988,988,1500,1500,1500,1500,1500,1500,1500,1500,1500,1500,1500,1500,1500,1500,1500,1500,1500,1500,1500,1500,1500,1500,7.6
2000-01-01,00:01:17.110,-36,0,100,10,0,9,25,-36,100,10,-2,8,-1005,3,-1,-1,-1,-1,-1,-1,0x0000000000000000,1500,1500,998,1529,988,988,988,988,988,988,1500,1500,1500,1500,1500,1500,1500,1500,1500,1500,1500,1500,1500,1500,1500,1500,1500,1500,1500,1500,1500,1500,7.6
2000-01-01,00:01:17.310,-44,0,100,10,0,9,25,-40,100,10,-2,8,-1005,2,-1,-1,-1,-1,-1,-1,0x0000000000000000,1500,1500,998,1529,988,988,988,988,988,988,1500,1500,1500,1500,1500,1500,1500,1500,1500,1500,1500,1500,1500,1500,1500,1500,1500,1500,1500,1500,1500,1500,7.6
2000-01-01,00:01:17.510,-43,0,100,10,0,9,25,-43,100,10,-1,7,-1005,2,-1,-1,-1,-1,-1,-1,0x0000000000000000,1500,1500,998,1530,988,988,988,988,988,988,1500,1500,1500,1500,1500,1500,1500,1500,1500,1500,1500,1500,1500,1500,1500,1500,1500,1500,1500,1500,1500,1500,7.6
2000-01-01,00:01:17.710,-43,0,100,10,0,9,25,-43,100,10,-2,8,-1005,2,-1,-1,-1,-1,-1,-1,0x0000000000000000,1500,1500,998,1529,988,988,988,988,988,988,1500,1500,1500,1500,1500,1500,1500,1500,1500,1500,1500,1500,1500,1500,1500,1500,1500,1500,1500,1500,1500,1500,7.6
2000-01-01,00:01:17.910,-42,0,100,10,0,9,25,-34,100,7,-1,8,-1005,2,-1,-1,-1,-1,-1,-1,0x0000000000000000,1500,1500,998,1530,988,988,988,988,988,988,1500,1500,1500,1500,1500,1500,1500,1500,1500,1500,1500,1500,1500,1500,1500,1500,1500,1500,1500,1500,1500,1500,7.6
2000-01-01,00:01:18.110,-43,0,100,10,0,9,25,-33,100,10,-2,7,-1005,2,-1,-1,-1,-1,-1,-1,0x0000000000000000,1500,1500,998,1529,988,988,988,988,988,988,1500,1500,1500,1500,1500,1500,1500,1500,1500,1500,1500,1500,1500,1500,1500,1500,1500,1500,1500,1500,1500,1500,7.6
2000-01-01,00:01:18.310,-39,0,100,10,0,9,25,-36,100,10,-2,8,-1006,1,-1,-1,-1,-1,-1,-1,0x0000000000000000,1500,1500,997,1529,988,988,988,988,988,988,1500,1500,1500,1500,1500,1500,1500,1500,1500,1500,1500,1500,1500,1500,1500,1500,1500,1500,1500,1500,1500,1500,7.6
2000-01-01,00:01:18.510,-39,0,100,10,0,9,25,-33,100,10,-2,7,-1005,3,-1,-1,-1,-1,-1,-1,0x0000000000000000,1500,1500,998,1529,988,988,988,988,988,988,1500,1500,1500,1500,1500,1500,1500,1500,1500,1500,1500,1500,1500,1500,1500,1500,1500,1500,1500,1500,1500,1500,7.6
2000-01-01,00:01:18.710,-41,0,100,10,0,9,25,-34,100,10,-2,8,-1005,2,-1,-1,-1,-1,-1,-1,0x0000000000000000,1500,1500,998,1529,988,988,988,988,988,988,1500,1500,1500,1500,1500,1500,1500,1500,1500,1500,1500,1500,1500,1500,1500,1500,1500,1500,1500,1500,1500,1500,7.6
2000-01-01,00:01:18.910,-41,0,100,10,0,9,25,-34,100,10,-2,8,-1005,2,-1,-1,-1,-1,-1,-1,0x0000000000000000,1500,1500,998,1529,988,988,988,988,988,988,1500,1500,1500,1500,1500,1500,1500,1500,1500,1500,1500,1500,1500,1500,1500,1500,1500,1500,1500,1500,1500,1500,7.6
2000-01-01,00:01:19.110,-44,0,100,10,0,9,25,-36,100,10,-2,7,-1005,2,-1,-1,-1,-1,-1,-1,0x0000000000000000,1500,1500,998,1529,988,988,988,988,988,988,1500,1500,1500,1500,1500,1500,1500,1500,1500,1500,1500,1500,1500,1500,1500,1500,1500,1500,1500,1500,1500,1500,7.6
2000-01-01,00:01:19.310,-47,0,100,10,0,9,25,-41,100,10,-2,11,-1005,1,-1,-1,-1,-1,-1,-1,0x0000000000000000,1500,1500,998,1529,988,988,988,988,988,988,1500,1500,1500,1500,1500,1500,1500,1500,1500,1500,1500,1500,1500,1500,1500,1500,1500,1500,1500,1500,1500,1500,7.6
2000-01-01,00:01:19.510,-46,0,100,10,0,9,25,-46,100,9,-2,9,-1005,2,-1,-1,-1,-1,-1,-1,0x0000000000000000,1500,1500,998,1529,988,988,988,988,988,988,1500,1500,1500,1500,1500,1500,1500,1500,1500,1500,1500,1500,1500,1500,1500,1500,1500,1500,1500,1500,1500,1500,7.6
2000-01-01,00:01:19.710,-44,0,100,10,0,9,25,-38,100,11,-2,7,-1005,2,-1,-1,-1,-1,-1,-1,0x0000000000000000,1500,1500,998,1529,988,988,988,988,988,988,1500,1500,1500,1500,1500,1500,1500,1500,1500,1500,1500,1500,1500,1500,1500,1500,1500,1500,1500,1500,1500,1500,7.6
2000-01-01,00:01:19.910,-47,0,100,10,0,9,25,-42,100,10,-2,9,-1005,3,-1,-1,-1,-1,-1,-1,0x0000000000000000,1500,1500,998,1529,988,988,988,988,988,988,1500,1500,1500,1500,1500,1500,1500,1500,1500,1500,1500,1500,1500,1500,1500,1500,1500,1500,1500,1500,1500,1500,7.6
2000-01-01,00:01:20.110,-47,0,100,10,0,9,25,-42,100,10,-3,7,-1005,2,-1,-1,-1,-1,-1,-1,0x0000000000000000,1500,1500,998,1529,988,988,988,988,988,988,1500,1500,1500,1500,1500,1500,1500,1500,1500,1500,1500,1500,1500,1500,1500,1500,1500,1500,1500,1500,1500,1500,7.6
2000-01-01,00:01:20.310,-47,0,100,10,0,9,25,-49,100,10,-2,8,-1005,3,-1,-1,-1,-1,-1,-1,0x0000000000000000,1500,1500,998,1529,988,988,988,988,988,988,1500,1500,1500,1500,1500,1500,1500,1500,1500,1500,1500,1500,1500,1500,1500,1500,1500,1500,1500,1500,1500,1500,7.6
2000-01-01,00:01:20.510,-49,0,100,10,0,9,25,-35,100,10,-2,8,-1005,2,-1,-1,-1,-1,-1,-1,0x0000000000000000,1500,1500,998,1529,988,988,988,988,988,988,1500,1500,1500,1500,1500,1500,1500,1500,1500,1500,1500,1500,1500,1500,1500,1500,1500,1500,1500,1500,1500,1500,7.6
2000-01-01,00:01:20.710,-46,0,100,10,0,9,25,-36,100,10,-2,11,-1005,2,-1,-1,-1,-1,-1,-1,0x0000000000000000,1500,1500,998,1529,988,988,988,988,988,988,1500,1500,1500,1500,1500,1500,1500,1500,1500,1500,1500,1500,1500,1500,1500,1500,1500,1500,1500,1500,1500,1500,7.6
2000-01-01,00:01:20.910,-45,0,100,10,0,9,25,-36,100,10,-1,8,-1005,1,-1,-1,-1,-1,-1,-1,0x0000000000000000,1500,1500,998,1529,988,988,988,988,988,988,1500,1500,1500,1500,1500,1500,1500,1500,1500,1500,1500,1500,1500,1500,1500,1500,1500,1500,1500,1500,1500,1500,7.6
2000-01-01,00:01:21.110,-47,0,100,10,0,9,25,-39,100,10,-2,8,-1005,2,-1,-1,-1,-1,-1,-1,0x0000000000000000,1500,1500,998,1529,988,988,988,988,988,988,1500,1500,1500,1500,1500,1500,1500,1500,1500,1500,1500,1500,1500,1500,1500,1500,1500,1500,1500,1500,1500,1500,7.6
2000-01-01,00:01:21.310,-47,0,100,10,0,9,25,-39,100,10,-2,8,-1006,3,-1,-1,-1,-1,-1,-1,0x0000000000000000,1500,1500,997,1529,988,988,988,988,988,988,1500,1500,1500,1500,1500,1500,1500,1500,1500,1500,1500,1500,1500,1500,1500,1500,1500,1500,1500,1500,1500,1500,7.6
2000-01-01,00:01:21.510,-46,0,100,10,0,9,25,-44,100,10,-1,8,-1005,2,-1,-1,-1,-1,-1,-1,0x0000000000000000,1500,1500,998,1530,988,988,988,988,988,988,1500,1500,1500,1500,1500,1500,1500,1500,1500,1500,1500,1500,1500,1500,1500,1500,1500,1500,1500,1500,1500,1500,7.6
2000-01-01,00:01:21.710,-43,0,100,10,0,9,25,-36,100,10,-1,8,-1005,2,-1,-1,-1,-1,-1,-1,0x0000000000000000,1500,1500,998,1530,988,988,988,988,988,988,1500,1500,1500,1500,1500,1500,1500,1500,1500,1500,1500,1500,1500,1500,1500,1500,1500,1500,1500,1500,1500,1500,7.6
2000-01-01,00:01:21.910,-41,0,100,10,0,9,25,-34,100,11,-2,8,-1006,3,-1,-1,-1,-1,-1,-1,0x0000000000000000,1500,1500,997,1529,988,988,988,988,988,988,1500,1500,1500,1500,1500,1500,1500,1500,1500,1500,1500,1500,1500,1500,1500,1500,1500,1500,1500,1500,1500,1500,7.6
2000-01-01,00:01:22.110,-40,0,100,10,0,9,25,-41,100,11,-2,8,-1005,2,-1,-1,-1,-1,-1,-1,0x0000000000000000,1500,1500,998,1529,988,988,988,988,988,988,1500,1500,1500,1500,1500,1500,1500,1500,1500,1500,1500,1500,1500,1500,1500,1500,1500,1500,1500,1500,1500,1500,7.6
2000-01-01,00:01:22.310,-42,0,100,10,0,9,25,-33,100,10,-1,8,-1006,2,-1,-1,-1,-1,-1,-1,0x0000000000000000,1500,1500,997,1530,988,988,988,988,988,988,1500,1500,1500,1500,1500,1500,1500,1500,1500,1500,1500,1500,1500,1500,1500,1500,1500,1500,1500,1500,1500,1500,7.6
2000-01-01,00:01:22.510,-42,0,100,10,0,9,25,-33,100,10,-2,7,-1005,2,-1,-1,-1,-1,-1,-1,0x0000000000000000,1500,1500,998,1529,988,988,988,988,988,988,1500,1500,1500,1500,1500,1500,1500,1500,1500,1500,1500,1500,1500,1500,1500,1500,1500,1500,1500,1500,1500,1500,7.6
2000-01-01,00:01:22.710,-41,0,100,10,0,9,25,-38,100,11,-2,8,-1006,2,-1,-1,-1,-1,-1,-1,0x0000000000000000,1500,1500,997,1529,988,988,988,988,988,988,1500,1500,1500,1500,1500,1500,1500,1500,1500,1500,1500,1500,1500,1500,1500,1500,1500,1500,1500,1500,1500,1500,7.6
2000-01-01,00:01:22.910,-42,0,100,10,0,9,25,-34,100,10,-2,8,-1005,2,-1,-1,-1,-1,-1,-1,0x0000000000000000,1500,1500,998,1529,988,988,988,988,988,988,1500,1500,1500,1500,1500,1500,1500,1500,1500,1500,1500,1500,1500,1500,1500,1500,1500,1500,1500,1500,1500,1500,7.6
2000-01-01,00:01:23.110,-43,0,100,10,0,9,25,-40,100,11,-1,8,-1006,3,-1,-1,-1,-1,-1,-1,0x0000000000000000,1500,1500,997,1530,988,988,988,988,988,988,1500,1500,1500,1500,1500,1500,1500,1500,1500,1500,1500,1500,1500,1500,1500,1500,1500,1500,1500,1500,1500,1500,7.6
2000-01-01,00:01:23.310,-43,0,100,10,0,9,25,-44,100,11,-2,7,-1006,3,-1,-1,-1,-1,-1,-1,0x0000000000000000,1500,1500,997,1530,988,988,988,988,988,988,1500,1500,1500,1500,1500,1500,1500,1500,1500,1500,1500,1500,1500,1500,1500,1500,1500,1500,1500,1500,1500,1500,7.6
2000-01-01,00:01:23.510,-42,0,100,10,0,9,25,-36,100,10,-2,8,-1005,2,-1,-1,-1,-1,-1,-1,0x0000000000000000,1500,1500,998,1529,988,988,988,988,988,988,1500,1500,1500,1500,1500,1500,1500,1500,1500,1500,1500,1500,1500,1500,1500,1500,1500,1500,1500,1500,1500,1500,7.6
2000-01-01,00:01:23.710,-42,0,100,10,0,9,25,-36,100,10,-1,8,-1005,2,-1,-1,-1,-1,-1,-1,0x0000000000000000,1500,1500,998,1530,988,988,988,988,988,988,1500,1500,1500,1500,1500,1500,1500,1500,1500,1500,1500,1500,1500,1500,1500,1500,1500,1500,1500,1500,1500,1500,7.6
2000-01-01,00:01:23.910,-41,0,100,10,0,9,25,-34,100,10,-2,8,-1005,2,-1,-1,-1,-1,-1,-1,0x0000000000000000,1500,1500,998,1529,988,988,988,988,988,988,1500,1500,1500,1500,1500,1500,1500,1500,1500,1500,1500,1500,1500,1500,1500,1500,1500,1500,1500,1500,1500,1500,7.6
2000-01-01,00:01:24.110,-40,0,100,10,0,9,25,-41,100,11,-2,8,-1005,2,-1,-1,-1,-1,-1,-1,0x0000000000000000,1500,1500,998,1529,988,988,988,988,988,988,1500,1500,1500,1500,1500,1500,1500,1500,1500,1500,1500,1500,1500,1500,1500,1500,1500,1500,1500,1500,1500,1500,7.6
2000-01-01,00:01:24.310,-41,0,100,10,0,9,25,-34,100,10,-2,8,-1005,3,-1,-1,-1,-1,-1,-1,0x0000000000000000,1500,1500,998,1529,988,988,988,988,988,988,1500,1500,1500,1500,1500,1500,1500,1500,1500,1500,1500,1500,1500,1500,1500,1500,1500,1500,1500,1500,1500,1500,7.6
2000-01-01,00:01:24.510,-41,0,100,10,0,9,25,-36,100,11,-2,8,-1005,2,-1,-1,-1,-1,-1,-1,0x0000000000000000,1500,1500,998,1529,988,988,988,988,988,988,1500,1500,1500,1500,1500,1500,1500,1500,1500,1500,1500,1500,1500,1500,1500,1500,1500,1500,1500,1500,1500,1500,7.6
2000-01-01,00:01:24.710,-40,0,100,10,0,9,25,-34,100,10,-2,8,-1006,3,-1,-1,-1,-1,-1,-1,0x0000000000000000,1500,1500,997,1529,988,988,988,988,988,988,1500,1500,1500,1500,1500,1500,1500,1500,1500,1500,1500,1500,1500,1500,1500,1500,1500,1500,1500,1500,1500,1500,7.6
2000-01-01,00:01:24.910,-40,0,100,10,0,9,25,-34,100,10,-2,7,-1005,3,-1,-1,-1,-1,-1,-1,0x0000000000000000,1500,1500,998,1529,988,988,988,988,988,988,1500,1500,1500,1500,1500,1500,1500,1500,1500,1500,1500,1500,1500,1500,1500,1500,1500,1500,1500,1500,1500,1500,7.6
2000-01-01,00:01:25.110,-42,0,100,10,0,9,25,-39,100,11,-2,8,-1005,3,-1,-1,-1,-1,-1,-1,0x0000000000000000,1500,1500,998,1529,988,988,988,988,988,988,1500,1500,1500,1500,1500,1500,1500,1500,1500,1500,1500,1500,1500,1500,1500,1500,1500,1500,1500,1500,1500,1500,7.6
2000-01-01,00:01:25.310,-41,0,100,10,0,9,25,-43,100,10,-2,8,-1005,2,-1,-1,-1,-1,-1,-1,0x0000000000000000,1500,1500,998,1529,988,988,988,988,988,988,1500,1500,1500,1500,1500,1500,1500,1500,1500,1500,1500,1500,1500,1500,1500,1500,1500,1500,1500,1500,1500,1500,7.6
2000-01-01,00:01:25.510,-40,0,100,10,0,9,25,-36,100,7,-2,8,-1005,2,-1,-1,-1,-1,-1,-1,0x0000000000000000,1500,1500,998,1529,988,988,988,988,988,988,1500,1500,1500,1500,1500,1500,1500,1500,1500,1500,1500,1500,1500,1500,1500,1500,1500,1500,1500,1500,1500,1500,7.6
2000-01-01,00:01:25.710,-43,0,100,10,0,9,25,-34,100,10,-2,8,-1006,2,-1,-1,-1,-1,-1,-1,0x0000000000000000,1500,1500,997,1529,988,988,988,988,988,988,1500,1500,1500,1500,1500,1500,1500,1500,1500,1500,1500,1500,1500,1500,1500,1500,1500,1500,1500,1500,1500,1500,7.6
2000-01-01,00:01:25.910,-41,0,100,10,0,9,25,-40,100,11,-2,8,-1006,2,-1,-1,-1,-1,-1,-1,0x0000000000000000,1500,1500,997,1529,988,988,988,988,988,988,1500,1500,1500,1500,1500,1500,1500,1500,1500,1500,1500,1500,1500,1500,1500,1500,1500,1500,1500,1500,1500,1500,7.6
2000-01-01,00:01:26.110,-41,0,100,10,0,9,25,-40,100,11,-2,8,-1006,2,-1,-1,-1,-1,-1,-1,0x0000000000000000,1500,1500,997,1529,988,988,988,988,988,988,1500,1500,1500,1500,1500,1500,1500,1500,1500,1500,1500,1500,1500,1500,1500,1500,1500,1500,1500,1500,1500,1500,7.6
2000-01-01,00:01:26.310,-40,0,100,10,0,9,25,-33,100,10,-2,7,-1006,2,-1,-1,-1,-1,-1,-1,0x0000000000000000,1500,1500,997,1529,988,988,988,988,988,988,1500,1500,1500,1500,1500,1500,1500,1500,1500,1500,1500,1500,1500,1500,1500,1500,1500,1500,1500,1500,1500,1500,7.6
2000-01-01,00:01:26.510,-40,0,100,10,0,9,25,-36,100,12,-1,7,-1005,3,-1,-1,-1,-1,-1,-1,0x0000000000000000,1500,1500,998,1530,988,988,988,988,988,988,1500,1500,1500,1500,1500,1500,1500,1500,1500,1500,1500,1500,1500,1500,1500,1500,1500,1500,1500,1500,1500,1500,7.6
2000-01-01,00:01:26.710,-40,0,100,10,0,9,25,-34,100,10,-2,8,-1005,2,-1,-1,-1,-1,-1,-1,0x0000000000000000,1500,1500,998,1529,988,988,988,988,988,988,1500,1500,1500,1500,1500,1500,1500,1500,1500,1500,1500,1500,1500,1500,1500,1500,1500,1500,1500,1500,1500,1500,7.6
2000-01-01,00:01:26.910,-43,0,100,10,0,9,25,-39,100,11,-2,8,-1005,2,-1,-1,-1,-1,-1,-1,0x0000000000000000,1500,1500,998,1529,988,988,988,988,988,988,1500,1500,1500,1500,1500,1500,1500,1500,1500,1500,1500,1500,1500,1500,1500,1500,1500,1500,1500,1500,1500,1500,7.6
2000-01-01,00:01:27.110,-42,0,100,10,0,9,25,-43,100,11,-2,8,-1006,2,-1,-1,-1,-1,-1,-1,0x0000000000000000,1500,1500,997,1529,988,988,988,988,988,988,1500,1500,1500,1500,1500,1500,1500,1500,1500,1500,1500,1500,1500,1500,1500,1500,1500,1500,1500,1500,1500,1500,7.6
2000-01-01,00:01:27.310,-42,0,100,10,0,9,25,-43,100,11,-2,8,-1005,2,-1,-1,-1,-1,-1,-1,0x0000000000000000,1500,1500,998,1529,988,988,988,988,988,988,1500,1500,1500,1500,1500,1500,1500,1500,1500,1500,1500,1500,1500,1500,1500,1500,1500,1500,1500,1500,1500,1500,7.6
2000-01-01,00:01:27.510,-41,0,100,10,0,9,25,-36,100,11,-2,8,-1005,2,-1,-1,-1,-1,-1,-1,0x0000000000000000,1500,1500,998,1529,988,988,988,988,988,988,1500,1500,1500,1500,1500,1500,1500,1500,1500,1500,1500,1500,1500,1500,1500,1500,1500,1500,1500,1500,1500,1500,7.6
2000-01-01,00:01:27.710,-43,0,100,10,0,9,25,-33,100,11,-2,8,-1005,1,-1,-1,-1,-1,-1,-1,0x0000000000000000,1500,1500,998,1529,988,988,988,988,988,988,1500,1500,1500,1500,1500,1500,1500,1500,1500,1500,1500,1500,1500,1500,1500,1500,1500,1500,1500,1500,1500,1500,7.6
2000-01-01,00:01:27.910,-41,0,100,10,0,9,25,-40,100,11,-2,8,-1005,2,-1,-1,-1,-1,-1,-1,0x0000000000000000,1500,1500,998,1529,988,988,988,988,988,988,1500,1500,1500,1500,1500,1500,1500,1500,1500,1500,1500,1500,1500,1500,1500,1500,1500,1500,1500,1500,1500,1500,7.6
2000-01-01,00:01:28.110,-40,0,100,10,0,9,25,-34,100,11,-2,8,-1005,2,-1,-1,-1,-1,-1,-1,0x0000000000000000,1500,1500,998,1529,988,988,988,988,988,988,1500,1500,1500,1500,1500,1500,1500,1500,1500,1500,1500,1500,1500,1500,1500,1500,1500,1500,1500,1500,1500,1500,7.6
2000-01-01,00:01:28.310,-43,0,100,10,0,9,25,-36,100,10,-2,8,-1005,2,-1,-1,-1,-1,-1,-1,0x0000000000000000,1500,1500,998,1529,988,988,988,988,988,988,1500,1500,1500,1500,1500,1500,1500,1500,1500,1500,1500,1500,1500,1500,1500,1500,1500,1500,1500,1500,1500,1500,7.6
2000-01-01,00:01:28.510,-43,0,100,10,0,9,25,-36,100,10,-2,7,-1006,2,-1,-1,-1,-1,-1,-1,0x0000000000000000,1500,1500,997,1529,988,988,988,988,988,988,1500,1500,1500,1500,1500,1500,1500,1500,1500,1500,1500,1500,1500,1500,1500,1500,1500,1500,1500,1500,1500,1500,7.6
2000-01-01,00:01:28.710,-41,0,100,10,0,9,25,-34,100,11,-2,8,-1006,2,-1,-1,-1,-1,-1,-1,0x0000000000000000,1500,1500,997,1529,988,988,988,988,988,988,1500,1500,1500,1500,1500,1500,1500,1500,1500,1500,1500,1500,1500,1500,1500,1500,1500,1500,1500,1500,1500,1500,7.6
2000-01-01,00:01:28.910,-44,0,100,10,0,9,25,-38,100,11,-2,7,-1006,2,-1,-1,-1,-1,-1,-1,0x0000000000000000,1500,1500,997,1529,988,988,988,988,988,988,1500,1500,1500,1500,1500,1500,1500,1500,1500,1500,1500,1500,1500,1500,1500,1500,1500,1500,1500,1500,1500,1500,7.6
2000-01-01,00:01:29.110,-43,0,100,10,0,9,25,-42,100,11,-2,8,-1005,2,-1,-1,-1,-1,-1,-1,0x0000000000000000,1500,1500,998,1530,988,988,988,988,988,988,1500,1500,1500,1500,1500,1500,1500,1500,1500,1500,1500,1500,1500,1500,1500,1500,1500,1500,1500,1500,1500,1500,7.6
2000-01-01,00:01:29.310,-41,0,100,10,0,9,25,-36,100,11,-1,8,-1005,2,-1,-1,-1,-1,-1,-1,0x0000000000000000,1500,1500,998,1530,988,988,988,988,988,988,1500,1500,1500,1500,1500,1500,1500,1500,1500,1500,1500,1500,1500,1500,1500,1500,1500,1500,1500,1500,1500,1500,7.6
2000-01-01,00:01:29.510,-42,0,100,10,0,9,25,-34,100,11,-1,8,-1005,1,-1,-1,-1,-1,-1,-1,0x0000000000000000,1500,1500,998,1530,988,988,988,988,988,988,1500,1500,1500,1500,1500,1500,1500,1500,1500,1500,1500,1500,1500,1500,1500,1500,1500,1500,1500,1500,1500,1500,7.6
2000-01-01,00:01:29.710,-42,0,100,10,0,9,25,-34,100,11,-2,7,-1005,2,-1,-1,-1,-1,-1,-1,0x0000000000000000,1500,1500,998,1529,988,988,988,988,988,988,1500,1500,1500,1500,1500,1500,1500,1500,1500,1500,1500,1500,1500,1500,1500,1500,1500,1500,1500,1500,1500,1500,7.6
2000-01-01,00:01:29.910,-42,0,100,10,0,9,25,-40,100,11,-1,8,-1005,2,-1,-1,-1,-1,-1,-1,0x0000000000000000,1500,1500,998,1530,988,988,988,988,988,988,1500,1500,1500,1500,1500,1500,1500,1500,1500,1500,1500,1500,1500,1500,1500,1500,1500,1500,1500,1500,1500,1500,7.6
2000-01-01,00:01:30.110,-41,0,100,10,0,9,25,-34,100,11,-2,8,-1005,2,-1,-1,-1,-1,-1,-1,0x0000000000000000,1500,1500,998,1529,988,988,988,988,988,988,1500,1500,1500,1500,1500,1500,1500,1500,1500,1500,1500,1500,1500,1500,1500,1500,1500,1500,1500,1500,1500,1500,7.6
2000-01-01,00:01:30.310,-43,0,100,10,0,9,25,-37,100,11,-2,8,-1005,2,-1,-1,-1,-1,-1,-1,0x0000000000000000,1500,1500,998,1529,988,988,988,988,988,988,1500,1500,1500,1500,1500,1500,1500,1500,1500,1500,1500,1500,1500,1500,1500,1500,1500,1500,1500,1500,1500,1500,7.6
2000-01-01,00:01:30.510,-44,0,100,10,0,9,25,-34,100,11,-2,8,-1005,2,-1,-1,-1,-1,-1,-1,0x0000000000000000,1500,1500,998,1529,988,988,988,988,988,988,1500,1500,1500,1500,1500,1500,1500,1500,1500,1500,1500,1500,1500,1500,1500,1500,1500,1500,1500,1500,1500,1500,7.6
2000-01-01,00:01:30.710,-43,0,100,10,0,9,25,-39,100,11,-1,7,-1005,2,-1,-1,-1,-1,-1,-1,0x0000000000000000,1500,1500,998,1530,988,988,988,988,988,988,1500,1500,1500,1500,1500,1500,1500,1500,1500,1500,1500,1500,1500,1500,1500,1500,1500,1500,1500,1500,1500,1500,7.6
2000-01-01,00:01:30.910,-43,0,100,10,0,9,25,-39,100,11,-1,8,-1004,1,-1,-1,-1,-1,-1,-1,0x0000000000000000,1500,1500,998,1530,988,988,988,988,988,988,1500,1500,1500,1500,1500,1500,1500,1500,1500,1500,1500,1500,1500,1500,1500,1500,1500,1500,1500,1500,1500,1500,7.6
2000-01-01,00:01:31.110,-42,0,100,10,0,9,25,-42,100,11,-1,8,-1005,2,-1,-1,-1,-1,-1,-1,0x0000000000000000,1500,1500,998,1530,988,988,988,988,988,988,1500,1500,1500,1500,1500,1500,1500,1500,1500,1500,1500,1500,1500,1500,1500,1500,1500,1500,1500,1500,1500,1500,7.6
2000-01-01,00:01:31.310,-43,0,100,10,0,9,25,-35,100,10,-2,8,-1005,2,-1,-1,-1,-1,-1,-1,0x0000000000000000,1500,1500,998,1529,988,988,988,988,988,988,1500,1500,1500,1500,1500,1500,1500,1500,1500,1500,1500,1500,1500,1500,1500,1500,1500,1500,1500,1500,1500,1500,7.6
2000-01-01,00:01:31.510,-40,0,100,10,0,9,25,-33,100,11,-2,8,-1005,2,-1,-1,-1,-1,-1,-1,0x0000000000000000,1500,1500,998,1529,988,988,988,988,988,988,1500,1500,1500,1500,1500,1500,1500,1500,1500,1500,1500,1500,1500,1500,1500,1500,1500,1500,1500,1500,1500,1500,7.6
2000-01-01,00:01:31.710,-41,0,100,10,0,9,25,-39,100,10,-2,7,-1006,2,-1,-1,-1,-1,-1,-1,0x0000000000000000,1500,1500,997,1529,988,988,988,988,988,988,1500,1500,1500,1500,1500,1500,1500,1500,1500,1500,1500,1500,1500,1500,1500,1500,1500,1500,1500,1500,1500,1500,7.6
2000-01-01,00:01:31.910,-40,0,100,10,0,9,25,-33,100,10,-2,8,-1005,2,-1,-1,-1,-1,-1,-1,0x0000000000000000,1500,1500,998,1529,988,988,988,988,988,988,1500,1500,1500,1500,1500,1500,1500,1500,1500,1500,1500,1500,1500,1500,1500,1500,1500,1500,1500,1500,1500,1500,7.6
2000-01-01,00:01:32.110,-40,0,100,10,0,9,25,-33,100,10,-1,9,-1006,1,-1,-1,-1,-1,-1,-1,0x0000000000000000,1500,1500,997,1530,988,988,988,988,988,988,1500,1500,1500,1500,1500,1500,1500,1500,1500,1500,1500,1500,1500,1500,1500,1500,1500,1500,1500,1500,1500,1500,7.6
2000-01-01,00:01:32.310,-43,0,100,10,0,9,25,-36,100,10,-1,8,-1005,2,-1,-1,-1,-1,-1,-1,0x0000000000000000,1500,1500,998,1530,988,988,988,988,988,988,1500,1500,1500,1500,1500,1500,1500,1500,1500,1500,1500,1500,1500,1500,1500,1500,1500,1500,1500,1500,1500,1500,7.6
2000-01-01,00:01:32.510,-43,0,100,9,0,9,25,-34,100,11,-2,8,-1005,2,-1,-1,-1,-1,-1,-1,0x0000000000000000,1500,1500,998,1529,988,988,988,988,988,988,1500,1500,1500,1500,1500,1500,1500,1500,1500,1500,1500,1500,1500,1500,1500,1500,1500,1500,1500,1500,1500,1500,7.6
2000-01-01,00:01:32.710,-44,0,100,10,0,9,25,-38,100,10,-1,8,-1005,1,-1,-1,-1,-1,-1,-1,0x0000000000000000,1500,1500,998,1530,988,988,988,988,988,988,1500,1500,1500,1500,1500,1500,1500,1500,1500,1500,1500,1500,1500,1500,1500,1500,1500,1500,1500,1500,1500,1500,7.6
2000-01-01,00:01:32.910,-41,0,100,10,0,9,25,-42,100,11,-2,8,-1005,2,-1,-1,-1,-1,-1,-1,0x0000000000000000,1500,1500,998,1529,988,988,988,988,988,988,1500,1500,1500,1500,1500,1500,1500,1500,1500,1500,1500,1500,1500,1500,1500,1500,1500,1500,1500,1500,1500,1500,7.6
2000-01-01,00:01:33.110,-42,0,100,10,0,9,25,-35,100,7,0,9,-1005,2,-1,-1,-1,-1,-1,-1,0x0000000000000000,1500,1500,998,1530,988,988,988,988,988,988,1500,1500,1500,1500,1500,1500,1500,1500,1500,1500,1500,1500,1500,1500,1500,1500,1500,1500,1500,1500,1500,1500,7.6
2000-01-01,00:01:33.310,-42,0,100,10,0,9,25,-35,100,7,-2,8,-1005,2,-1,-1,-1,-1,-1,-1,0x0000000000000000,1500,1500,998,1529,988,988,988,988,988,988,1500,1500,1500,1500,1500,1500,1500,1500,1500,1500,1500,1500,1500,1500,1500,1500,1500,1500,1500,1500,1500,1500,7.6
2000-01-01,00:01:33.510,-42,0,100,10,0,9,25,-33,100,10,-1,8,-1005,2,-1,-1,-1,-1,-1,-1,0x0000000000000000,1500,1500,998,1530,988,988,988,988,988,988,1500,1500,1500,1500,1500,1500,1500,1500,1500,1500,1500,1500,1500,1500,1500,1500,1500,1500,1500,1500,1500,1500,7.6
2000-01-01,00:01:33.710,-44,0,100,10,0,9,25,-39,100,10,-2,8,-1005,2,-1,-1,-1,-1,-1,-1,0x0000000000000000,1500,1500,998,1529,988,988,988,988,988,988,1500,1500,1500,1500,1500,1500,1500,1500,1500,1500,1500,1500,1500,1500,1500,1500,1500,1500,1500,1500,1500,1500,7.6
2000-01-01,00:01:33.910,-43,0,100,10,0,9,25,-33,100,10,-1,8,-1006,2,-1,-1,-1,-1,-1,-1,0x0000000000000000,1500,1500,997,1530,988,988,988,988,988,988,1500,1500,1500,1500,1500,1500,1500,1500,1500,1500,1500,1500,1500,1500,1500,1500,1500,1500,1500,1500,1500,1500,7.6
2000-01-01,00:01:34.110,-42,0,100,10,0,9,25,-36,100,10,-2,8,-1005,2,-1,-1,-1,-1,-1,-1,0x0000000000000000,1500,1500,998,1529,988,988,988,988,988,988,1500,1500,1500,1500,1500,1500,1500,1500,1500,1500,1500,1500,1500,1500,1500,1500,1500,1500,1500,1500,1500,1500,7.6
2000-01-01,00:01:34.310,-43,0,100,10,0,9,25,-33,100,10,-2,8,-1005,2,-1,-1,-1,-1,-1,-1,0x0000000000000000,1500,1500,998,1529,988,988,988,988,988,988,1500,1500,1500,1500,1500,1500,1500,1500,1500,1500,1500,1500,1500,1500,1500,1500,1500,1500,1500,1500,1500,1500,7.6
2000-01-01,00:01:34.510,-43,0,100,10,0,9,25,-33,100,10,-2,8,-1005,2,-1,-1,-1,-1,-1,-1,0x0000000000000000,1500,1500,998,1529,988,988,988,988,988,988,1500,1500,1500,1500,1500,1500,1500,1500,1500,1500,1500,1500,1500,1500,1500,1500,1500,1500,1500,1500,1500,1500,7.6
2000-01-01,00:01:34.710,-42,0,100,10,0,9,25,-38,100,10,-2,8,-1005,2,-1,-1,-1,-1,-1,-1,0x0000000000000000,1500,1500,998,1529,988,988,988,988,988,988,1500,1500,1500,1500,1500,1500,1500,1500,1500,1500,1500,1500,1500,1500,1500,1500,1500,1500,1500,1500,1500,1500,7.6
2000-01-01,00:01:34.910,-2,8,-1005,2,-1,-1,-1,-1,-1,-1,0x0000000000000000,1500,1500,998,1529,988,988,988,988,988,988,1500,1500,1500,1500,1500,1500,1500,1500,1500,1500,1500,1500,1500,1500,1500,1500,1500,1500,1500,1500,1500,1500,7.6
2000-01-01,00:01:35.110,-2,8,-1005,3,-1,-1,-1,-1,-1,-1,0x0000000000000000,1500,1500,998,1529,988,988,988,988,988,988,1500,1500,1500,1500,1500,1500,1500,1500,1500,1500,1500,1500,1500,1500,1500,1500,1500,1500,1500,1500,1500,1500,7.6
2000-01-01,00:01:35.310,-2,8,-1005,2,-1,-1,-1,-1,-1,-1,0x0000000000000000,1500,1500,998,1529,988,988,988,988,988,988,1500,1500,1500,1500,1500,1500,1500,1500,1500,1500,1500,1500,1500,1500,1500,1500,1500,1500,1500,1500,1500,1500,7.6
2000-01-01,00:01:35.510,-2,8,-1005,2,-1,-1,-1,-1,-1,-1,0x0000000000000000,1500,1500,998,1529,988,988,988,988,988,988,1500,1500,1500,1500,1500,1500,1500,1500,1500,1500,1500,1500,1500,1500,1500,1500,1500,1500,1500,1500,1500,1500,7.6
2000-01-01,00:01:35.710,-1,8,-1005,2,-1,-1,-1,-1,-1,-1,0x0000000000000000,1500,1500,998,1530,988,988,988,988,988,988,1500,1500,1500,1500,1500,1500,1500,1500,1500,1500,1500,1500,1500,1500,1500,1500,1500,1500,1500,1500,1500,1500,7.6
2000-01-01,00:01:35.910,-2,8,-1005,2,-1,-1,-1,-1,-1,-1,0x0000000000000000,1500,1500,998,1529,988,988,988,988,988,988,1500,1500,1500,1500,1500,1500,1500,1500,1500,1500,1500,1500,1500,1500,1500,1500,1500,1500,1500,1500,1500,1500,7.6
2000-01-01,00:01:36.110,-2,8,-1005,2,-1,-1,-1,-1,-1,-1,0x0000000000000000,1500,1500,998,1529,988,988,988,988,988,988,1500,1500,1500,1500,1500,1500,1500,1500,1500,1500,1500,1500,1500,1500,1500,1500,1500,1500,1500,1500,1500,1500,7.6
2000-01-01,00:01:36.310,-2,8,-1006,2,-1,-1,-1,-1,-1,-1,0x0000000000000000,1500,1500,997,1529,988,988,988,988,988,988,1500,1500,1500,1500,1500,1500,1500,1500,1500,1500,1500,1500,1500,1500,1500,1500,1500,1500,1500,1500,1500,1500,7.6
2000-01-01,00:01:36.510,-2,7,-1005,2,-1,-1,-1,-1,-1,-1,0x0000000000000000,1500,1500,998,1529,988,988,988,988,988,988,1500,1500,1500,1500,1500,1500,1500,1500,1500,1500,1500,1500,1500,1500,1500,1500,1500,1500,1500,1500,1500,1500,7.6
2000-01-01,00:01:36.710,-2,8,-1005,3,-1,-1,-1,-1,-1,-1,0x0000000000000000,1500,1500,998,1529,988,988,988,988,988,988,1500,1500,1500,1500,1500,1500,1500,1500,1500,1500,1500,1500,1500,1500,1500,1500,1500,1500,1500,1500,1500,1500,7.6
2000-01-01,00:01:36.910,-2,8,-1006,2,-1,-1,-1,-1,-1,-1,0x0000000000000000,1500,1500,997,1529,988,988,988,988,988,988,1500,1500,1500,1500,1500,1500,1500,1500,1500,1500,1500,1500,1500,1500,1500,1500,1500,1500,1500,1500,1500,1500,7.6
2000-01-01,00:01:37.110,-1,8,-1005,2,-1,-1,-1,-1,-1,-1,0x0000000000000000,1500,1500,998,1530,988,988,988,988,988,988,1500,1500,1500,1500,1500,1500,1500,1500,1500,1500,1500,1500,1500,1500,1500,1500,1500,1500,1500,1500,1500,1500,7.6
2000-01-01,00:01:37.310,"AIR*",8.2,0.5,5,72,-0.01,0.00,-0.05,-2,8,-1005,2,-1,-1,-1,-1,-1,-1,0x0000000000000000,1500,1500,998,1529,988,988,988,988,988,988,1500,1500,1500,1500,1500,1500,1500,1500,1500,1500,1500,1500,1500,1500,1500,1500,1500,1500,1500,1500,1500,1500,7.6
2000-01-01,00:01:37.510,"AIR*",8.2,0.5,5,72,-0.01,0.00,-0.05,-43,0,100,10,0,9,25,-40,100,10,-2,8,-1005,2,-1,-1,-1,-1,-1,-1,0x0000000000000000,1500,1500,998,1529,988,988,988,988,988,988,1500,1500,1500,1500,1500,1500,1500,1500,1500,1500,1500,1500,1500,1500,1500,1500,1500,1500,1500,1500,1500,1500,7.6
2000-01-01,00:01:37.710,"AIR*",8.2,0.5,5,72,-0.01,0.00,-0.05,-42,0,100,10,0,9,25,-33,100,10,-2,8,-1005,2,-1,-1,-1,-1,-1,-1,0x0000000000000000,1500,1500,998,1529,988,988,988,988,988,988,1500,1500,1500,1500,1500,1500,1500,1500,1500,1500,1500,1500,1500,1500,1500,1500,1500,1500,1500,1500,1500,1500,7.6
2000-01-01,00:01:37.910,"AIR*",8.2,0.5,5,72,-0.01,0.00,-0.05,-44,0,100,10,0,9,25,-35,100,10,-1,9,-1006,2,-1,-1,-1,-1,-1,-1,0x0000000000000000,1500,1500,997,1530,988,988,988,988,988,988,1500,1500,1500,1500,1500,1500,1500,1500,1500,1500,1500,1500,1500,1500,1500,1500,1500,1500,1500,1500,1500,1500,7.6
2000-01-01,00:01:38.110,"AIR*",8.2,0.5,5,72,-0.01,0.00,-0.05,-44,0,100,10,0,9,25,-35,100,10,-2,8,-1005,2,-1,-1,-1,-1,-1,-1,0x0000000000000000,1500,1500,998,1529,988,988,988,988,988,988,1500,1500,1500,1500,1500,1500,1500,1500,1500,1500,1500,1500,1500,1500,1500,1500,1500,1500,1500,1500,1500,1500,7.6
2000-01-01,00:01:38.310,"AIR*",8.2,0.5,5,72,-0.01,0.00,-0.05,-44,0,100,10,0,9,25,-33,100,10,-2,8,-1005,3,-1,-1,-1,-1,-1,-1,0x0000000000000000,1500,1500,998,1529,988,988,988,988,988,988,1500,1500,1500,1500,1500,1500,1500,1500,1500,1500,1500,1500,1500,1500,1500,1500,1500,1500,1500,1500,1500,1500,7.6
2000-01-01,00:01:38.510,"AIR*",8.2,0.5,5,72,-0.01,0.00,-0.05,-41,0,100,10,0,9,25,-38,100,11,-1,8,-1005,2,-1,-1,-1,-1,-1,-1,0x0000000000000000,1500,1500,998,1530,988,988,988,988,988,988,1500,1500,1500,1500,1500,1500,1500,1500,1500,1500,1500,1500,1500,1500,1500,1500,1500,1500,1500,1500,1500,1500,7.6
2000-01-01,00:01:38.710,"AIR*",8.2,0.5,5,72,-0.01,0.00,-0.05,-40,0,100,10,0,9,25,-43,100,10,-1,8,-1005,2,-1,-1,-1,-1,-1,-1,0x0000000000000000,1500,1500,998,1530,988,988,988,988,988,988,1500,1500,1500,1500,1500,1500,1500,1500,1500,1500,1500,1500,1500,1500,1500,1500,1500,1500,1500,1500,1500,1500,7.6
2000-01-01,00:01:38.910,"AIR*",8.2,0.5,5,72,-0.01,0.00,-0.05,-39,0,100,10,0,9,25,-35,100,11,-2,9,-1005,2,-1,-1,-1,-1,-1,-1,0x0000000000000000,1500,1500,998,1529,988,988,988,988,988,988,1500,1500,1500,1500,1500,1500,1500,1500,1500,1500,1500,1500,1500,1500,1500,1500,1500,1500,1500,1500,1500,1500,7.6
2000-01-01,00:01:39.110,"AIR*",8.2,0.5,5,71,-0.01,0.00,-0.05,-39,0,100,10,0,9,25,-33,100,10,-2,8,-1005,2,-1,-1,-1,-1,-1,-1,0x0000000000000000,1500,1500,998,1529,988,988,988,988,988,988,1500,1500,1500,1500,1500,1500,1500,1500,1500,1500,1500,1500,1500,1500,1500,1500,1500,1500,1500,1500,1500,1500,7.6
2000-01-01,00:01:39.310,"AIR*",8.2,0.5,5,71,-0.01,0.00,-0.05,-39,0,100,10,0,9,25,-33,100,10,-2,8,-1005,3,-1,-1,-1,-1,-1,-1,0x0000000000000000,1500,1500,998,1529,988,988,988,988,988,988,1500,1500,1500,1500,1500,1500,1500,1500,1500,1500,1500,1500,1500,1500,1500,1500,1500,1500,1500,1500,1500,1500,7.6
2000-01-01,00:01:39.510,"AIR*",8.2,0.5,5,71,-0.01,0.00,-0.05,-40,0,100,10,0,9,25,-40,100,11,-2,8,-1005,3,-1,-1,-1,-1,-1,-1,0x0000000000000000,1500,1500,998,1529,988,988,988,988,988,988,1500,1500,1500,1500,1500,1500,1500,1500,1500,1500,1500,1500,1500,1500,1500,1500,1500,1500,1500,1500,1500,1500,7.6
2000-01-01,00:01:39.710,"AIR*",8.2,0.5,5,71,-0.01,0.00,-0.05,-43,0,100,10,0,9,25,-33,100,10,-2,8,-1005,2,-1,-1,-1,-1,-1,-1,0x0000000000000000,1500,1500,998,1529,988,988,988,988,988,988,1500,1500,1500,1500,1500,1500,1500,1500,1500,1500,1500,1500,1500,1500,1500,1500,1500,1500,1500,1500,1500,1500,7.6
2000-01-01,00:01:39.910,"AIR*",8.2,0.5,5,71,-0.01,0.00,-0.05,-42,0,100,10,0,9,25,-35,100,10,-2,8,-1005,2,-1,-1,-1,-1,-1,-1,0x0000000000000000,1500,1500,998,1529,988,988,988,988,988,988,1500,1500,1500,1500,1500,1500,1500,1500,1500,1500,1500,1500,1500,1500,1500,1500,1500,1500,1500,1500,1500,1500,7.6
2000-01-01,00:01:40.110,"AIR*",8.2,0.5,5,71,-0.01,0.00,-0.05,-44,0,100,10,0,9,25,-33,100,10,-2,7,-1005,2,-1,-1,-1,-1,-1,-1,0x0000000000000000,1500,1500,998,1529,988,988,988,988,988,988,1500,1500,1500,1500,1500,1500,1500,1500,1500,1500,1500,1500,1500,1500,1500,1500,1500,1500,1500,1500,1500,1500,7.6
2000-01-01,00:01:40.310,"AIR*",8.2,0.5,5,71,-0.01,0.00,-0.05,-44,0,100,10,0,9,25,-38,100,10,-2,8,-1005,3,-1,-1,-1,-1,-1,-1,0x0000000000000000,1500,1500,998,1529,988,988,988,988,988,988,1500,1500,1500,1500,1500,1500,1500,1500,1500,1500,1500,1500,1500,1500,1500,1500,1500,1500,1500,1500,1500,1500,7.6
2000-01-01,00:01:40.510,"AIR*",8.2,0.5,5,71,-0.01,0.00,-0.05,-44,0,100,10,0,9,25,-38,100,10,-2,7,-1005,3,-1,-1,-1,-1,-1,-1,0x0000000000000000,1500,1500,998,1529,988,988,988,988,988,988,1500,1500,1500,1500,1500,1500,1500,1500,1500,1500,1500,1500,1500,1500,1500,1500,1500,1500,1500,1500,1500,1500,7.6
2000-01-01,00:01:40.710,"AIR*",8.2,0.5,5,71,-0.01,0.00,-0.05,-42,0,100,10,0,9,25,-42,100,10,-1,8,-1005,2,-1,-1,-1,-1,-1,-1,0x0000000000000000,1500,1500,998,1530,988,988,988,988,988,988,1500,1500,1500,1500,1500,1500,1500,1500,1500,1500,1500,1500,1500,1500,1500,1500,1500,1500,1500,1500,1500,1500,7.6
2000-01-01,00:01:40.910,"AIR*",8.2,0.5,5,71,-0.01,0.00,-0.05,-39,0,100,10,0,9,25,-34,100,8,-3,8,-1005,2,-1,-1,-1,-1,-1,-1,0x0000000000000000,1500,1500,998,1529,988,988,988,988,988,988,1500,1500,1500,1500,1500,1500,1500,1500,1500,1500,1500,1500,1500,1500,1500,1500,1500,1500,1500,1500,1500,1500,7.6
2000-01-01,00:01:41.110,"AIR*",8.2,0.5,5,71,-0.01,0.00,-0.05,-39,0,100,10,0,9,25,-33,100,11,-2,8,-1005,2,-1,-1,-1,-1,-1,-1,0x0000000000000000,1500,1500,998,1529,988,988,988,988,988,988,1500,1500,1500,1500,1500,1500,1500,1500,1500,1500,1500,1500,1500,1500,1500,1500,1500,1500,1500,1500,1500,1500,7.6
2000-01-01,00:01:41.310,"AIR*",8.2,0.5,5,71,-0.01,0.00,-0.05,-39,0,100,10,0,9,25,-39,100,10,-1,7,-1005,2,-1,-1,-1,-1,-1,-1,0x0000000000000000,1500,1500,998,1530,988,988,988,988,988,988,1500,1500,1500,1500,1500,1500,1500,1500,1500,1500,1500,1500,1500,1500,1500,1500,1500,1500,1500,1500,1500,1500,7.6
2000-01-01,00:01:41.510,"AIR*",8.2,0.5,5,71,-0.01,0.00,-0.05,-42,0,100,10,0,9,25,-33,100,10,-2,8,-1005,2,-1,-1,-1,-1,-1,-1,0x0000000000000000,1500,1500,998,1529,988,988,988,988,988,988,1500,1500,1500,1500,1500,1500,1500,1500,1500,1500,1500,1500,1500,1500,1500,1500,1500,1500,1500,1500,1500,1500,7.6
2000-01-01,00:01:41.710,"AIR*",8.2,0.5,6,71,-0.01,0.00,-0.05,-42,0,100,10,0,9,25,-33,100,10,-2,8,-1005,3,-1,-1,-1,-1,-1,-1,0x0000000000000000,1500,1500,998,1529,988,988,988,988,988,988,1500,1500,1500,1500,1500,1500,1500,1500,1500,1500,1500,1500,1500,1500,1500,1500,1500,1500,1500,1500,1500,1500,7.6
2000-01-01,00:01:41.910,"AIR*",8.2,0.5,6,71,-0.01,0.00,-0.05,-40,0,100,10,0,9,25,-35,100,11,-2,7,-1005,2,-1,-1,-1,-1,-1,-1,0x0000000000000000,1500,1500,998,1529,988,988,988,988,988,988,1500,1500,1500,1500,1500,1500,1500,1500,1500,1500,1500,1500,1500,1500,1500,1500,1500,1500,1500,1500,1500,1500,7.6
2000-01-01,00:01:42.110,"AIR*",8.2,0.5,6,71,-0.01,0.00,-0.05,-42,0,100,10,0,9,25,-33,100,9,-2,8,-1005,2,-1,-1,-1,-1,-1,-1,0x0000000000000000,1500,1500,998,1529,988,988,988,988,988,988,1500,1500,1500,1500,1500,1500,1500,1500,1500,1500,1500,1500,1500,1500,1500,1500,1500,1500,1500,1500,1500,1500,7.6
2000-01-01,00:01:42.310,"AIR*",8.2,0.5,6,71,-0.01,0.00,-0.05,-43,0,100,10,0,9,25,-39,100,10,-2,7,-1005,2,-1,-1,-1,-1,-1,-1,0x0000000000000000,1500,1500,998,1529,988,988,988,988,988,988,1500,1500,1500,1500,1500,1500,1500,1500,1500,1500,1500,1500,1500,1500,1500,1500,1500,1500,1500,1500,1500,1500,7.6
2000-01-01,00:01:42.510,"AIR*",8.2,0.5,6,71,-0.01,0.00,-0.05,-41,0,100,10,0,9,25,-42,100,10,-2,8,-1005,2,-1,-1,-1,-1,-1,-1,0x0000000000000000,1500,1500,998,1529,988,988,988,988,988,988,1500,1500,1500,1500,1500,1500,1500,1500,1500,1500,1500,1500,1500,1500,1500,1500,1500,1500,1500,1500,1500,1500,7.6
2000-01-01,00:01:42.710,"AIR*",8.2,0.5,6,71,-0.01,0.00,-0.05,-40,0,100,10,0,9,25,-35,100,10,-1,7,-1005,2,-1,-1,-1,-1,-1,-1,0x0000000000000000,1500,1500,998,1530,988,988,988,988,988,988,1500,1500,1500,1500,1500,1500,1500,1500,1500,1500,1500,1500,1500,1500,1500,1500,1500,1500,1500,1500,1500,1500,7.6
2000-01-01,00:01:42.910,"AIR*",8.2,0.5,6,71,-0.01,0.00,-0.05,-40,0,100,10,0,9,25,-35,100,10,-2,8,-1006,3,-1,-1,-1,-1,-1,-1,0x0000000000000000,1500,1500,997,1529,988,988,988,988,988,988,1500,1500,1500,1500,1500,1500,1500,1500,1500,1500,1500,1500,1500,1500,1500,1500,1500,1500,1500,1500,1500,1500,7.6
2000-01-01,00:01:43.110,"AIR*",8.2,0.5,6,71,-0.01,0.00,-0.05,-40,0,100,10,0,9,25,-33,100,11,-2,8,-1005,2,-1,-1,-1,-1,-1,-1,0x0000000000000000,1500,1500,998,1529,988,988,988,988,988,988,1500,1500,1500,1500,1500,1500,1500,1500,1500,1500,1500,1500,1500,1500,1500,1500,1500,1500,1500,1500,1500,1500,7.6
2000-01-01,00:01:43.310,"AIR*",8.2,0.5,6,71,-0.01,0.00,-0.05,-39,0,100,10,0,9,25,-39,100,11,-1,8,-1005,1,-1,-1,-1,-1,-1,-1,0x0000000000000000,1500,1500,998,1530,988,988,988,988,988,988,1500,1500,1500,1500,1500,1500,1500,1500,1500,1500,1500,1500,1500,1500,1500,1500,1500,1500,1500,1500,1500,1500,7.6
2000-01-01,00:01:43.510,"AIR*",8.2,0.5,6,71,-0.01,0.00,-0.05,-44,0,100,10,0,9,25,-33,100,10,-2,8,-1006,2,-1,-1,-1,-1,-1,-1,0x0000000000000000,1500,1500,997,1529,988,988,988,988,988,988,1500,1500,1500,1500,1500,1500,1500,1500,1500,1500,1500,1500,1500,1500,1500,1500,1500,1500,1500,1500,1500,1500,7.6
2000-01-01,00:01:43.710,"AIR*",8.2,0.5,6,71,-0.01,0.00,-0.05,-41,0,100,10,0,9,25,-35,100,10,-2,8,-1005,2,-1,-1,-1,-1,-1,-1,0x0000000000000000,1500,1500,998,1529,988,988,988,988,988,988,1500,1500,1500,1500,1500,1500,1500,1500,1500,1500,1500,1500,1500,1500,1500,1500,1500,1500,1500,1500,1500,1500,7.6
2000-01-01,00:01:43.910,"AIR*",8.2,0.5,6,71,-0.01,0.00,-0.05,-40,0,100,10,0,9,25,-33,100,10,-2,7,-1005,2,-1,-1,-1,-1,-1,-1,0x0000000000000000,1500,1500,998,1529,988,988,988,988,988,988,1500,1500,1500,1500,1500,1500,1500,1500,1500,1500,1500,1500,1500,1500,1500,1500,1500,1500,1500,1500,1500,1500,7.6
2000-01-01,00:01:44.110,"AIR*",8.2,0.5,6,71,-0.01,0.00,-0.05,-40,0,100,10,0,9,25,-33,100,10,-1,8,-1006,2,-1,-1,-1,-1,-1,-1,0x0000000000000000,1500,1500,997,1530,988,988,988,988,988,988,1500,1500,1500,1500,1500,1500,1500,1500,1500,1500,1500,1500,1500,1500,1500,1500,1500,1500,1500,1500,1500,1500,7.6
2000-01-01,00:01:44.310,"AIR*",8.2,0.5,6,71,-0.01,0.00,-0.05,-42,0,100,10,0,9,25,-38,100,10,-1,8,-1005,2,-1,-1,-1,-1,-1,-1,0x0000000000000000,1500,1500,998,1530,988,988,988,988,988,988,1500,1500,1500,1500,1500,1500,1500,1500,1500,1500,1500,1500,1500,1500,1500,1500,1500,1500,1500,1500,1500,1500,7.6
2000-01-01,00:01:44.510,"AIR*",8.2,0.5,6,71,-0.01,0.00,-0.05,-40,0,100,10,0,9,25,-42,100,10,-1,8,-1006,1,-1,-1,-1,-1,-1,-1,0x0000000000000000,1500,1500,997,1530,988,988,988,988,988,988,1500,1500,1500,1500,1500,1500,1500,1500,1500,1500,1500,1500,1500,1500,1500,1500,1500,1500,1500,1500,1500,1500,7.6
2000-01-01,00:01:44.710,"AIR*",8.2,0.5,6,71,-0.01,0.00,-0.05,-40,0,100,10,0,9,25,-35,100,10,-1,8,-1005,2,-1,-1,-1,-1,-1,-1,0x0000000000000000,1500,1500,998,1530,988,988,988,988,988,988,1500,1500,1500,1500,1500,1500,1500,1500,1500,1500,1500,1500,1500,1500,1500,1500,1500,1500,1500,1500,1500,1500,7.6
2000-01-01,00:01:44.910,"AIR*",8.2,0.5,6,71,-0.01,0.00,-0.05,-41,0,100,10,0,9,25,-33,100,10,-1,8,-1005,3,-1,-1,-1,-1,-1,-1,0x0000000000000000,1500,1500,998,1530,988,988,988,988,988,988,1500,1500,1500,1500,1500,1500,1500,1500,1500,1500,1500,1500,1500,1500,1500,1500,1500,1500,1500,1500,1500,1500,7.6
2000-01-01,00:01:45.110,"AIR*",8.2,0.5,6,71,-0.01,0.00,-0.05,-40,0,100,10,0,9,25,-39,100,10,-1,9,-1005,1,-1,-1,-1,-1,-1,-1,0x0000000000000000,1500,1500,998,1530,988,988,988,988,988,988,1500,1500,1500,1500,1500,1500,1500,1500,1500,1500,1500,1500,1500,1500,1500,1500,1500,1500,1500,1500,1500,1500,7.6
2000-01-01,00:01:45.310,"AIR*",8.2,0.5,6,71,-0.01,0.00,-0.05,-40,0,100,10,0,9,25,-39,100,10,-2,8,-1006,3,-1,-1,-1,-1,-1,-1,0x0000000000000000,1500,1500,997,1529,988,988,988,988,988,988,1500,1500,1500,1500,1500,1500,1500,1500,1500,1500,1500,1500,1500,1500,1500,1500,1500,1500,1500,1500,1500,1500,7.6
2000-01-01,00:01:45.510,"AIR*",8.2,0.5,6,71,-0.01,0.00,-0.05,-44,0,100,10,0,9,25,-33,100,12,-2,8,-1005,2,-1,-1,-1,-1,-1,-1,0x0000000000000000,1500,1500,998,1529,988,988,988,988,988,988,1500,1500,1500,1500,1500,1500,1500,1500,1500,1500,1500,1500,1500,1500,1500,1500,1500,1500,1500,1500,1500,1500,7.6
2000-01-01,00:01:45.710,"AIR*",8.2,0.5,6,71,-0.01,0.00,-0.05,-43,0,100,10,0,9,25,-35,100,10,-2,8,-1005,2,-1,-1,-1,-1,-1,-1,0x0000000000000000,1500,1500,998,1529,988,988,988,988,988,988,1500,1500,1500,1500,1500,1500,1500,1500,1500,1500,1500,1500,1500,1500,1500,1500,1500,1500,1500,1500,1500,1500,7.6
2000-01-01,00:01:45.910,"AIR*",8.2,0.5,6,71,-0.01,0.00,-0.05,-42,0,100,10,0,9,25,-33,100,13,-1,8,-1005,2,-1,-1,-1,-1,-1,-1,0x0000000000000000,1500,1500,998,1530,988,988,988,988,988,988,1500,1500,1500,1500,1500,1500,1500,1500,1500,1500,1500,1500,1500,1500,1500,1500,1500,1500,1500,1500,1500,1500,7.6
2000-01-01,00:01:46.110,"AIR*",8.2,0.5,6,71,-0.01,0.00,-0.05,-40,0,100,10,0,9,25,-38,100,10,-2,8,-1005,3,-1,-1,-1,-1,-1,-1,0x0000000000000000,1500,1500,998,1529,988,988,988,988,988,988,1500,1500,1500,1500,1500,1500,1500,1500,1500,1500,1500,1500,1500,1500,1500,1500,1500,1500,1500,1500,1500,1500,7.6
2000-01-01,00:01:46.310,"AIR*",8.2,0.5,6,71,-0.01,0.00,-0.05,-39,0,100,10,0,9,25,-42,100,11,-2,8,-1005,2,-1,-1,-1,-1,-1,-1,0x0000000000000000,1500,1500,998,1529,988,988,988,988,988,988,1500,1500,1500,1500,1500,1500,1500,1500,1500,1500,1500,1500,1500,1500,1500,1500,1500,1500,1500,1500,1500,1500,7.6
2000-01-01,00:01:46.510,"AIR*",8.2,0.5,6,71,-0.01,0.00,-0.05,-39,0,100,10,0,9,25,-42,100,11,-2,7,-1005,1,-1,-1,-1,-1,-1,-1,0x0000000000000000,1500,1500,998,1529,988,988,988,988,988,988,1500,1500,1500,1500,1500,1500,1500,1500,1500,1500,1500,1500,1500,1500,1500,1500,1500,1500,1500,1500,1500,1500,7.6
2000-01-01,00:01:46.710,"AIR*",8.2,0.5,6,71,-0.01,0.00,-0.05,-39,0,100,10,0,9,25,-34,100,10,-1,7,-1005,2,-1,-1,-1,-1,-1,-1,0x0000000000000000,1500,1500,998,1530,988,988,988,988,988,988,1500,1500,1500,1500,1500,1500,1500,1500,1500,1500,1500,1500,1500,1500,1500,1500,1500,1500,1500,1500,1500,1500,7.6
2000-01-01,00:01:46.910,"AIR*",8.2,0.5,6,71,-0.01,0.00,-0.05,-41,0,100,11,0,9,25,-33,100,11,-1,8,-1005,2,-1,-1,-1,-1,-1,-1,0x0000000000000000,1500,1500,998,1530,988,988,988,988,988,988,1500,1500,1500,1500,1500,1500,1500,1500,1500,1500,1500,1500,1500,1500,1500,1500,1500,1500,1500,1500,1500,1500,7.6
2000-01-01,00:01:47.110,"AIR*",8.2,0.5,6,71,-0.01,0.00,-0.05,-39,0,100,10,0,9,25,-39,100,10,-1,8,-1005,1,-1,-1,-1,-1,-1,-1,0x0000000000000000,1500,1500,998,1530,988,988,988,988,988,988,1500,1500,1500,1500,1500,1500,1500,1500,1500,1500,1500,1500,1500,1500,1500,1500,1500,1500,1500,1500,1500,1500,7.6
2000-01-01,00:01:47.310,"AIR*",8.2,0.5,6,71,-0.01,0.00,-0.05,-45,0,100,10,0,9,25,-32,100,10,-2,7,-1005,2,-1,-1,-1,-1,-1,-1,0x0000000000000000,1500,1500,998,1529,988,988,988,988,988,988,1500,1500,1500,1500,1500,1500,1500,1500,1500,1500,1500,1500,1500,1500,1500,1500,1500,1500,1500,1500,1500,1500,7.6
2000-01-01,00:01:47.510,"AIR*",8.2,0.5,6,71,-0.01,0.00,-0.05,-44,0,100,10,0,9,25,-35,100,10,-2,8,-1005,2,-1,-1,-1,-1,-1,-1,0x0000000000000000,1500,1500,998,1529,988,988,988,988,988,988,1500,1500,1500,1500,1500,1500,1500,1500,1500,1500,1500,1500,1500,1500,1500,1500,1500,1500,1500,1500,1500,1500,7.6
2000-01-01,00:01:47.710,"AIR*",8.2,0.5,6,71,-0.01,0.00,-0.05,-44,0,100,10,0,9,25,-35,100,10,-1,8,-1005,1,-1,-1,-1,-1,-1,-1,0x0000000000000000,1500,1500,998,1530,988,988,988,988,988,988,1500,1500,1500,1500,1500,1500,1500,1500,1500,1500,1500,1500,1500,1500,1500,1500,1500,1500,1500,1500,1500,1500,7.6
2000-01-01,00:01:47.910,"AIR*",8.2,0.5,6,71,-0.01,0.00,-0.05,-43,0,100,10,0,9,25,-32,100,10,-2,7,-1005,2,-1,-1,-1,-1,-1,-1,0x0000000000000000,1500,1500,998,1529,988,988,988,988,988,988,1500,1500,1500,1500,1500,1500,1500,1500,1500,1500,1500,1500,1500,1500,1500,1500,1500,1500,1500,1500,1500,1500,7.6
2000-01-01,00:01:48.110,"AIR*",8.2,0.5,6,71,-0.01,0.00,-0.05,-40,0,100,10,0,9,25,-39,100,10,-2,8,-1006,1,-1,-1,-1,-1,-1,-1,0x0000000000000000,1500,1500,997,1529,988,988,988,988,988,988,1500,1500,1500,1500,1500,1500,1500,1500,1500,1500,1500,1500,1500,1500,1500,1500,1500,1500,1500,1500,1500,1500,7.6
2000-01-01,00:01:48.310,"AIR*",8.2,0.5,6,71,-0.01,0.00,-0.05,-38,0,100,10,0,9,25,-42,100,10,-1,8,-1005,1,-1,-1,-1,-1,-1,-1,0x0000000000000000,1500,1500,998,1530,988,988,988,988,988,988,1500,1500,1500,1500,1500,1500,1500,1500,1500,1500,1500,1500,1500,1500,1500,1500,1500,1500,1500,1500,1500,1500,7.6
2000-01-01,00:01:48.510,"AIR*",8.2,0.5,7,71,-0.01,0.00,-0.05,-40,0,100,10,0,9,25,-34,100,8,-1,8,-1005,2,-1,-1,-1,-1,-1,-1,0x0000000000000000,1500,1500,998,1530,988,988,988,988,988,988,1500,1500,1500,1500,1500,1500,1500,1500,1500,1500,1500,1500,1500,1500,1500,1500,1500,1500,1500,1500,1500,1500,7.6
2000-01-01,00:01:48.710,"AIR*",8.2,0.5,7,71,-0.01,0.00,-0.05,-41,0,100,10,0,9,25,-32,100,10,-2,7,-1005,1,-1,-1,-1,-1,-1,-1,0x0000000000000000,1500,1500,998,1529,988,988,988,988,988,988,1500,1500,1500,1500,1500,1500,1500,1500,1500,1500,1500,1500,1500,1500,1500,1500,1500,1500,1500,1500,1500,1500,7.6
2000-01-01,00:01:48.910,"AIR*",8.2,0.5,7,71,-0.01,0.00,-0.05,-41,0,100,10,0,9,25,-32,100,10,-2,8,-1005,3,-1,-1,-1,-1,-1,-1,0x0000000000000000,1500,1500,998,1529,988,988,988,988,988,988,1500,1500,1500,1500,1500,1500,1500,1500,1500,1500,1500,1500,1500,1500,1500,1500,1500,1500,1500,1500,1500,1500,7.6
2000-01-01,00:01:49.110,"AIR*",8.2,0.5,7,71,-0.01,0.00,-0.05,-39,0,100,10,0,9,25,-38,100,9,-2,8,-1005,2,-1,-1,-1,-1,-1,-1,0x0000000000000000,1500,1500,998,1529,988,988,988,988,988,988,1500,1500,1500,1500,1500,1500,1500,1500,1500,1500,1500,1500,1500,1500,1500,1500,1500,1500,1500,1500,1500,1500,7.6
2000-01-01,00:01:49.310,"AIR*",8.2,0.5,7,71,-0.01,0.00,-0.05,-42,0,100,10,0,9,25,-32,100,10,-1,8,-1005,1,-1,-1,-1,-1,-1,-1,0x0000000000000000,1500,1500,998,1530,988,988,988,988,988,988,1500,1500,1500,1500,1500,1500,1500,1500,1500,1500,1500,1500,1500,1500,1500,1500,1500,1500,1500,1500,1500,1500,7.6
2000-01-01,00:01:49.510,"AIR*",8.2,0.5,7,71,-0.01,0.00,-0.05,-42,0,100,10,0,9,25,-35,100,9,-2,7,-1003,2,-1,-1,-1,-1,-1,-1,0x0000000000000000,1500,1500,999,1529,988,988,988,988,988,988,1500,1500,1500,1500,1500,1500,1500,1500,1500,1500,1500,1500,1500,1500,1500,1500,1500,1500,1500,1500,1500,1500,7.6
2000-01-01,00:01:49.710,"AIR*",8.2,0.5,7,71,-0.01,0.00,-0.05,-42,0,100,10,0,9,25,-32,100,10,-2,8,-1005,3,-1,-1,-1,-1,-1,-1,0x0000000000000000,1500,1500,998,1529,988,988,988,988,988,988,1500,1500,1500,1500,1500,1500,1500,1500,1500,1500,1500,1500,1500,1500,1500,1500,1500,1500,1500,1500,1500,1500,7.6
2000-01-01,00:01:49.910,"AIR*",8.2,0.5,7,71,-0.01,0.00,-0.05,-39,0,100,10,0,9,25,-38,100,9,-2,8,-1005,2,-1,-1,-1,-1,-1,-1,0x0000000000000000,1500,1500,998,1529,988,988,988,988,988,988,1500,1500,1500,1500,1500,1500,1500,1500,1500,1500,1500,1500,1500,1500,1500,1500,1500,1500,1500,1500,1500,1500,7.6
2000-01-01,00:01:50.110,"AIR*",8.2,0.5,7,71,-0.01,0.00,-0.05,-39,0,100,10,0,9,25,-38,100,9,-2,8,-1006,2,-1,-1,-1,-1,-1,-1,0x0000000000000000,1500,1500,997,1529,988,988,988,988,988,988,1500,1500,1500,1500,1500,1500,1500,1500,1500,1500,1500,1500,1500,1500,1500,1500,1500,1500,1500,1500,1500,1500,7.6
2000-01-01,00:01:50.310,"AIR*",8.2,0.5,7,71,-0.01,0.00,-0.05,-38,0,100,10,0,9,25,-42,100,10,-2,7,-1005,2,-1,-1,-1,-1,-1,-1,0x0000000000000000,1500,1500,998,1529,988,988,988,988,988,988,1500,1500,1500,1500,1500,1500,1500,1500,1500,1500,1500,1500,1500,1500,1500,1500,1500,1500,1500,1500,1500,1500,7.6
2000-01-01,00:01:50.510,"AIR*",8.2,0.5,7,71,-0.01,0.00,-0.05,-38,0,100,10,0,9,25,-34,100,9,-2,8,-1005,2,-1,-1,-1,-1,-1,-1,0x0000000000000000,1500,1500,998,1529,988,988,988,988,988,988,1500,1500,1500,1500,1500,1500,1500,1500,1500,1500,1500,1500,1500,1500,1500,1500,1500,1500,1500,1500,1500,1500,7.6
2000-01-01,00:01:50.710,"AIR*",8.2,0.5,7,71,-0.01,0.00,-0.05,-39,0,100,10,0,9,25,-32,100,10,-2,8,-1005,2,-1,-1,-1,-1,-1,-1,0x0000000000000000,1500,1500,998,1529,988,988,988,988,988,988,1500,1500,1500,1500,1500,1500,1500,1500,1500,1500,1500,1500,1500,1500,1500,1500,1500,1500,1500,1500,1500,1500,7.6
2000-01-01,00:01:50.910,"AIR*",8.2,0.5,7,71,-0.01,0.00,-0.05,-41,0,100,10,0,9,25,-39,100,9,-2,8,-1005,2,-1,-1,-1,-1,-1,-1,0x0000000000000000,1500,1500,998,1529,988,988,988,988,988,988,1500,1500,1500,1500,1500,1500,1500,1500,1500,1500,1500,1500,1500,1500,1500,1500,1500,1500,1500,1500,1500,1500,7.6
2000-01-01,00:01:51.110,"AIR*",8.2,0.5,7,71,-0.01,0.00,-0.05,-41,0,100,10,0,9,25,-32,100,10,-2,8,-1005,3,-1,-1,-1,-1,-1,-1,0x0000000000000000,1500,1500,998,1529,988,988,988,988,988,988,1500,1500,1500,1500,1500,1500,1500,1500,1500,1500,1500,1500,1500,1500,1500,1500,1500,1500,1500,1500,1500,1500,7.6
2000-01-01,00:01:51.310,"AIR*",8.2,0.5,7,71,-0.01,0.00,-0.05,-41,0,100,10,0,9,25,-32,100,10,-2,8,-1005,2,-1,-1,-1,-1,-1,-1,0x0000000000000000,1500,1500,998,1529,988,988,988,988,988,988,1500,1500,1500,1500,1500,1500,1500,1500,1500,1500,1500,1500,1500,1500,1500,1500,1500,1500,1500,1500,1500,1500,7.6
2000-01-01,00:01:51.510,"AIR*",8.2,0.5,7,71,-0.01,0.00,-0.05,-41,0,100,10,0,9,25,-35,100,9,-2,7,-1005,2,-1,-1,-1,-1,-1,-1,0x0000000000000000,1500,1500,998,1529,988,988,988,988,988,988,1500,1500,1500,1500,1500,1500,1500,1500,1500,1500,1500,1500,1500,1500,1500,1500,1500,1500,1500,1500,1500,1500,7.6
2000-01-01,00:01:51.710,"AIR*",8.2,0.5,7,71,-0.01,0.00,-0.05,-39,0,100,10,0,9,25,-32,100,10,-2,8,-1006,2,-1,-1,-1,-1,-1,-1,0x0000000000000000,1500,1500,997,1529,988,988,988,988,988,988,1500,1500,1500,1500,1500,1500,1500,1500,1500,1500,1500,1500,1500,1500,1500,1500,1500,1500,1500,1500,1500,1500,7.6
2000-01-01,00:01:51.910,"AIR*",8.2,0.5,7,71,-0.01,0.00,-0.05,-41,0,100,10,0,9,25,-37,100,9,-2,7,-1004,2,-1,-1,-1,-1,-1,-1,0x0000000000000000,1500,1500,998,1529,988,988,988,988,988,988,1500,1500,1500,1500,1500,1500,1500,1500,1500,1500,1500,1500,1500,1500,1500,1500,1500,1500,1500,1500,1500,1500,7.6
2000-01-01,00:01:52.110,"AIR*",8.2,0.5,7,71,-0.01,0.00,-0.05,-40,0,100,10,0,9,25,-42,100,10,-2,8,-1005,3,-1,-1,-1,-1,-1,-1,0x0000000000000000,1500,1500,998,1529,988,988,988,988,988,988,1500,1500,1500,1500,1500,1500,1500,1500,1500,1500,1500,1500,1500,1500,1500,1500,1500,1500,1500,1500,1500,1500,7.6
2000-01-01,00:01:52.310,"AIR*",8.2,0.5,7,71,-0.01,0.00,-0.05,-41,0,100,10,0,9,25,-34,100,10,-2,8,-1005,2,-1,-1,-1,-1,-1,-1,0x0000000000000000,1500,1500,998,1529,988,988,988,988,988,988,1500,1500,1500,1500,1500,1500,1500,1500,1500,1500,1500,1500,1500,1500,1500,1500,1500,1500,1500,1500,1500,1500,7.6
2000-01-01,00:01:52.510,"AIR*",8.2,0.5,7,71,-0.01,0.00,-0.05,-41,0,100,10,0,9,25,-34,100,10,-1,8,-1005,2,-1,-1,-1,-1,-1,-1,0x0000000000000000,1500,1500,998,1530,988,988,988,988,988,988,1500,1500,1500,1500,1500,1500,1500,1500,1500,1500,1500,1500,1500,1500,1500,1500,1500,1500,1500,1500,1500,1500,7.6
2000-01-01,00:01:52.710,"AIR*",8.2,0.5,7,71,-0.01,0.00,-0.05,-40,0,100,10,0,9,25,-33,100,10,-1,8,-1005,3,-1,-1,-1,-1,-1,-1,0x0000000000000000,1500,1500,998,1530,988,988,988,988,988,988,1500,1500,1500,1500,1500,1500,1500,1500,1500,1500,1500,1500,1500,1500,1500,1500,1500,1500,1500,1500,1500,1500,7.6
2000-01-01,00:01:52.910,"AIR*",8.2,0.5,7,71,-0.01,0.00,-0.05,-39,0,100,10,0,9,25,-41,100,10,-2,7,-1006,2,-1,-1,-1,-1,-1,-1,0x0000000000000000,1500,1500,997,1529,988,988,988,988,988,988,1500,1500,1500,1500,1500,1500,1500,1500,1500,1500,1500,1500,1500,1500,1500,1500,1500,1500,1500,1500,1500,1500,7.6
2000-01-01,00:01:53.110,"AIR*",8.2,0.5,7,71,-0.01,0.00,-0.05,-41,0,100,10,0,9,25,-34,100,10,-1,8,-1005,2,-1,-1,-1,-1,-1,-1,0x0000000000000000,1500,1500,998,1530,988,988,988,988,988,988,1500,1500,1500,1500,1500,1500,1500,1500,1500,1500,1500,1500,1500,1500,1500,1500,1500,1500,1500,1500,1500,1500,7.6
2000-01-01,00:01:53.310,"AIR*",8.2,0.5,7,71,-0.01,0.00,-0.05,-42,0,100,10,0,9,25,-37,100,10,-2,8,-1005,2,-1,-1,-1,-1,-1,-1,0x0000000000000000,1500,1500,998,1529,988,988,988,988,988,988,1500,1500,1500,1500,1500,1500,1500,1500,1500,1500,1500,1500,1500,1500,1500,1500,1500,1500,1500,1500,1500,1500,7.6
2000-01-01,00:01:53.510,"AIR*",8.2,0.5,7,71,-0.01,0.00,-0.05,-40,0,100,10,0,9,25,-34,100,10,-2,7,-1005,2,-1,-1,-1,-1,-1,-1,0x0000000000000000,1500,1500,998,1529,988,988,988,988,988,988,1500,1500,1500,1500,1500,1500,1500,1500,1500,1500,1500,1500,1500,1500,1500,1500,1500,1500,1500,1500,1500,1500,7.6
2000-01-01,00:01:53.710,"AIR*",8.2,0.5,7,71,-0.01,0.00,-0.05,-40,0,100,10,0,9,25,-34,100,10,-2,8,-1005,3,-1,-1,-1,-1,-1,-1,0x0000000000000000,1500,1500,998,1529,988,988,988,988,988,988,1500,1500,1500,1500,1500,1500,1500,1500,1500,1500,1500,1500,1500,1500,1500,1500,1500,1500,1500,1500,1500,1500,7.6
2000-01-01,00:01:53.910,"AIR*",8.2,0.5,7,71,-0.01,0.00,-0.05,-44,0,100,10,0,9,25,-41,100,10,-2,8,-1005,2,-1,-1,-1,-1,-1,-1,0x0000000000000000,1500,1500,998,1529,988,988,988,988,988,988,1500,1500,1500,1500,1500,1500,1500,1500,1500,1500,1500,1500,1500,1500,1500,1500,1500,1500,1500,1500,1500,1500,7.6
2000-01-01,00:01:54.110,"AIR*",8.2,0.5,7,71,-0.01,0.00,-0.05,-44,0,100,10,0,9,25,-43,100,10,-2,8,-1005,2,-1,-1,-1,-1,-1,-1,0x0000000000000000,1500,1500,998,1529,988,988,988,988,988,988,1500,1500,1500,1500,1500,1500,1500,1500,1500,1500,1500,1500,1500,1500,1500,1500,1500,1500,1500,1500,1500,1500,7.6
2000-01-01,00:01:54.310,"AIR*",8.2,0.5,7,71,-0.01,0.00,-0.05,-43,0,100,10,0,9,25,-36,100,10,-1,8,-1005,3,-1,-1,-1,-1,-1,-1,0x0000000000000000,1500,1500,998,1530,988,988,988,988,988,988,1500,1500,1500,1500,1500,1500,1500,1500,1500,1500,1500,1500,1500,1500,1500,1500,1500,1500,1500,1500,1500,1500,7.6
2000-01-01,00:01:54.510,"AIR*",8.2,0.5,7,71,-0.01,0.00,-0.05,-44,0,100,10,0,9,25,-33,100,10,-2,8,-1005,2,-1,-1,-1,-1,-1,-1,0x0000000000000000,1500,1500,998,1529,988,988,988,988,988,988,1500,1500,1500,1500,1500,1500,1500,1500,1500,1500,1500,1500,1500,1500,1500,1500,1500,1500,1500,1500,1500,1500,7.6
2000-01-01,00:01:54.710,"AIR*",8.2,0.5,7,71,-0.01,0.00,-0.05,-43,0,100,10,0,9,25,-41,100,10,-2,8,-1005,2,-1,-1,-1,-1,-1,-1,0x0000000000000000,1500,1500,998,1529,988,988,988,988,988,988,1500,1500,1500,1500,1500,1500,1500,1500,1500,1500,1500,1500,1500,1500,1500,1500,1500,1500,1500,1500,1500,1500,7.6
2000-01-01,00:01:54.910,"AIR*",8.2,0.5,7,71,-0.01,0.00,-0.05,-43,0,100,10,0,9,25,-41,100,10,-2,8,-1005,3,-1,-1,-1,-1,-1,-1,0x0000000000000000,1500,1500,998,1529,988,988,988,988,988,988,1500,1500,1500,1500,1500,1500,1500,1500,1500,1500,1500,1500,1500,1500,1500,1500,1500,1500,1500,1500,1500,1500,7.6
2000-01-01,00:01:55.110,"AIR*",8.2,0.5,7,71,-0.01,0.00,-0.05,-42,0,100,10,0,9,25,-33,100,10,-1,8,-1005,2,-1,-1,-1,-1,-1,-1,0x0000000000000000,1500,1500,998,1530,988,988,988,988,988,988,1500,1500,1500,1500,1500,1500,1500,1500,1500,1500,1500,1500,1500,1500,1500,1500,1500,1500,1500,1500,1500,1500,7.6
2000-01-01,00:01:55.310,"AIR*",8.2,0.5,7,71,-0.01,0.00,-0.05,-41,0,100,10,0,9,25,-37,100,10,-2,7,-1005,2,-1,-1,-1,-1,-1,-1,0x0000000000000000,1500,1500,998,1529,988,988,988,988,988,988,1500,1500,1500,1500,1500,1500,1500,1500,1500,1500,1500,1500,1500,1500,1500,1500,1500,1500,1500,1500,1500,1500,7.6
2000-01-01,00:01:55.510,"AIR*",8.2,0.5,8,71,-0.01,0.00,-0.05,-39,0,100,10,0,9,25,-34,100,10,-2,8,-1006,2,-1,-1,-1,-1,-1,-1,0x0000000000000000,1500,1500,997,1529,988,988,988,988,988,988,1500,1500,1500,1500,1500,1500,1500,1500,1500,1500,1500,1500,1500,1500,1500,1500,1500,1500,1500,1500,1500,1500,7.6
2000-01-01,00:01:55.710,"AIR*",8.2,0.5,8,71,-0.01,0.00,-0.05,-40,0,100,10,0,9,25,-40,100,10,-3,8,-1005,3,-1,-1,-1,-1,-1,-1,0x0000000000000000,1500,1500,998,1529,988,988,988,988,988,988,1500,1500,1500,1500,1500,1500,1500,1500,1500,1500,1500,1500,1500,1500,1500,1500,1500,1500,1500,1500,1500,1500,7.6
2000-01-01,00:01:55.910,"AIR*",8.2,0.5,8,71,-0.01,0.00,-0.05,-41,0,100,10,0,9,25,-43,100,10,-2,8,-1005,2,-1,-1,-1,-1,-1,-1,0x0000000000000000,1500,1500,998,1529,988,988,988,988,988,988,1500,1500,1500,1500,1500,1500,1500,1500,1500,1500,1500,1500,1500,1500,1500,1500,1500,1500,1500,1500,1500,1500,7.6
2000-01-01,00:01:56.110,"AIR*",8.2,0.5,8,71,-0.01,0.00,-0.05,-41,0,100,10,0,9,25,-43,100,10,-2,9,-1005,2,-1,-1,-1,-1,-1,-1,0x0000000000000000,1500,1500,998,1529,988,988,988,988,988,988,1500,1500,1500,1500,1500,1500,1500,1500,1500,1500,1500,1500,1500,1500,1500,1500,1500,1500,1500,1500,1500,1500,7.6
2000-01-01,00:01:56.310,"AIR*",8.2,0.5,8,71,-0.01,0.00,-0.05,-42,0,100,10,0,9,25,-35,100,6,-1,7,-1005,2,-1,-1,-1,-1,-1,-1,0x0000000000000000,1500,1500,998,1530,988,988,988,988,988,988,1500,1500,1500,1500,1500,1500,1500,1500,1500,1500,1500,1500,1500,1500,1500,1500,1500,1500,1500,1500,1500,1500,7.6
2000-01-01,00:01:56.510,"AIR*",8.2,0.5,8,71,-0.01,0.00,-0.05,-44,0,100,10,0,9,25,-33,100,10,-2,8,-1005,2,-1,-1,-1,-1,-1,-1,0x0000000000000000,1500,1500,998,1529,988,988,988,988,988,988,1500,1500,1500,1500,1500,1500,1500,1500,1500,1500,1500,1500,1500,1500,1500,1500,1500,1500,1500,1500,1500,1500,7.6
2000-01-01,00:01:56.710,"AIR*",8.2,0.5,8,71,-0.01,0.00,-0.05,-41,0,100,10,0,9,25,-40,100,10,-1,8,-1005,3,-1,-1,-1,-1,-1,-1,0x0000000000000000,1500,1500,998,1530,988,988,988,988,988,988,1500,1500,1500,1500,1500,1500,1500,1500,1500,1500,1500,1500,1500,1500,1500,1500,1500,1500,1500,1500,1500,1500,7.6
2000-01-01,00:01:56.910,"AIR*",8.2,0.5,8,71,-0.01,0.00,-0.05,-40,0,100,10,0,9,25,-33,100,10,-1,8,-1005,3,-1,-1,-1,-1,-1,-1,0x0000000000000000,1500,1500,998,1530,988,988,988,988,988,988,1500,1500,1500,1500,1500,1500,1500,1500,1500,1500,1500,1500,1500,1500,1500,1500,1500,1500,1500,1500,1500,1500,7.6
2000-01-01,00:01:57.110,"AIR*",8.2,0.5,8,71,-0.01,0.00,-0.05,-40,0,100,10,0,9,25,-36,100,10,-2,7,-1005,3,-1,-1,-1,-1,-1,-1,0x0000000000000000,1500,1500,998,1529,988,988,988,988,988,988,1500,1500,1500,1500,1500,1500,1500,1500,1500,1500,1500,1500,1500,1500,1500,1500,1500,1500,1500,1500,1500,1500,7.6
2000-01-01,00:01:57.310,"AIR*",8.2,0.5,8,71,-0.01,0.00,-0.05,-40,0,100,10,0,9,25,-36,100,10,-3,8,-1005,3,-1,-1,-1,-1,-1,-1,0x0000000000000000,1500,1500,998,1529,988,988,988,988,988,988,1500,1500,1500,1500,1500,1500,1500,1500,1500,1500,1500,1500,1500,1500,1500,1500,1500,1500,1500,1500,1500,1500,7.6
2000-01-01,00:01:57.510,"AIR*",8.2,0.5,8,71,-0.01,0.00,-0.05,-41,0,100,10,0,9,25,-34,100,11,-2,8,-1005,2,-1,-1,-1,-1,-1,-1,0x0000000000000000,1500,1500,998,1529,988,988,988,988,988,988,1500,1500,1500,1500,1500,1500,1500,1500,1500,1500,1500,1500,1500,1500,1500,1500,1500,1500,1500,1500,1500,1500,7.6
2000-01-01,00:01:57.710,"AIR*",8.2,0.5,8,71,-0.01,0.00,-0.05,-41,0,100,10,0,9,25,-39,100,11,-2,8,-1006,2,-1,-1,-1,-1,-1,-1,0x0000000000000000,1500,1500,997,1529,988,988,988,988,988,988,1500,1500,1500,1500,1500,1500,1500,1500,1500,1500,1500,1500,1500,1500,1500,1500,1500,1500,1500,1500,1500,1500,7.6
2000-01-01,00:01:57.910,"AIR*",8.2,0.5,8,71,-0.01,0.00,-0.05,-42,0,100,10,0,9,25,-42,100,10,-1,8,-1005,3,-1,-1,-1,-1,-1,-1,0x0000000000000000,1500,1500,998,1530,988,988,988,988,988,988,1500,1500,1500,1500,1500,1500,1500,1500,1500,1500,1500,1500,1500,1500,1500,1500,1500,1500,1500,1500,1500,1500,7.6
2000-01-01,00:01:58.110,"AIR*",8.2,0.5,8,71,-0.01,0.00,-0.05,-42,0,100,10,0,9,25,-35,100,13,-2,8,-1006,3,-1,-1,-1,-1,-1,-1,0x0000000000000000,1500,1500,997,1529,988,988,988,988,988,988,1500,1500,1500,1500,1500,1500,1500,1500,1500,1500,1500,1500,1500,1500,1500,1500,1500,1500,1500,1500,1500,1500,7.6
2000-01-01,00:01:58.310,"AIR*",8.2,0.5,8,71,-0.01,0.00,-0.05,-41,0,100,10,0,9,25,-33,100,10,-2,8,-1005,3,-1,-1,-1,-1,-1,-1,0x0000000000000000,1500,1500,998,1529,988,988,988,988,988,988,1500,1500,1500,1500,1500,1500,1500,1500,1500,1500,1500,1500,1500,1500,1500,1500,1500,1500,1500,1500,1500,1500,7.6
2000-01-01,00:01:58.510,"AIR*",8.2,0.5,8,71,-0.01,0.00,-0.05,-41,0,100,10,0,9,25,-33,100,10,-2,8,-1005,2,-1,-1,-1,-1,-1,-1,0x0000000000000000,1500,1500,998,1529,988,988,988,988,988,988,1500,1500,1500,1500,1500,1500,1500,1500,1500,1500,1500,1500,1500,1500,1500,1500,1500,1500,1500,1500,1500,1500,7.6
2000-01-01,00:01:58.710,"AIR*",8.2,0.5,8,71,-0.01,0.00,-0.05,-40,0,100,10,0,9,25,-39,100,11,-1,7,-1005,2,-1,-1,-1,-1,-1,-1,0x0000000000000000,1500,1500,998,1530,988,988,988,988,988,988,1500,1500,1500,1500,1500,1500,1500,1500,1500,1500,1500,1500,1500,1500,1500,1500,1500,1500,1500,1500,1500,1500,7.6
2000-01-01,00:01:58.910,"AIR*",8.2,0.5,8,71,-0.01,0.00,-0.05,-39,0,100,10,0,9,25,-32,100,10,-2,7,-1005,3,-1,-1,-1,-1,-1,-1,0x0000000000000000,1500,1500,998,1529,988,988,988,988,988,988,1500,1500,1500,1500,1500,1500,1500,1500,1500,1500,1500,1500,1500,1500,1500,1500,1500,1500,1500,1500,1500,1500,7.6
2000-01-01,00:01:59.110,"AIR*",8.2,0.5,8,71,-0.01,0.00,-0.05,-38,0,100,10,0,9,25,-32,100,12,-1,8,-1004,2,-1,-1,-1,-1,-1,-1,0x0000000000000000,1500,1500,998,1530,988,988,988,988,988,988,1500,1500,1500,1500,1500,1500,1500,1500,1500,1500,1500,1500,1500,1500,1500,1500,1500,1500,1500,1500,1500,1500,7.6
2000-01-01,00:01:59.310,"AIR*",8.2,0.5,8,71,-0.01,0.00,-0.05,-38,0,100,10,0,9,25,-29,100,10,-2,8,-1005,2,-1,-1,-1,-1,-1,-1,0x0000000000000000,1500,1500,998,1529,988,988,988,988,988,988,1500,1500,1500,1500,1500,1500,1500,1500,1500,1500,1500,1500,1500,1500,1500,1500,1500,1500,1500,1500,1500,1500,7.6
2000-01-01,00:01:59.510,"AIR*",8.2,0.5,8,71,-0.01,0.00,-0.05,-37,0,100,10,0,9,25,-35,100,11,-1,9,-1006,3,-1,-1,-1,-1,-1,-1,0x0000000000000000,1500,1500,997,1530,988,988,988,988,988,988,1500,1500,1500,1500,1500,1500,1500,1500,1500,1500,1500,1500,1500,1500,1500,1500,1500,1500,1500,1500,1500,1500,7.6
2000-01-01,00:01:59.710,"AIR*",8.2,0.5,8,71,-0.01,0.00,-0.05,-37,0,100,10,0,9,25,-35,100,11,-2,10,-1005,2,-1,-1,-1,-1,-1,-1,0x0000000000000000,1500,1500,998,1529,988,988,988,988,988,988,1500,1500,1500,1500,1500,1500,1500,1500,1500,1500,1500,1500,1500,1500,1500,1500,1500,1500,1500,1500,1500,1500,7.6
2000-01-01,00:01:59.910,"AIR*",8.2,0.5,8,71,-0.01,0.00,-0.05,-40,0,100,10,0,9,25,-50,100,10,562,9,-1024,2,-1,-1,-1,-1,-1,-1,0x0000000000000000,1500,1500,988,1817,988,988,988,988,988,988,1500,1500,1500,1500,1500,1500,1500,1500,1500,1500,1500,1500,1500,1500,1500,1500,1500,1500,1500,1500,1500,1500,7.6
2000-01-01,00:02:00.110,"AIR*",8.2,0.5,8,71,-0.01,0.00,-0.05,-45,0,100,10,0,9,25,-39,100,11,-2,9,-1024,2,-1,-1,-1,-1,-1,-1,0x0000000000000000,1500,1500,988,1529,988,988,988,988,988,988,1500,1500,1500,1500,1500,1500,1500,1500,1500,1500,1500,1500,1500,1500,1500,1500,1500,1500,1500,1500,1500,1500,7.6
2000-01-01,00:02:00.310,"AIR*",8.2,0.5,8,71,-0.01,0.00,-0.05,-45,0,100,10,0,9,25,-41,100,10,-2,8,-1024,2,-1,-1,-1,-1,-1,-1,0x0000000000000000,1500,1500,988,1529,988,988,988,988,988,988,1500,1500,1500,1500,1500,1500,1500,1500,1500,1500,1500,1500,1500,1500,1500,1500,1500,1500,1500,1500,1500,1500,7.6
2000-01-01,00:02:00.510,"AIR*",8.2,0.5,8,71,-0.01,0.00,-0.05,-47,0,100,10,0,9,25,-44,100,11,-1,10,-1024,1,-1,-1,-1,-1,-1,-1,0x0000000000000000,1500,1500,988,1530,988,988,988,988,988,988,1500,1500,1500,1500,1500,1500,1500,1500,1500,1500,1500,1500,1500,1500,1500,1500,1500,1500,1500,1500,1500,1500,7.6
2000-01-01,00:02:00.710,"AIR*",8.2,0.5,8,71,-0.01,0.00,-0.05,-46,0,100,10,0,9,25,-37,100,10,-2,9,-1024,3,-1,-1,-1,-1,-1,-1,0x0000000000000000,1500,1500,988,1529,988,988,988,988,988,988,1500,1500,1500,1500,1500,1500,1500,1500,1500,1500,1500,1500,1500,1500,1500,1500,1500,1500,1500,1500,1500,1500,7.6
2000-01-01,00:02:00.910,"AIR*",8.2,0.5,8,71,-0.01,0.00,-0.05,-46,0,100,10,0,9,25,-37,100,10,-2,8,-1024,2,-1,-1,-1,-1,-1,-1,0x0000000000000000,1500,1500,988,1529,988,988,988,988,988,988,1500,1500,1500,1500,1500,1500,1500,1500,1500,1500,1500,1500,1500,1500,1500,1500,1500,1500,1500,1500,1500,1500,7.6
2000-01-01,00:02:01.110,"AIR*",8.2,0.5,8,71,-0.01,0.00,-0.05,-44,0,100,10,0,9,25,-36,100,12,-1,9,-1024,2,-1,-1,-1,-1,-1,-1,0x0000000000000000,1500,1500,988,1530,988,988,988,988,988,988,1500,1500,1500,1500,1500,1500,1500,1500,1500,1500,1500,1500,1500,1500,1500,1500,1500,1500,1500,1500,1500,1500,7.6
2000-01-01,00:02:01.310,"AIR*",8.2,0.5,8,71,-0.01,0.00,-0.05,-43,0,100,10,0,9,25,-35,100,10,-1,8,-1024,3,-1,-1,-1,-1,-1,-1,0x0000000000000000,1500,1500,988,1530,988,988,988,988,988,988,1500,1500,1500,1500,1500,1500,1500,1500,1500,1500,1500,1500,1500,1500,1500,1500,1500,1500,1500,1500,1500,1500,7.6
2000-01-01,00:02:01.510,"AIR*",8.2,0.5,8,71,-0.01,0.00,-0.05,-42,0,100,10,0,9,25,-40,100,10,-1,9,-1024,2,-1,-1,-1,-1,-1,-1,0x0000000000000000,1500,1500,988,1530,988,988,988,988,988,988,1500,1500,1500,1500,1500,1500,1500,1500,1500,1500,1500,1500,1500,1500,1500,1500,1500,1500,1500,1500,1500,1500,7.6
2000-01-01,00:02:01.710,"AIR*",8.2,0.5,8,71,-0.01,0.00,-0.05,-42,0,100,10,0,9,25,-41,100,10,-1,8,-1024,2,-1,-1,-1,-1,-1,-1,0x0000000000000000,1500,1500,988,1530,988,988,988,988,988,988,1500,1500,1500,1500,1500,1500,1500,1500,1500,1500,1500,1500,1500,1500,1500,1500,1500,1500,1500,1500,1500,1500,7.6
2000-01-01,00:02:01.910,"AIR*",8.2,0.5,8,71,-0.01,0.00,-0.05,-41,0,100,10,0,9,25,-35,100,11,-2,9,-1024,2,-1,-1,-1,-1,-1,-1,0x0000000000000000,1500,1500,988,1529,988,988,988,988,988,988,1500,1500,1500,1500,1500,1500,1500,1500,1500,1500,1500,1500,1500,1500,1500,1500,1500,1500,1500,1500,1500,1500,7.6
2000-01-01,00:02:02.110,"AIR*",8.2,0.5,8,71,-0.01,0.00,-0.05,-41,0,100,10,0,9,25,-35,100,11,-1,9,-1024,2,-1,-1,-1,-1,-1,-1,0x0000000000000000,1500,1500,988,1530,988,988,988,988,988,988,1500,1500,1500,1500,1500,1500,1500,1500,1500,1500,1500,1500,1500,1500,1500,1500,1500,1500,1500,1500,1500,1500,7.6
2000-01-01,00:02:02.310,"AIR*",8.2,0.5,9,71,-0.01,0.00,-0.05,-41,0,100,10,0,9,25,-34,100,10,-2,9,-1024,2,-1,-1,-1,-1,-1,-1,0x0000000000000000,1500,1500,988,1529,988,988,988,988,988,988,1500,1500,1500,1500,1500,1500,1500,1500,1500,1500,1500,1500,1500,1500,1500,1500,1500,1500,1500,1500,1500,1500,7.6
2000-01-01,00:02:02.510,"AIR*",8.2,0.5,9,71,-0.01,0.00,-0.05,-40,0,100,10,0,9,25,-39,100,11,-1,8,-1024,3,-1,-1,-1,-1,-1,-1,0x0000000000000000,1500,1500,988,1530,988,988,988,988,988,988,1500,1500,1500,1500,1500,1500,1500,1500,1500,1500,1500,1500,1500,1500,1500,1500,1500,1500,1500,1500,1500,1500,7.6
2000-01-01,00:02:02.710,"AIR*",8.2,0.5,9,71,-0.01,0.00,-0.05,-40,0,100,10,0,9,25,-35,100,10,-2,8,-1024,2,-1,-1,-1,-1,-1,-1,0x0000000000000000,1500,1500,988,1529,988,988,988,988,988,988,1500,1500,1500,1500,1500,1500,1500,1500,1500,1500,1500,1500,1500,1500,1500,1500,1500,1500,1500,1500,1500,1500,7.6
2000-01-01,00:02:02.910,"AIR*",8.2,0.5,9,71,-0.01,0.00,-0.05,-42,0,100,10,0,9,25,-32,100,10,-2,8,-1024,3,-1,-1,-1,-1,-1,-1,0x0000000000000000,1500,1500,988,1529,988,988,988,988,988,988,1500,1500,1500,1500,1500,1500,1500,1500,1500,1500,1500,1500,1500,1500,1500,1500,1500,1500,1500,1500,1500,1500,7.6
2000-01-01,00:02:03.110,"AIR*",8.2,0.5,9,71,-0.01,0.00,-0.05,-38,0,100,11,0,9,25,-31,100,10,-2,9,-1024,6,-1,-1,-1,-1,-1,-1,0x0000000000000000,1500,1500,988,1529,988,988,988,988,988,988,1500,1500,1500,1500,1500,1500,1500,1500,1500,1500,1500,1500,1500,1500,1500,1500,1500,1500,1500,1500,1500,1500,7.6
2000-01-01,00:02:03.310,"AIR*",8.2,0.5,9,71,-0.01,0.00,-0.05,-38,0,100,11,0,9,25,-31,100,10,-2,8,-1024,2,-1,-1,-1,-1,-1,-1,0x0000000000000000,1500,1500,988,1529,988,988,988,988,988,988,1500,1500,1500,1500,1500,1500,1500,1500,1500,1500,1500,1500,1500,1500,1500,1500,1500,1500,1500,1500,1500,1500,7.6
2000-01-01,00:02:03.510,"AIR*",8.2,0.5,9,71,-0.01,0.00,-0.05,-38,0,100,10,0,9,25,-41,100,10,-1,12,-1024,3,-1,-1,-1,-1,-1,-1,0x0000000000000000,1500,1500,988,1530,988,988,988,988,988,988,1500,1500,1500,1500,1500,1500,1500,1500,1500,1500,1500,1500,1500,1500,1500,1500,1500,1500,1500,1500,1500,1500,7.6
2000-01-01,00:02:03.710,"AIR*",8.2,0.5,9,71,-0.01,0.00,-0.05,-41,0,100,10,0,9,25,-43,100,10,-2,12,-1024,2,-1,-1,-1,-1,-1,-1,0x0000000000000000,1500,1500,988,1529,988,988,988,988,988,988,1500,1500,1500,1500,1500,1500,1500,1500,1500,1500,1500,1500,1500,1500,1500,1500,1500,1500,1500,1500,1500,1500,7.6
2000-01-01,00:02:03.910,"AIR*",8.2,0.5,9,71,-0.01,0.00,-0.05,-41,0,100,10,0,9,25,-37,100,4,-1,12,-1023,4,-1,-1,-1,-1,-1,-1,0x0000000000000000,1500,1500,989,1530,988,988,988,988,988,988,1500,1500,1500,1500,1500,1500,1500,1500,1500,1500,1500,1500,1500,1500,1500,1500,1500,1500,1500,1500,1500,1500,7.6
2000-01-01,00:02:04.110,"AIR*",8.2,0.5,9,71,-0.01,0.00,-0.05,-43,0,100,10,0,9,25,-38,100,10,-2,7,-1024,3,-1,-1,-1,-1,-1,-1,0x0000000000000000,1500,1500,988,1529,988,988,988,988,988,988,1500,1500,1500,1500,1500,1500,1500,1500,1500,1500,1500,1500,1500,1500,1500,1500,1500,1500,1500,1500,1500,1500,7.6
2000-01-01,00:02:04.310,"AIR*",8.2,0.5,9,71,-0.01,0.00,-0.05,-44,0,100,11,0,9,25,-42,100,10,-3,7,1010,5,-1,-1,-1,-1,-1,-1,0x0000000000000000,1500,1500,2005,1529,988,988,988,988,988,988,1500,1500,1500,1500,1500,1500,1500,1500,1500,1500,1500,1500,1500,1500,1500,1500,1500,1500,1500,1500,1500,1500,7.6
2000-01-01,00:02:04.510,"AIR*",8.2,0.5,9,71,-0.01,0.00,-0.05,-44,0,100,11,0,9,25,-42,100,10,-2,5,-1024,4,-1,-1,-1,-1,-1,-1,0x0000000000000000,1500,1500,988,1529,988,988,988,988,988,988,1500,1500,1500,1500,1500,1500,1500,1500,1500,1500,1500,1500,1500,1500,1500,1500,1500,1500,1500,1500,1500,1500,7.6
2000-01-01,00:02:04.710,"AIR*",8.2,0.5,9,71,-0.01,0.00,-0.05,-44,0,100,10,0,9,25,-40,100,11,-194,11,-1024,3,-1,-1,-1,-1,-1,-1,0x0000000000000000,1500,1500,988,1453,988,988,988,988,988,988,1500,1500,1500,1500,1500,1500,1500,1500,1500,1500,1500,1500,1500,1500,1500,1500,1500,1500,1500,1500,1500,1500,7.6
2000-01-01,00:02:04.910,"AIR*",8.2,0.5,9,71,-0.01,0.00,-0.05,-46,0,100,10,0,9,25,-38,100,10,-87,11,-1024,6,1,-1,-1,-1,-1,-1,0x0000000000000000,1500,1500,988,1500,2012,988,988,988,988,988,1500,1500,1500,1500,1500,1500,1500,1500,1500,1500,1500,1500,1500,1500,1500,1500,1500,1500,1500,1500,1500,1500,7.6
2000-01-01,00:02:05.110,"AIR",8.2,0.7,9,71,-0.01,0.00,-0.05,-44,0,100,10,0,9,25,-39,100,10,-2,8,-1024,5,1,-1,-1,-1,-1,-1,0x0000000000000000,1500,1500,988,1529,2012,988,988,988,988,988,1500,1500,1500,1500,1500,1500,1500,1500,1500,1500,1500,1500,1500,1500,1500,1500,1500,1500,1500,1500,1500,1500,7.6
2000-01-01,00:02:05.310,"AIR",8.2,0.7,9,71,-0.01,0.00,-0.05,-43,0,100,10,0,9,25,-41,100,10,-2,5,-1024,6,1,-1,-1,-1,-1,-1,0x0000000000000000,1500,1500,988,1529,2012,988,988,988,988,988,1500,1500,1500,1500,1500,1500,1500,1500,1500,1500,1500,1500,1500,1500,1500,1500,1500,1500,1500,1500,1500,1500,7.6
2000-01-01,00:02:05.510,"AIR",8.2,0.7,9,71,-0.01,0.00,-0.05,-43,0,100,10,0,9,25,-44,100,10,-3,7,-1024,4,1,-1,-1,-1,-1,-1,0x0000000000000000,1500,1500,988,1529,2012,988,988,988,988,988,1500,1500,1500,1500,1500,1500,1500,1500,1500,1500,1500,1500,1500,1500,1500,1500,1500,1500,1500,1500,1500,1500,7.6
2000-01-01,00:02:05.710,"AIR",8.2,0.7,9,71,-0.01,0.00,-0.05,-43,0,100,10,0,9,25,-44,100,10,-3,13,-1024,2,1,-1,-1,-1,-1,-1,0x0000000000000000,1500,1500,988,1529,2012,988,988,988,988,988,1500,1500,1500,1500,1500,1500,1500,1500,1500,1500,1500,1500,1500,1500,1500,1500,1500,1500,1500,1500,1500,1500,7.6
2000-01-01,00:02:05.910,"AIR",8.2,0.6,9,71,-0.01,0.00,-0.05,-43,0,100,11,0,9,25,-37,100,10,-3,6,-1024,3,1,-1,-1,-1,-1,-1,0x0000000000000000,1500,1500,988,1529,2012,988,988,988,988,988,1500,1500,1500,1500,1500,1500,1500,1500,1500,1500,1500,1500,1500,1500,1500,1500,1500,1500,1500,1500,1500,1500,7.6
2000-01-01,00:02:06.110,"AIR",8.2,0.6,9,71,-0.01,0.00,-0.05,-42,0,100,10,0,9,25,-38,100,10,-2,7,-1024,3,1,-1,-1,-1,-1,-1,0x0000000000000000,1500,1500,988,1529,2012,988,988,988,988,988,1500,1500,1500,1500,1500,1500,1500,1500,1500,1500,1500,1500,1500,1500,1500,1500,1500,1500,1500,1500,1500,1500,7.6
2000-01-01,00:02:06.310,"AIR",8.2,0.6,9,71,-0.01,0.00,-0.05,-43,0,100,10,0,9,25,-41,100,10,-1,10,-1024,3,1,-1,-1,-1,-1,-1,0x0000000000000000,1500,1500,988,1530,2012,988,988,988,988,988,1500,1500,1500,1500,1500,1500,1500,1500,1500,1500,1500,1500,1500,1500,1500,1500,1500,1500,1500,1500,1500,1500,7.6
2000-01-01,00:02:06.510,"AIR",8.2,0.6,9,71,-0.01,0.00,-0.05,-42,0,100,10,0,9,25,-39,100,10,-1,13,-1024,2,1,-1,-1,-1,-1,-1,0x0000000000000000,1500,1500,988,1530,2012,988,988,988,988,988,1500,1500,1500,1500,1500,1500,1500,1500,1500,1500,1500,1500,1500,1500,1500,1500,1500,1500,1500,1500,1500,1500,7.6
2000-01-01,00:02:06.710,"AIR",8.2,0.7,9,71,-0.01,0.00,-0.05,-43,0,100,10,0,9,25,-37,100,10,-2,12,-1024,3,1,-1,-1,-1,-1,-1,0x0000000000000000,1500,1500,988,1529,2012,988,988,988,988,988,1500,1500,1500,1500,1500,1500,1500,1500,1500,1500,1500,1500,1500,1500,1500,1500,1500,1500,1500,1500,1500,1500,7.6
2000-01-01,00:02:06.910,"AIR",8.2,0.6,9,71,-0.01,0.00,-0.05,-43,0,100,10,0,9,25,-37,100,10,-2,12,-1024,2,1,-1,-1,-1,-1,-1,0x0000000000000000,1500,1500,988,1529,2012,988,988,988,988,988,1500,1500,1500,1500,1500,1500,1500,1500,1500,1500,1500,1500,1500,1500,1500,1500,1500,1500,1500,1500,1500,1500,7.6
2000-01-01,00:02:07.110,"AIR",8.2,0.6,9,71,-0.01,0.00,-0.05,-43,0,100,10,0,9,25,-41,100,10,-3,10,-1024,3,1,-1,-1,-1,-1,-1,0x0000000000000000,1500,1500,988,1529,2012,988,988,988,988,988,1500,1500,1500,1500,1500,1500,1500,1500,1500,1500,1500,1500,1500,1500,1500,1500,1500,1500,1500,1500,1500,1500,7.6
2000-01-01,00:02:07.310,"AIR",8.2,0.6,9,71,-0.01,0.00,-0.05,-43,0,100,10,0,9,25,-40,100,10,-4,11,-1024,3,1,-1,-1,-1,-1,-1,0x0000000000000000,1500,1500,988,1528,2012,988,988,988,988,988,1500,1500,1500,1500,1500,1500,1500,1500,1500,1500,1500,1500,1500,1500,1500,1500,1500,1500,1500,1500,1500,1500,7.6
2000-01-01,00:02:07.510,"HOR",8.2,0.7,9,71,-0.01,0.00,-0.05,-43,0,100,11,0,9,25,-44,100,11,-2,12,-1024,2,1,1,-1,-1,-1,-1,0x0000000000000000,1500,1500,988,1529,2012,2012,988,988,988,988,1500,1500,1500,1500,1500,1500,1500,1500,1500,1500,1500,1500,1500,1500,1500,1500,1500,1500,1500,1500,1500,1500,7.6
2000-01-01,00:02:07.710,"HOR",8.2,0.6,9,71,-0.01,0.00,-0.05,-44,0,100,10,0,9,25,-37,100,10,-2,12,-1024,1,1,1,-1,-1,-1,-1,0x0000000000000000,1500,1500,988,1529,2012,2012,988,988,988,988,1500,1500,1500,1500,1500,1500,1500,1500,1500,1500,1500,1500,1500,1500,1500,1500,1500,1500,1500,1500,1500,1500,7.6
2000-01-01,00:02:07.910,"HOR",8.2,0.6,9,71,-0.01,0.00,-0.05,-43,0,100,10,0,9,25,-39,100,11,-1,14,-1024,2,1,1,-1,-1,-1,-1,0x0000000000000000,1500,1500,988,1530,2012,2012,988,988,988,988,1500,1500,1500,1500,1500,1500,1500,1500,1500,1500,1500,1500,1500,1500,1500,1500,1500,1500,1500,1500,1500,1500,7.6
2000-01-01,00:02:08.110,"HOR",8.2,0.7,10,71,-0.01,0.00,-0.05,-43,0,100,10,0,9,25,-39,100,11,-2,13,-1024,2,1,1,-1,-1,-1,-1,0x0000000000000000,1500,1500,988,1529,2012,2012,988,988,988,988,1500,1500,1500,1500,1500,1500,1500,1500,1500,1500,1500,1500,1500,1500,1500,1500,1500,1500,1500,1500,1500,1500,7.6
2000-01-01,00:02:08.310,"HOR",8.2,0.7,10,71,-0.01,0.01,-0.05,-43,0,100,10,0,9,25,-41,100,10,-2,13,-1024,3,1,1,-1,-1,-1,-1,0x0000000000000000,1500,1500,988,1529,2012,2012,988,988,988,988,1500,1500,1500,1500,1500,1500,1500,1500,1500,1500,1500,1500,1500,1500,1500,1500,1500,1500,1500,1500,1500,1500,7.6
2000-01-01,00:02:08.510,"HOR",8.2,0.6,10,71,-0.01,0.01,-0.05,-42,0,100,11,0,9,25,-40,100,10,-3,10,-1024,3,1,1,-1,-1,-1,-1,0x0000000000000000,1500,1500,988,1529,2012,2012,988,988,988,988,1500,1500,1500,1500,1500,1500,1500,1500,1500,1500,1500,1500,1500,1500,1500,1500,1500,1500,1500,1500,1500,1500,7.6
2000-01-01,00:02:08.710,"HOR",8.2,0.6,10,71,-0.01,0.01,-0.05,-43,0,100,10,0,9,25,-37,100,10,-4,9,-1024,3,1,1,-1,-1,-1,-1,0x0000000000000000,1500,1500,988,1528,2012,2012,988,988,988,988,1500,1500,1500,1500,1500,1500,1500,1500,1500,1500,1500,1500,1500,1500,1500,1500,1500,1500,1500,1500,1500,1500,7.6
2000-01-01,00:02:08.910,"STAB",8.2,0.6,10,71,-0.01,0.01,-0.05,-42,0,100,10,0,9,25,-40,100,10,-4,9,-1024,3,1,0,-1,-1,-1,-1,0x0000000000000000,1500,1500,988,1528,2012,1500,988,988,988,988,1500,1500,1500,1500,1500,1500,1500,1500,1500,1500,1500,1500,1500,1500,1500,1500,1500,1500,1500,1500,1500,1500,7.6
2000-01-01,00:02:09.110,"STAB",8.2,0.6,10,71,-0.01,0.01,-0.05,-42,0,100,10,0,9,25,-40,100,11,-3,10,-1024,2,1,0,-1,-1,-1,-1,0x0000000000000000,1500,1500,988,1529,2012,1500,988,988,988,988,1500,1500,1500,1500,1500,1500,1500,1500,1500,1500,1500,1500,1500,1500,1500,1500,1500,1500,1500,1500,1500,1500,7.6
2000-01-01,00:02:09.310,"STAB",8.2,0.6,10,71,-0.01,0.01,-0.05,-42,0,100,10,0,9,25,-40,100,11,-2,8,-1024,4,1,-1,-1,-1,-1,-1,0x0000000000000000,1500,1500,988,1529,2012,988,988,988,988,988,1500,1500,1500,1500,1500,1500,1500,1500,1500,1500,1500,1500,1500,1500,1500,1500,1500,1500,1500,1500,1500,1500,7.6
2000-01-01,00:02:09.510,"AIR",8.2,0.6,10,71,-0.01,0.01,-0.05,-43,0,100,10,0,9,25,-44,100,10,-2,9,-1024,3,1,-1,-1,-1,-1,-1,0x0000000000000000,1500,1500,988,1529,2012,988,988,988,988,988,1500,1500,1500,1500,1500,1500,1500,1500,1500,1500,1500,1500,1500,1500,1500,1500,1500,1500,1500,1500,1500,1500,7.6
2000-01-01,00:02:09.710,"AIR",8.2,0.6,10,71,-0.01,0.01,-0.05,-43,0,100,10,0,9,25,-38,100,11,-2,8,-1024,3,1,-1,-1,-1,-1,-1,0x0000000000000000,1500,1500,988,1529,2012,988,988,988,988,988,1500,1500,1500,1500,1500,1500,1500,1500,1500,1500,1500,1500,1500,1500,1500,1500,1500,1500,1500,1500,1500,1500,7.6
2000-01-01,00:02:09.910,"AIR",8.2,0.6,10,71,-0.01,0.01,-0.04,-44,0,100,10,0,9,25,-38,100,10,-2,9,-1024,3,1,-1,-1,-1,-1,-1,0x0000000000000000,1500,1500,988,1529,2012,988,988,988,988,988,1500,1500,1500,1500,1500,1500,1500,1500,1500,1500,1500,1500,1500,1500,1500,1500,1500,1500,1500,1500,1500,1500,7.6
2000-01-01,00:02:10.110,"AIR",8.2,0.6,10,71,-0.01,0.01,-0.04,-44,0,100,10,0,9,25,-42,100,10,-1,8,-1024,2,1,-1,-1,-1,-1,-1,0x0000000000000000,1500,1500,988,1530,2012,988,988,988,988,988,1500,1500,1500,1500,1500,1500,1500,1500,1500,1500,1500,1500,1500,1500,1500,1500,1500,1500,1500,1500,1500,1500,7.6
2000-01-01,00:02:10.310,"AIR",8.2,0.6,10,71,-0.01,0.01,-0.04,-45,0,100,10,0,9,25,-40,100,10,-1,8,-1024,3,1,-1,-1,-1,-1,-1,0x0000000000000000,1500,1500,988,1530,2012,988,988,988,988,988,1500,1500,1500,1500,1500,1500,1500,1500,1500,1500,1500,1500,1500,1500,1500,1500,1500,1500,1500,1500,1500,1500,7.6
2000-01-01,00:02:10.510,"AIR",8.2,0.6,10,71,-0.01,0.01,-0.04,-45,0,100,10,0,9,25,-40,100,10,-1,9,-1024,3,1,0,-1,-1,-1,-1,0x0000000000000000,1500,1500,988,1530,2012,1500,988,988,988,988,1500,1500,1500,1500,1500,1500,1500,1500,1500,1500,1500,1500,1500,1500,1500,1500,1500,1500,1500,1500,1500,1500,7.6
2000-01-01,00:02:10.710,"HOR",8.2,0.6,10,71,-0.01,0.01,-0.04,-44,0,100,10,0,9,25,-37,100,11,0,9,-1024,2,1,1,-1,-1,-1,-1,0x0000000000000000,1500,1500,988,1530,2012,2012,988,988,988,988,1500,1500,1500,1500,1500,1500,1500,1500,1500,1500,1500,1500,1500,1500,1500,1500,1500,1500,1500,1500,1500,1500,7.6
2000-01-01,00:02:10.910,"HOR",8.2,0.6,10,71,-0.01,0.01,-0.04,-44,0,100,10,0,9,25,-41,100,10,-1,10,-1024,3,1,1,-1,-1,-1,-1,0x0000000000000000,1500,1500,988,1530,2012,2012,988,988,988,988,1500,1500,1500,1500,1500,1500,1500,1500,1500,1500,1500,1500,1500,1500,1500,1500,1500,1500,1500,1500,1500,1500,7.6
2000-01-01,00:02:11.110,"HOR",8.2,0.6,10,71,-0.01,0.01,-0.04,-43,0,100,10,0,9,25,-41,100,10,-1,10,-1024,2,1,1,-1,-1,-1,-1,0x0000000000000000,1500,1500,988,1530,2012,2012,988,988,988,988,1500,1500,1500,1500,1500,1500,1500,1500,1500,1500,1500,1500,1500,1500,1500,1500,1500,1500,1500,1500,1500,1500,7.6
2000-01-01,00:02:11.310,"HOR",8.2,0.6,10,71,-0.01,0.01,-0.04,-44,0,100,10,0,9,25,-44,100,10,-1,10,-1024,3,1,1,-1,-1,-1,-1,0x0000000000000000,1500,1500,988,1530,2012,2012,988,988,988,988,1500,1500,1500,1500,1500,1500,1500,1500,1500,1500,1500,1500,1500,1500,1500,1500,1500,1500,1500,1500,1500,1500,7.6
2000-01-01,00:02:11.510,"STAB",8.2,0.6,10,71,-0.01,0.01,-0.04,-43,0,100,10,0,9,25,-36,100,6,-2,8,-1024,4,1,-1,-1,-1,-1,-1,0x0000000000000000,1500,1500,988,1529,2012,988,988,988,988,988,1500,1500,1500,1500,1500,1500,1500,1500,1500,1500,1500,1500,1500,1500,1500,1500,1500,1500,1500,1500,1500,1500,7.6
2000-01-01,00:02:11.710,"AIR",8.2,0.6,10,71,-0.01,0.01,-0.04,-43,0,100,10,0,9,25,-36,100,6,-3,7,-1024,5,1,-1,-1,-1,-1,-1,0x0000000000000000,1500,1500,988,1529,2012,988,988,988,988,988,1500,1500,1500,1500,1500,1500,1500,1500,1500,1500,1500,1500,1500,1500,1500,1500,1500,1500,1500,1500,1500,1500,7.6
2000-01-01,00:02:11.910,"AIR",8.2,0.6,10,71,-0.01,0.01,-0.04,-46,0,100,10,0,9,25,-39,100,10,-2,8,-1024,4,1,-1,-1,-1,-1,-1,0x0000000000000000,1500,1500,988,1529,2012,988,988,988,988,988,1500,1500,1500,1500,1500,1500,1500,1500,1500,1500,1500,1500,1500,1500,1500,1500,1500,1500,1500,1500,1500,1500,7.6
2000-01-01,00:02:12.110,"AIR",8.2,0.6,10,71,-0.01,0.01,-0.04,-44,0,100,11,0,9,25,-41,100,10,-6,6,-1024,2,1,-1,-1,-1,-1,-1,0x0000000000000000,1500,1500,988,1527,2012,988,988,988,988,988,1500,1500,1500,1500,1500,1500,1500,1500,1500,1500,1500,1500,1500,1500,1500,1500,1500,1500,1500,1500,1500,1500,7.6
2000-01-01,00:02:12.310,"AIR",8.2,0.6,10,71,-0.01,0.01,-0.04,-46,0,100,10,0,9,25,-39,100,10,-1,3,-1024,3,1,-1,-1,-1,-1,-1,0x0000000000000000,1500,1500,988,1530,2012,988,988,988,988,988,1500,1500,1500,1500,1500,1500,1500,1500,1500,1500,1500,1500,1500,1500,1500,1500,1500,1500,1500,1500,1500,1500,7.6
2000-01-01,00:02:12.510,"AIR",8.2,0.6,10,71,-0.01,0.01,-0.04,-44,0,100,10,0,9,25,-36,100,11,-1,7,-1024,5,1,-1,-1,-1,-1,-1,0x0000000000000000,1500,1500,988,1530,2012,988,988,988,988,988,1500,1500,1500,1500,1500,1500,1500,1500,1500,1500,1500,1500,1500,1500,1500,1500,1500,1500,1500,1500,1500,1500,7.6
2000-01-01,00:02:12.710,"AIR",8.2,0.6,10,71,-0.01,0.01,-0.04,-44,0,100,10,0,9,25,-40,100,10,-1,6,-1024,4,1,-1,-1,-1,-1,-1,0x0000000000000000,1500,1500,988,1530,2012,988,988,988,988,988,1500,1500,1500,1500,1500,1500,1500,1500,1500,1500,1500,1500,1500,1500,1500,1500,1500,1500,1500,1500,1500,1500,7.6
2000-01-01,00:02:12.910,"AIR",8.2,0.6,10,71,-0.01,0.01,-0.04,-44,0,100,10,0,9,25,-40,100,10,-3,8,-1024,4,1,-1,-1,-1,-1,-1,0x0000000000000000,1500,1500,988,1529,2012,988,988,988,988,988,1500,1500,1500,1500,1500,1500,1500,1500,1500,1500,1500,1500,1500,1500,1500,1500,1500,1500,1500,1500,1500,1500,7.6
2000-01-01,00:02:13.110,"AIR",8.2,0.6,10,71,-0.01,0.01,-0.04,-44,0,100,10,0,9,25,-40,100,10,-2,15,-1024,4,1,-1,-1,-1,-1,-1,0x0000000000000000,1500,1500,988,1529,2012,988,988,988,988,988,1500,1500,1500,1500,1500,1500,1500,1500,1500,1500,1500,1500,1500,1500,1500,1500,1500,1500,1500,1500,1500,1500,7.6
2000-01-01,00:02:13.310,"AIR",8.2,0.6,11,71,-0.01,0.01,-0.04,-44,0,100,10,0,9,25,-43,100,10,-4,7,-1024,4,1,-1,-1,-1,-1,-1,0x0000000000000000,1500,1500,988,1528,2012,988,988,988,988,988,1500,1500,1500,1500,1500,1500,1500,1500,1500,1500,1500,1500,1500,1500,1500,1500,1500,1500,1500,1500,1500,1500,7.6
2000-01-01,00:02:13.510,"AIR",8.2,0.6,11,71,-0.01,0.01,-0.04,-43,0,100,11,0,9,25,-36,100,10,-2,11,-1024,1,1,-1,-1,-1,-1,-1,0x0000000000000000,1500,1500,988,1529,2012,988,988,988,988,988,1500,1500,1500,1500,1500,1500,1500,1500,1500,1500,1500,1500,1500,1500,1500,1500,1500,1500,1500,1500,1500,1500,7.6
2000-01-01,00:02:13.710,"AIR",8.2,0.6,11,71,-0.01,0.01,-0.04,-46,0,100,10,0,9,25,-39,100,11,-2,4,-1024,2,1,-1,-1,-1,-1,-1,0x0000000000000000,1500,1500,988,1529,2012,988,988,988,988,988,1500,1500,1500,1500,1500,1500,1500,1500,1500,1500,1500,1500,1500,1500,1500,1500,1500,1500,1500,1500,1500,1500,7.6
2000-01-01,00:02:13.910,"AIR",8.2,0.6,11,71,-0.01,0.01,-0.04,-45,0,100,10,0,9,25,-40,100,12,-3,16,-1024,-6,1,-1,-1,-1,-1,-1,0x0000000000000000,1500,1500,988,1529,2012,988,988,988,988,988,1500,1500,1500,1500,1500,1500,1500,1500,1500,1500,1500,1500,1500,1500,1500,1500,1500,1500,1500,1500,1500,1500,7.6
2000-01-01,00:02:14.110,"AIR",8.2,0.6,11,71,-0.01,0.01,-0.04,-45,0,100,10,0,9,25,-40,100,12,-4,37,-839,-31,1,-1,-1,-1,-1,-1,0x0000000000000000,1495,1508,1081,1528,2012,988,988,988,988,988,1500,1500,1500,1500,1500,1500,1500,1500,1500,1500,1500,1500,1500,1500,1500,1500,1500,1500,1500,1500,1500,1500,7.6
2000-01-01,00:02:14.310,"AIR",8.2,0.8,11,70,-0.01,0.01,-0.03,-46,0,100,11,0,9,25,-40,100,12,-5,59,-726,-82,1,-1,-1,-1,-1,-1,0x0000000000000000,1469,1519,1137,1528,2012,988,988,988,988,988,1500,1500,1500,1500,1500,1500,1500,1500,1500,1500,1500,1500,1500,1500,1500,1500,1500,1500,1500,1500,1500,1500,7.6
2000-01-01,00:02:14.510,"AIR",8.2,1.0,11,70,-0.01,0.00,-0.01,-45,0,100,10,0,9,25,-36,100,10,-5,58,-711,-124,1,-1,-1,-1,-1,-1,0x0000000000000000,1447,1519,1145,1528,2012,988,988,988,988,988,1500,1500,1500,1500,1500,1500,1500,1500,1500,1500,1500,1500,1500,1500,1500,1500,1500,1500,1500,1500,1500,1500,7.6
2000-01-01,00:02:14.710,"AIR",8.2,1.1,11,70,0.01,-0.05,0.00,-44,0,100,11,0,9,25,-40,100,11,-4,46,-707,-163,1,-1,-1,-1,-1,-1,0x0000000000000000,1428,1513,1147,1528,2012,988,988,988,988,988,1500,1500,1500,1500,1500,1500,1500,1500,1500,1500,1500,1500,1500,1500,1500,1500,1500,1500,1500,1500,1500,1500,7.6
2000-01-01,00:02:14.910,"AIR",8.2,1.3,11,70,0.04,-0.11,0.01,-45,0,100,10,0,9,25,-40,100,10,-45,66,-617,-6,1,-1,-1,-1,-1,-1,0x0000000000000000,1500,1523,1192,1507,2012,988,988,988,988,988,1500,1500,1500,1500,1500,1500,1500,1500,1500,1500,1500,1500,1500,1500,1500,1500,1500,1500,1500,1500,1500,1500,7.6
2000-01-01,00:02:15.110,"AIR",8.1,1.8,11,69,0.04,-0.10,0.01,-45,0,100,10,0,9,25,-47,100,11,-99,-15,-567,176,1,-1,-1,-1,-1,-1,0x0000000000000000,1579,1500,1217,1500,2012,988,988,988,988,988,1500,1500,1500,1500,1500,1500,1500,1500,1500,1500,1500,1500,1500,1500,1500,1500,1500,1500,1500,1500,1500,1500,7.6
2000-01-01,00:02:15.310,"AIR",8.1,1.8,11,69,0.00,-0.03,0.02,-45,0,100,10,0,9,25,-47,100,11,-76,-33,-564,148,1,-1,-1,-1,-1,-1,0x0000000000000000,1565,1494,1218,1500,2012,988,988,988,988,988,1500,1500,1500,1500,1500,1500,1500,1500,1500,1500,1500,1500,1500,1500,1500,1500,1500,1500,1500,1500,1500,1500,7.6
2000-01-01,00:02:15.510,"AIR",8.1,1.7,11,68,0.01,-0.02,0.02,-46,0,100,10,0,9,25,-38,100,11,-46,57,-536,-41,1,-1,-1,-1,-1,-1,0x0000000000000000,1490,1518,1232,1507,2012,988,988,988,988,988,1500,1500,1500,1500,1500,1500,1500,1500,1500,1500,1500,1500,1500,1500,1500,1500,1500,1500,1500,1500,1500,1500,7.6
2000-01-01,00:02:15.710,"AIR",8.1,1.8,11,68,0.03,-0.03,0.03,-47,0,100,10,0,9,25,-44,100,10,-54,101,-515,-123,1,-1,-1,-1,-1,-1,0x0000000000000000,1448,1541,1243,1503,2012,988,988,988,988,988,1500,1500,1500,1500,1500,1500,1500,1500,1500,1500,1500,1500,1500,1500,1500,1500,1500,1500,1500,1500,1500,1500,7.6
2000-01-01,00:02:15.910,"AIR",8.1,1.9,11,68,0.06,-0.08,0.03,-47,0,100,10,0,9,25,-47,100,11,-64,46,-481,-52,1,-1,-1,-1,-1,-1,0x0000000000000000,1484,1513,1260,1500,2012,988,988,988,988,988,1500,1500,1500,1500,1500,1500,1500,1500,1500,1500,1500,1500,1500,1500,1500,1500,1500,1500,1500,1500,1500,1500,7.6
2000-01-01,00:02:16.110,"AIR",8.1,2.1,12,68,0.06,-0.06,0.03,-48,0,100,11,0,9,25,-39,100,11,-99,1,-450,172,1,-1,-1,-1,-1,-1,0x0000000000000000,1577,1500,1275,1500,2012,988,988,988,988,988,1500,1500,1500,1500,1500,1500,1500,1500,1500,1500,1500,1500,1500,1500,1500,1500,1500,1500,1500,1500,1500,1500,7.6
2000-01-01,00:02:16.310,"AIR",8.1,2.3,12,68,0.06,0.00,0.03,-47,0,100,11,0,9,25,-45,100,11,-87,1,-426,69,1,-1,-1,-1,-1,-1,0x0000000000000000,1524,1500,1287,1500,2012,988,988,988,988,988,1500,1500,1500,1500,1500,1500,1500,1500,1500,1500,1500,1500,1500,1500,1500,1500,1500,1500,1500,1500,1500,1500,7.6
2000-01-01,00:02:16.510,"AIR",8.1,2.4,12,68,0.06,0.00,0.03,-47,0,100,11,0,9,25,-45,100,11,-72,3,-415,3,1,-1,-1,-1,-1,-1,0x0000000000000000,1500,1500,1293,1500,2012,988,988,988,988,988,1500,1500,1500,1500,1500,1500,1500,1500,1500,1500,1500,1500,1500,1500,1500,1500,1500,1500,1500,1500,1500,1500,7.6
2000-01-01,00:02:16.710,"AIR",8.1,2.5,12,67,0.05,0.00,0.03,-47,0,100,11,0,9,25,-47,100,11,-76,-42,-398,124,1,-1,-1,-1,-1,-1,0x0000000000000000,1553,1489,1301,1500,2012,988,988,988,988,988,1500,1500,1500,1500,1500,1500,1500,1500,1500,1500,1500,1500,1500,1500,1500,1500,1500,1500,1500,1500,1500,1500,7.6
2000-01-01,00:02:16.910,"AIR",8.1,2.5,12,67,0.05,0.08,0.03,-47,0,100,10,0,9,25,-35,100,11,-77,1,-420,171,1,-1,-1,-1,-1,-1,0x0000000000000000,1577,1500,1290,1500,2012,988,988,988,988,988,1500,1500,1500,1500,1500,1500,1500,1500,1500,1500,1500,1500,1500,1500,1500,1500,1500,1500,1500,1500,1500,1500,7.6
2000-01-01,00:02:17.110,"AIR",8.1,2.7,12,67,0.05,0.09,0.03,-43,0,100,11,0,9,25,-42,100,11,-19,3,-364,-139,1,-1,-1,-1,-1,-1,0x0000000000000000,1440,1500,1318,1520,2012,988,988,988,988,988,1500,1500,1500,1500,1500,1500,1500,1500,1500,1500,1500,1500,1500,1500,1500,1500,1500,1500,1500,1500,1500,1500,7.6
2000-01-01,00:02:17.310,"AIR",8.1,2.8,12,67,0.05,0.03,0.04,-43,0,100,11,0,9,25,-38,100,11,-14,4,-362,-83,1,-1,-1,-1,-1,-1,0x0000000000000000,1468,1500,1319,1523,2012,988,988,988,988,988,1500,1500,1500,1500,1500,1500,1500,1500,1500,1500,1500,1500,1500,1500,1500,1500,1500,1500,1500,1500,1500,1500,7.6
2000-01-01,00:02:17.510,"AIR",8.1,2.9,13,66,0.04,-0.01,0.06,-39,0,100,10,0,9,25,-31,100,11,-12,-71,-396,-190,1,-1,-1,-1,-1,-1,0x0000000000000000,1414,1474,1302,1524,2012,988,988,988,988,988,1500,1500,1500,1500,1500,1500,1500,1500,1500,1500,1500,1500,1500,1500,1500,1500,1500,1500,1500,1500,1500,1500,7.6
2000-01-01,00:02:17.710,"AIR",8.1,2.5,13,67,0.02,-0.09,0.07,-39,0,100,10,0,9,25,-31,100,11,-51,-14,-418,1,1,-1,-1,-1,-1,-1,0x0000000000000000,1500,1500,1291,1504,2012,988,988,988,988,988,1500,1500,1500,1500,1500,1500,1500,1500,1500,1500,1500,1500,1500,1500,1500,1500,1500,1500,1500,1500,1500,1500,7.6
2000-01-01,00:02:17.910,"AIR",8.1,2.7,13,66,0.01,-0.07,0.07,-40,0,100,10,0,9,25,-38,100,12,-57,-100,-373,191,1,-1,-1,-1,-1,-1,0x0000000000000000,1587,1460,1314,1501,2012,988,988,988,988,988,1500,1500,1500,1500,1500,1500,1500,1500,1500,1500,1500,1500,1500,1500,1500,1500,1500,1500,1500,1500,1500,1500,7.6
2000-01-01,00:02:18.110,"AIR",8.1,2.9,13,66,-0.01,0.01,0.06,-41,0,100,11,0,9,25,-36,100,11,-51,-150,-320,51,1,-1,-1,-1,-1,-1,0x0000000000000000,1515,1434,1340,1504,2012,988,988,988,988,988,1500,1500,1500,1500,1500,1500,1500,1500,1500,1500,1500,1500,1500,1500,1500,1500,1500,1500,1500,1500,1500,1500,7.6
2000-01-01,00:02:18.310,"AIR",8.1,3.1,13,66,-0.09,0.01,0.07,-42,0,100,10,0,9,25,-46,100,10,-44,-139,-351,-45,1,-1,-1,-1,-1,-1,0x0000000000000000,1488,1440,1325,1508,2012,988,988,988,988,988,1500,1500,1500,1500,1500,1500,1500,1500,1500,1500,1500,1500,1500,1500,1500,1500,1500,1500,1500,1500,1500,1500,7.6
2000-01-01,00:02:18.510,"AIR",8.1,2.7,13,66,-0.11,0.00,0.08,-46,0,100,10,0,9,25,-53,100,10,-69,11,-399,-56,1,-1,-1,-1,-1,-1,0x0000000000000000,1482,1500,1301,1500,2012,988,988,988,988,988,1500,1500,1500,1500,1500,1500,1500,1500,1500,1500,1500,1500,1500,1500,1500,1500,1500,1500,1500,1500,1500,1500,7.6
2000-01-01,00:02:18.710,"AIR",8.1,3.0,14,66,-0.10,0.00,0.07,-50,0,100,10,0,9,25,-50,100,12,-42,69,-249,-1,1,-1,-1,-1,-1,-1,0x0000000000000000,1500,1524,1376,1509,2012,988,988,988,988,988,1500,1500,1500,1500,1500,1500,1500,1500,1500,1500,1500,1500,1500,1500,1500,1500,1500,1500,1500,1500,1500,1500,7.6
2000-01-01,00:02:18.910,"AIR",8.0,3.6,14,65,-0.06,0.00,0.08,-50,0,100,10,0,9,25,-50,100,12,-12,181,-269,0,1,-1,-1,-1,-1,-1,0x0000000000000000,1500,1582,1366,1524,2012,988,988,988,988,988,1500,1500,1500,1500,1500,1500,1500,1500,1500,1500,1500,1500,1500,1500,1500,1500,1500,1500,1500,1500,1500,1500,7.6
2000-01-01,00:02:19.110,"AIR",8.0,3.1,14,65,0.03,0.00,0.09,-58,0,100,10,0,9,25,-50,100,11,-55,169,-473,5,1,-1,-1,-1,-1,-1,0x0000000000000000,1500,1575,1264,1502,2012,988,988,988,988,988,1500,1500,1500,1500,1500,1500,1500,1500,1500,1500,1500,1500,1500,1500,1500,1500,1500,1500,1500,1500,1500,1500,7.6
2000-01-01,00:02:19.310,"AIR",8.1,2.4,14,66,0.08,0.00,0.09,-57,0,98,10,0,9,25,-56,92,9,-63,29,-419,4,1,-1,-1,-1,-1,-1,0x0000000000000000,1500,1504,1291,1500,2012,988,988,988,988,988,1500,1500,1500,1500,1500,1500,1500,1500,1500,1500,1500,1500,1500,1500,1500,1500,1500,1500,1500,1500,1500,1500,7.6
2000-01-01,00:02:19.510,"AIR",8.1,2.5,14,66,0.07,0.00,0.09,-56,0,98,11,0,9,25,-51,100,11,-67,5,-343,3,1,-1,-1,-1,-1,-1,0x0000000000000000,1500,1500,1329,1500,2012,988,988,988,988,988,1500,1500,1500,1500,1500,1500,1500,1500,1500,1500,1500,1500,1500,1500,1500,1500,1500,1500,1500,1500,1500,1500,7.6
2000-01-01,00:02:19.710,"AIR",8.0,3.1,14,65,0.06,0.00,0.09,-56,0,100,11,0,9,25,-56,100,10,-40,-68,-224,8,1,-1,-1,-1,-1,-1,0x0000000000000000,1500,1476,1388,1510,2012,988,988,988,988,988,1500,1500,1500,1500,1500,1500,1500,1500,1500,1500,1500,1500,1500,1500,1500,1500,1500,1500,1500,1500,1500,1500,7.6
2000-01-01,00:02:19.910,"AIR",8.0,3.6,15,65,0.05,0.01,0.09,-57,0,100,11,0,9,25,-53,100,11,-103,-47,-261,85,1,-1,-1,-1,-1,-1,0x0000000000000000,1533,1487,1370,1499,2012,988,988,988,988,988,1500,1500,1500,1500,1500,1500,1500,1500,1500,1500,1500,1500,1500,1500,1500,1500,1500,1500,1500,1500,1500,1500,7.6
2000-01-01,00:02:20.110,"AIR",8.0,3.5,15,65,0.04,0.02,0.09,-57,0,100,11,0,9,25,-53,100,11,-89,-51,-349,0,1,-1,-1,-1,-1,-1,0x0000000000000000,1500,1485,1326,1500,2012,988,988,988,988,988,1500,1500,1500,1500,1500,1500,1500,1500,1500,1500,1500,1500,1500,1500,1500,1500,1500,1500,1500,1500,1500,1500,7.6
2000-01-01,00:02:20.310,"AIR",8.0,2.9,15,65,0.03,0.00,0.09,-55,0,100,10,0,9,25,-53,100,9,-64,-44,-371,-106,1,-1,-1,-1,-1,-1,0x0000000000000000,1457,1488,1315,1500,2012,988,988,988,988,988,1500,1500,1500,1500,1500,1500,1500,1500,1500,1500,1500,1500,1500,1500,1500,1500,1500,1500,1500,1500,1500,1500,7.6
2000-01-01,00:02:20.510,"AIR",8.0,2.8,15,65,0.03,-0.02,0.09,-53,0,100,11,0,9,25,-44,100,11,-73,0,-421,-87,1,-1,-1,-1,-1,-1,0x0000000000000000,1466,1500,1290,1500,2012,988,988,988,988,988,1500,1500,1500,1500,1500,1500,1500,1500,1500,1500,1500,1500,1500,1500,1500,1500,1500,1500,1500,1500,1500,1500,7.6
2000-01-01,00:02:20.710,"AIR",8.0,2.6,15,65,0.03,-0.04,0.09,-52,0,100,11,0,9,25,-48,100,11,-104,4,-363,-4,1,-1,-1,-1,-1,-1,0x0000000000000000,1500,1500,1319,1498,2012,988,988,988,988,988,1500,1500,1500,1500,1500,1500,1500,1500,1500,1500,1500,1500,1500,1500,1500,1500,1500,1500,1500,1500,1500,1500,7.6
2000-01-01,00:02:20.910,"AIR",8.0,2.7,15,65,0.02,-0.04,0.09,-51,0,100,10,0,9,25,-46,100,11,-104,-93,-358,2,1,-1,-1,-1,-1,-1,0x0000000000000000,1500,1463,1321,1498,2012,988,988,988,988,988,1500,1500,1500,1500,1500,1500,1500,1500,1500,1500,1500,1500,1500,1500,1500,1500,1500,1500,1500,1500,1500,1500,7.6
2000-01-01,00:02:21.110,"AIR",8.0,3.2,16,65,-0.02,-0.05,0.09,-50,0,100,10,0,9,25,-48,100,10,-88,-143,-279,7,1,-1,-1,-1,-1,-1,0x0000000000000000,1500,1438,1361,1500,2012,988,988,988,988,988,1500,1500,1500,1500,1500,1500,1500,1500,1500,1500,1500,1500,1500,1500,1500,1500,1500,1500,1500,1500,1500,1500,7.6
2000-01-01,00:02:21.310,"AIR",8.0,3.3,16,65,-0.07,-0.04,0.09,-50,0,100,10,0,9,25,-48,100,10,-82,-32,-336,41,1,-1,-1,-1,-1,-1,0x0000000000000000,1510,1494,1332,1500,2012,988,988,988,988,988,1500,1500,1500,1500,1500,1500,1500,1500,1500,1500,1500,1500,1500,1500,1500,1500,1500,1500,1500,1500,1500,1500,7.6
2000-01-01,00:02:21.510,"AIR",8.0,3.1,16,65,-0.06,-0.01,0.09,-50,0,100,10,0,9,25,-49,100,10,-97,37,-309,141,1,-1,-1,-1,-1,-1,0x0000000000000000,1561,1508,1346,1500,2012,988,988,988,988,988,1500,1500,1500,1500,1500,1500,1500,1500,1500,1500,1500,1500,1500,1500,1500,1500,1500,1500,1500,1500,1500,1500,7.6
2000-01-01,00:02:21.710,"AIR",8.0,3.2,16,65,-0.04,0.01,0.09,-55,0,100,10,0,9,25,-52,100,12,-84,138,-341,12,1,-1,-1,-1,-1,-1,0x0000000000000000,1500,1560,1330,1500,2012,988,988,988,988,988,1500,1500,1500,1500,1500,1500,1500,1500,1500,1500,1500,1500,1500,1500,1500,1500,1500,1500,1500,1500,1500,1500,7.6
2000-01-01,00:02:21.910,"AIR",8.0,2.8,16,65,0.02,0.01,0.09,-55,0,100,11,0,9,25,-50,100,10,-62,12,-399,4,1,-1,-1,-1,-1,-1,0x0000000000000000,1500,1500,1301,1500,2012,988,988,988,988,988,1500,1500,1500,1500,1500,1500,1500,1500,1500,1500,1500,1500,1500,1500,1500,1500,1500,1500,1500,1500,1500,1500,7.6
2000-01-01,00:02:22.110,"AIR",8.0,2.8,16,65,0.02,0.01,0.09,-54,0,100,10,0,9,25,-50,100,10,-61,-94,-342,2,1,-1,-1,-1,-1,-1,0x0000000000000000,1500,1463,1329,1500,2012,988,988,988,988,988,1500,1500,1500,1500,1500,1500,1500,1500,1500,1500,1500,1500,1500,1500,1500,1500,1500,1500,1500,1500,1500,1500,7.6
2000-01-01,00:02:22.310,"AIR",8.0,3.0,17,65,0.00,0.01,0.09,-57,0,100,10,0,9,25,-47,100,10,-51,6,-341,3,1,-1,-1,-1,-1,-1,0x0000000000000000,1500,1500,1330,1504,2012,988,988,988,988,988,1500,1500,1500,1500,1500,1500,1500,1500,1500,1500,1500,1500,1500,1500,1500,1500,1500,1500,1500,1500,1500,1500,7.6
2000-01-01,00:02:22.510,"AIR",8.0,3.1,17,65,0.01,0.00,0.09,-57,0,100,10,0,9,25,-47,100,10,-52,101,-338,102,1,-1,-1,-1,-1,-1,0x0000000000000000,1541,1541,1331,1504,2012,988,988,988,988,988,1500,1500,1500,1500,1500,1500,1500,1500,1500,1500,1500,1500,1500,1500,1500,1500,1500,1500,1500,1500,1500,1500,7.6
2000-01-01,00:02:22.710,"AIR",8.0,3.1,17,65,0.02,0.02,0.09,-57,0,100,11,0,9,25,-52,100,10,-28,-9,-324,11,1,-1,-1,-1,-1,-1,0x0000000000000000,1500,1500,1338,1516,2012,988,988,988,988,988,1500,1500,1500,1500,1500,1500,1500,1500,1500,1500,1500,1500,1500,1500,1500,1500,1500,1500,1500,1500,1500,1500,7.6
2000-01-01,00:02:22.910,"AIR",8.0,3.2,17,65,0.01,0.02,0.10,-60,0,100,10,0,9,25,-56,100,11,-7,-76,-328,-16,1,-1,-1,-1,-1,-1,0x0000000000000000,1500,1472,1336,1527,2012,988,988,988,988,988,1500,1500,1500,1500,1500,1500,1500,1500,1500,1500,1500,1500,1500,1500,1500,1500,1500,1500,1500,1500,1500,1500,7.6
2000-01-01,00:02:23.110,"AIR",8.0,3.1,17,65,0.00,0.01,0.12,-57,0,100,10,0,9,25,-50,100,11,-3,3,-373,-57,1,-1,-1,-1,-1,-1,0x0000000000000000,1482,1500,1314,1529,2012,988,988,988,988,988,1500,1500,1500,1500,1500,1500,1500,1500,1500,1500,1500,1500,1500,1500,1500,1500,1500,1500,1500,1500,1500,1500,7.6
2000-01-01,00:02:23.310,"AIR",8.0,2.9,18,65,0.00,0.00,0.14,-59,0,100,10,0,9,25,-46,100,11,-1,4,-395,-5,1,-1,-1,-1,-1,-1,0x0000000000000000,1500,1500,1303,1530,2012,988,988,988,988,988,1500,1500,1500,1500,1500,1500,1500,1500,1500,1500,1500,1500,1500,1500,1500,1500,1500,1500,1500,1500,1500,1500,7.6
2000-01-01,00:02:23.510,"AIR",8.0,2.7,18,65,0.00,0.00,0.17,-56,0,100,10,0,9,25,-54,100,12,50,-11,-381,-38,1,-1,-1,-1,-1,-1,0x0000000000000000,1491,1500,1310,1556,2012,988,988,988,988,988,1500,1500,1500,1500,1500,1500,1500,1500,1500,1500,1500,1500,1500,1500,1500,1500,1500,1500,1500,1500,1500,1500,7.6
2000-01-01,00:02:23.710,"AIR",8.0,3.0,18,65,0.00,0.00,0.24,-56,0,100,10,0,9,25,-54,100,12,68,-128,-256,2,1,-1,-1,-1,-1,-1,0x0000000000000000,1500,1445,1372,1565,2012,988,988,988,988,988,1500,1500,1500,1500,1500,1500,1500,1500,1500,1500,1500,1500,1500,1500,1500,1500,1500,1500,1500,1500,1500,1500,7.6
2000-01-01,00:02:23.910,"AIR",8.0,3.6,18,64,-0.06,0.00,0.29,-55,0,100,10,0,9,25,-53,100,11,49,-71,-286,1,1,-1,-1,-1,-1,-1,0x0000000000000000,1500,1474,1357,1555,2012,988,988,988,988,988,1500,1500,1500,1500,1500,1500,1500,1500,1500,1500,1500,1500,1500,1500,1500,1500,1500,1500,1500,1500,1500,1500,7.6
2000-01-01,00:02:24.110,"AIR",8.0,3.0,18,65,-0.05,0.00,0.34,-56,0,100,10,0,9,25,-47,100,10,48,130,-415,8,1,-1,-1,-1,-1,-1,0x0000000000000000,1500,1556,1293,1555,2012,988,988,988,988,988,1500,1500,1500,1500,1500,1500,1500,1500,1500,1500,1500,1500,1500,1500,1500,1500,1500,1500,1500,1500,1500,1500,7.6
2000-01-01,00:02:24.310,"AIR",8.0,2.8,18,65,0.00,0.01,0.39,-54,0,100,10,0,9,25,-50,100,10,52,103,-370,0,1,-1,-1,-1,-1,-1,0x0000000000000000,1500,1542,1315,1557,2012,988,988,988,988,988,1500,1500,1500,1500,1500,1500,1500,1500,1500,1500,1500,1500,1500,1500,1500,1500,1500,1500,1500,1500,1500,1500,7.6
2000-01-01,00:02:24.510,"AIR",8.0,2.8,19,65,0.01,-0.01,0.46,-56,0,100,10,0,9,25,-51,100,11,77,36,-345,-105,1,-1,-1,-1,-1,-1,0x0000000000000000,1457,1508,1328,1569,2012,988,988,988,988,988,1500,1500,1500,1500,1500,1500,1500,1500,1500,1500,1500,1500,1500,1500,1500,1500,1500,1500,1500,1500,1500,1500,7.6
2000-01-01,00:02:24.710,"AIR",8.0,3.0,19,65,0.02,-0.02,0.53,-59,0,100,10,0,9,25,-65,100,10,69,33,-360,-1,1,-1,-1,-1,-1,-1,0x0000000000000000,1500,1506,1320,1565,2012,988,988,988,988,988,1500,1500,1500,1500,1500,1500,1500,1500,1500,1500,1500,1500,1500,1500,1500,1500,1500,1500,1500,1500,1500,1500,7.6
2000-01-01,00:02:24.910,"AIR",8.0,2.9,19,65,0.02,-0.01,0.59,-59,0,100,10,0,9,25,-65,100,10,71,4,-357,75,1,-1,-1,-1,-1,-1,0x0000000000000000,1528,1500,1322,1566,2012,988,988,988,988,988,1500,1500,1500,1500,1500,1500,1500,1500,1500,1500,1500,1500,1500,1500,1500,1500,1500,1500,1500,1500,1500,1500,7.6
2000-01-01,00:02:25.110,"AIR",8.0,2.9,19,65,0.01,0.00,0.65,-59,0,100,10,0,9,25,-50,100,10,68,3,-354,94,1,-1,-1,-1,-1,-1,0x0000000000000000,1537,1500,1323,1565,2012,988,988,988,988,988,1500,1500,1500,1500,1500,1500,1500,1500,1500,1500,1500,1500,1500,1500,1500,1500,1500,1500,1500,1500,1500,1500,7.6
2000-01-01,00:02:25.310,"AIR",8.0,2.9,19,65,0.01,0.04,0.72,-58,0,100,10,0,9,25,-52,100,12,70,2,-357,109,1,-1,-1,-1,-1,-1,0x0000000000000000,1545,1500,1322,1566,2012,988,988,988,988,988,1500,1500,1500,1500,1500,1500,1500,1500,1500,1500,1500,1500,1500,1500,1500,1500,1500,1500,1500,1500,1500,1500,7.6
2000-01-01,00:02:25.510,"AIR",8.0,2.9,19,65,0.02,0.04,0.81,-57,0,100,10,0,9,25,-52,100,10,112,-8,-363,-1,1,-1,-1,-1,-1,-1,0x0000000000000000,1500,1500,1319,1587,2012,988,988,988,988,988,1500,1500,1500,1500,1500,1500,1500,1500,1500,1500,1500,1500,1500,1500,1500,1500,1500,1500,1500,1500,1500,1500,7.6
2000-01-01,00:02:25.710,"AIR",8.0,2.9,19,65,0.02,0.03,0.91,-59,0,100,11,0,9,25,-60,100,12,106,-56,-352,-95,1,-1,-1,-1,-1,-1,0x0000000000000000,1462,1482,1324,1584,2012,988,988,988,988,988,1500,1500,1500,1500,1500,1500,1500,1500,1500,1500,1500,1500,1500,1500,1500,1500,1500,1500,1500,1500,1500,1500,7.6
2000-01-01,00:02:25.910,"AIR",8.0,3.0,20,65,0.00,0.00,1.00,-61,0,100,11,0,9,25,-59,100,11,86,-64,-327,-107,1,-1,-1,-1,-1,-1,0x0000000000000000,1456,1478,1337,1574,2012,988,988,988,988,988,1500,1500,1500,1500,1500,1500,1500,1500,1500,1500,1500,1500,1500,1500,1500,1500,1500,1500,1500,1500,1500,1500,7.6
2000-01-01,00:02:26.110,"AIR",8.0,3.2,20,64,0.00,-0.02,1.08,-61,0,100,11,0,9,25,-59,100,11,66,-1,-319,-7,1,-1,-1,-1,-1,-1,0x0000000000000000,1500,1500,1341,1564,2012,988,988,988,988,988,1500,1500,1500,1500,1500,1500,1500,1500,1500,1500,1500,1500,1500,1500,1500,1500,1500,1500,1500,1500,1500,1500,7.6
2000-01-01,00:02:26.310,"AIR",8.0,3.2,20,64,0.00,-0.01,1.14,-62,0,100,11,0,9,25,-50,100,9,36,5,-320,138,1,-1,-1,-1,-1,-1,0x0000000000000000,1560,1500,1340,1548,2012,988,988,988,988,988,1500,1500,1500,1500,1500,1500,1500,1500,1500,1500,1500,1500,1500,1500,1500,1500,1500,1500,1500,1500,1500,1500,7.6
2000-01-01,00:02:26.510,"AIR",8.0,3.0,20,64,0.00,0.03,1.18,-61,0,100,11,0,9,25,-52,100,11,33,5,-366,100,1,-1,-1,-1,-1,-1,0x0000000000000000,1540,1500,1317,1547,2012,988,988,988,988,988,1500,1500,1500,1500,1500,1500,1500,1500,1500,1500,1500,1500,1500,1500,1500,1500,1500,1500,1500,1500,1500,1500,7.6
2000-01-01,00:02:26.710,"AIR",8.0,2.9,20,64,0.00,0.05,1.22,-59,0,100,10,0,9,25,-56,100,10,40,5,-366,95,1,-1,-1,-1,-1,-1,0x0000000000000000,1538,1500,1317,1550,2012,988,988,988,988,988,1500,1500,1500,1500,1500,1500,1500,1500,1500,1500,1500,1500,1500,1500,1500,1500,1500,1500,1500,1500,1500,1500,7.6
2000-01-01,00:02:26.910,"AIR",8.0,2.9,21,65,0.00,0.06,1.27,-60,0,100,10,0,9,25,-52,96,11,53,5,-365,-75,1,-1,-1,-1,-1,-1,0x0000000000000000,1472,1500,1318,1557,2012,988,988,988,988,988,1500,1500,1500,1500,1500,1500,1500,1500,1500,1500,1500,1500,1500,1500,1500,1500,1500,1500,1500,1500,1500,1500,7.6
2000-01-01,00:02:27.110,"AIR",8.0,2.9,21,65,0.00,0.02,1.31,-60,0,100,10,0,9,25,-54,100,10,47,5,-355,-107,1,-1,-1,-1,-1,-1,0x0000000000000000,1456,1500,1323,1554,2012,988,988,988,988,988,1500,1500,1500,1500,1500,1500,1500,1500,1500,1500,1500,1500,1500,1500,1500,1500,1500,1500,1500,1500,1500,1500,7.6
2000-01-01,00:02:27.310,"AIR",8.0,2.9,21,65,0.00,-0.01,1.37,-60,0,100,10,0,9,25,-54,100,10,45,4,-340,-105,1,-1,-1,-1,-1,-1,0x0000000000000000,1457,1500,1330,1553,2012,988,988,988,988,988,1500,1500,1500,1500,1500,1500,1500,1500,1500,1500,1500,1500,1500,1500,1500,1500,1500,1500,1500,1500,1500,1500,7.6
2000-01-01,00:02:27.510,"AIR",8.0,3.2,21,64,0.00,-0.02,1.40,-64,0,100,11,0,9,25,-51,100,11,2,8,-271,1,1,-1,-1,-1,-1,-1,0x0000000000000000,1500,1500,1365,1531,2012,988,988,988,988,988,1500,1500,1500,1500,1500,1500,1500,1500,1500,1500,1500,1500,1500,1500,1500,1500,1500,1500,1500,1500,1500,1500,7.6
2000-01-01,00:02:27.710,"AIR",8.0,3.4,21,64,0.00,-0.02,1.42,-59,0,100,11,0,9,25,-50,100,10,2,8,-302,-3,1,-1,-1,-1,-1,-1,0x0000000000000000,1500,1500,1349,1531,2012,988,988,988,988,988,1500,1500,1500,1500,1500,1500,1500,1500,1500,1500,1500,1500,1500,1500,1500,1500,1500,1500,1500,1500,1500,1500,7.6
2000-01-01,00:02:27.910,"AIR",8.0,3.2,21,64,0.00,-0.02,1.45,-56,0,100,11,0,9,25,-50,100,11,17,11,-377,-2,1,-1,-1,-1,-1,-1,0x0000000000000000,1500,1500,1312,1539,2012,988,988,988,988,988,1500,1500,1500,1500,1500,1500,1500,1500,1500,1500,1500,1500,1500,1500,1500,1500,1500,1500,1500,1500,1500,1500,7.6
2000-01-01,00:02:28.110,"AIR",8.0,2.8,22,64,0.00,-0.02,1.49,-58,0,100,11,0,9,25,-54,100,11,20,114,-380,24,1,-1,-1,-1,-1,-1,0x0000000000000000,1502,1547,1310,1540,2012,988,988,988,988,988,1500,1500,1500,1500,1500,1500,1500,1500,1500,1500,1500,1500,1500,1500,1500,1500,1500,1500,1500,1500,1500,1500,7.6
2000-01-01,00:02:28.310,"AIR",8.0,2.8,22,64,0.02,0.00,1.51,-63,0,100,11,0,9,25,-58,100,11,11,18,-364,96,1,-1,-1,-1,-1,-1,0x0000000000000000,1538,1500,1318,1536,2012,988,988,988,988,988,1500,1500,1500,1500,1500,1500,1500,1500,1500,1500,1500,1500,1500,1500,1500,1500,1500,1500,1500,1500,1500,1500,7.6
2000-01-01,00:02:28.510,"AIR",8.0,2.8,22,64,0.02,0.01,1.54,-63,0,100,11,0,9,25,-58,100,11,19,3,-351,93,1,-1,-1,-1,-1,-1,0x0000000000000000,1537,1500,1325,1540,2012,988,988,988,988,988,1500,1500,1500,1500,1500,1500,1500,1500,1500,1500,1500,1500,1500,1500,1500,1500,1500,1500,1500,1500,1500,1500,7.6
2000-01-01,00:02:28.710,"AIR",8.0,3.0,22,64,0.02,0.04,1.57,-61,0,100,10,0,9,25,-57,100,11,30,1,-345,4,1,-1,-1,-1,-1,-1,0x0000000000000000,1500,1500,1328,1545,2012,988,988,988,988,988,1500,1500,1500,1500,1500,1500,1500,1500,1500,1500,1500,1500,1500,1500,1500,1500,1500,1500,1500,1500,1500,1500,7.6
2000-01-01,00:02:28.910,"AIR",8.0,3.1,22,64,0.03,0.03,1.62,-59,0,100,10,0,9,25,-52,100,11,36,-13,-306,-27,1,-1,-1,-1,-1,-1,0x0000000000000000,1497,1500,1347,1548,2012,988,988,988,988,988,1500,1500,1500,1500,1500,1500,1500,1500,1500,1500,1500,1500,1500,1500,1500,1500,1500,1500,1500,1500,1500,1500,7.6
2000-01-01,00:02:29.110,"AIR",8.0,3.2,22,64,0.02,0.03,1.65,-57,0,100,10,0,9,25,-48,100,11,4,-36,-302,55,1,-1,-1,-1,-1,-1,0x0000000000000000,1517,1492,1349,1532,2012,988,988,988,988,988,1500,1500,1500,1500,1500,1500,1500,1500,1500,1500,1500,1500,1500,1500,1500,1500,1500,1500,1500,1500,1500,1500,7.6
2000-01-01,00:02:29.310,"AIR",8.0,3.3,23,64,0.01,0.03,1.67,-60,0,100,9,0,9,25,-65,100,11,4,-76,-295,9,1,-1,-1,-1,-1,-1,0x0000000000000000,1500,1472,1353,1532,2012,988,988,988,988,988,1500,1500,1500,1500,1500,1500,1500,1500,1500,1500,1500,1500,1500,1500,1500,1500,1500,1500,1500,1500,1500,1500,7.6
2000-01-01,00:02:29.510,"AIR",8.0,3.3,23,64,0.00,0.02,1.69,-61,0,100,10,0,9,25,-54,100,10,3,-28,-325,60,1,-1,-1,-1,-1,-1,0x0000000000000000,1520,1496,1338,1532,2012,988,988,988,988,988,1500,1500,1500,1500,1500,1500,1500,1500,1500,1500,1500,1500,1500,1500,1500,1500,1500,1500,1500,1500,1500,1500,7.6
2000-01-01,00:02:29.710,"AIR",8.0,3.1,23,64,0.01,0.03,1.73,-61,0,100,10,0,9,25,-54,100,10,15,49,-374,2,1,-1,-1,-1,-1,-1,0x0000000000000000,1500,1514,1313,1538,2012,988,988,988,988,988,1500,1500,1500,1500,1500,1500,1500,1500,1500,1500,1500,1500,1500,1500,1500,1500,1500,1500,1500,1500,1500,1500,7.6
2000-01-01,00:02:29.910,"AIR",8.0,2.8,23,64,0.01,0.03,1.76,-60,0,100,10,0,9,25,-56,96,11,37,29,-406,51,1,-1,-1,-1,-1,-1,0x0000000000000000,1515,1504,1297,1549,2012,988,988,988,988,988,1500,1500,1500,1500,1500,1500,1500,1500,1500,1500,1500,1500,1500,1500,1500,1500,1500,1500,1500,1500,1500,1500,7.6
2000-01-01,00:02:30.110,"AIR",8.0,2.7,23,64,0.02,0.04,1.81,-62,0,100,10,0,9,25,-56,96,10,49,-54,-363,6,1,-1,-1,-1,-1,-1,0x0000000000000000,1500,1483,1319,1555,2012,988,988,988,988,988,1500,1500,1500,1500,1500,1500,1500,1500,1500,1500,1500,1500,1500,1500,1500,1500,1500,1500,1500,1500,1500,1500,7.6
2000-01-01,00:02:30.310,"AIR",8.0,2.8,23,64,0.00,0.03,1.86,-61,0,100,10,0,9,25,-60,100,9,52,-84,-344,-68,1,-1,-1,-1,-1,-1,0x0000000000000000,1476,1468,1328,1557,2012,988,988,988,988,988,1500,1500,1500,1500,1500,1500,1500,1500,1500,1500,1500,1500,1500,1500,1500,1500,1500,1500,1500,1500,1500,1500,7.6
2000-01-01,00:02:30.510,"AIR",8.0,3.1,24,64,-0.01,0.01,1.91,-64,0,100,10,0,9,25,-69,100,10,40,-66,-309,-7,1,-1,-1,-1,-1,-1,0x0000000000000000,1500,1477,1346,1550,2012,988,988,988,988,988,1500,1500,1500,1500,1500,1500,1500,1500,1500,1500,1500,1500,1500,1500,1500,1500,1500,1500,1500,1500,1500,1500,7.6
2000-01-01,00:02:30.710,"AIR",8.0,3.2,24,64,-0.03,0.01,1.96,-61,0,100,10,0,9,25,-57,100,10,50,-67,-327,-3,1,-1,-1,-1,-1,-1,0x0000000000000000,1500,1477,1337,1556,2012,988,988,988,988,988,1500,1500,1500,1500,1500,1500,1500,1500,1500,1500,1500,1500,1500,1500,1500,1500,1500,1500,1500,1500,1500,1500,7.6
2000-01-01,00:02:30.910,"AIR",8.0,3.1,24,64,-0.03,0.01,2.01,-61,0,100,10,0,9,25,-57,100,10,90,2,-328,-91,1,-1,-1,-1,-1,-1,0x0000000000000000,1464,1500,1336,1576,2012,988,988,988,988,988,1500,1500,1500,1500,1500,1500,1500,1500,1500,1500,1500,1500,1500,1500,1500,1500,1500,1500,1500,1500,1500,1500,7.6
2000-01-01,00:02:31.110,"AIR",8.0,3.1,24,63,-0.02,-0.01,2.10,-62,0,100,11,0,9,25,-64,96,10,108,0,-361,-80,1,-1,-1,-1,-1,-1,0x0000000000000000,1470,1500,1320,1585,2012,988,988,988,988,988,1500,1500,1500,1500,1500,1500,1500,1500,1500,1500,1500,1500,1500,1500,1500,1500,1500,1500,1500,1500,1500,1500,7.6
2000-01-01,00:02:31.310,"AIR",8.0,2.9,24,64,-0.03,-0.01,2.20,-63,0,100,10,0,9,25,-62,100,10,105,-3,-353,-14,1,-1,-1,-1,-1,-1,0x0000000000000000,1500,1500,1324,1584,2012,988,988,988,988,988,1500,1500,1500,1500,1500,1500,1500,1500,1500,1500,1500,1500,1500,1500,1500,1500,1500,1500,1500,1500,1500,1500,7.6
2000-01-01,00:02:31.510,"AIR",8.0,3.0,24,63,-0.03,-0.01,2.30,-65,0,100,10,0,9,25,-62,96,11,82,8,-306,1,1,-1,-1,-1,-1,-1,0x0000000000000000,1500,1500,1347,1572,2012,988,988,988,988,988,1500,1500,1500,1500,1500,1500,1500,1500,1500,1500,1500,1500,1500,1500,1500,1500,1500,1500,1500,1500,1500,1500,7.6
2000-01-01,00:02:31.710,"AIR",8.0,3.3,25,63,-0.03,-0.01,2.37,-64,0,100,10,0,9,25,-61,100,11,76,15,-304,-49,1,-1,-1,-1,-1,-1,0x0000000000000000,1486,1500,1348,1569,2012,988,988,988,988,988,1500,1500,1500,1500,1500,1500,1500,1500,1500,1500,1500,1500,1500,1500,1500,1500,1500,1500,1500,1500,1500,1500,7.6
2000-01-01,00:02:31.910,"AIR",8.0,3.0,25,63,-0.02,-0.02,2.43,-63,0,100,10,0,9,25,-63,100,10,82,134,-406,-5,1,-1,-1,-1,-1,-1,0x0000000000000000,1500,1558,1297,1572,2012,988,988,988,988,988,1500,1500,1500,1500,1500,1500,1500,1500,1500,1500,1500,1500,1500,1500,1500,1500,1500,1500,1500,1500,1500,1500,7.6
2000-01-01,00:02:32.110,"AIR",8.0,2.7,25,64,0.02,-0.01,2.51,-63,0,100,10,0,9,25,-63,100,10,72,101,-387,0,1,-1,-1,-1,-1,-1,0x0000000000000000,1500,1541,1307,1567,2012,988,988,988,988,988,1500,1500,1500,1500,1500,1500,1500,1500,1500,1500,1500,1500,1500,1500,1500,1500,1500,1500,1500,1500,1500,1500,7.6
2000-01-01,00:02:32.310,"AIR",8.0,2.9,25,64,0.05,-0.02,2.58,-65,0,100,10,0,9,25,-63,100,11,47,9,-332,3,1,-1,-1,-1,-1,-1,0x0000000000000000,1500,1500,1334,1554,2012,988,988,988,988,988,1500,1500,1500,1500,1500,1500,1500,1500,1500,1500,1500,1500,1500,1500,1500,1500,1500,1500,1500,1500,1500,1500,7.6
2000-01-01,00:02:32.510,"AIR",8.0,3.1,25,64,0.05,-0.02,2.62,-64,0,100,10,0,9,25,-57,100,11,24,25,-303,4,1,-1,-1,-1,-1,-1,0x0000000000000000,1500,1502,1349,1542,2012,988,988,988,988,988,1500,1500,1500,1500,1500,1500,1500,1500,1500,1500,1500,1500,1500,1500,1500,1500,1500,1500,1500,1500,1500,1500,7.6
2000-01-01,00:02:32.710,"AIR",8.0,3.2,25,63,0.06,-0.02,2.65,-63,0,100,10,0,9,25,-71,96,10,2,116,-303,85,1,-1,-1,-1,-1,-1,0x0000000000000000,1533,1548,1349,1531,2012,988,988,988,988,988,1500,1500,1500,1500,1500,1500,1500,1500,1500,1500,1500,1500,1500,1500,1500,1500,1500,1500,1500,1500,1500,1500,7.6
2000-01-01,00:02:32.910,"AIR",8.0,3.3,26,63,0.08,0.00,2.67,-67,0,96,10,0,9,25,-53,100,11,6,16,-323,41,1,-1,-1,-1,-1,-1,0x0000000000000000,1510,1500,1339,1533,2012,988,988,988,988,988,1500,1500,1500,1500,1500,1500,1500,1500,1500,1500,1500,1500,1500,1500,1500,1500,1500,1500,1500,1500,1500,1500,7.6
2000-01-01,00:02:33.110,"AIR",8.0,3.1,26,63,0.07,0.00,2.70,-64,0,97,11,0,9,25,-58,100,12,38,-49,-345,6,1,-1,-1,-1,-1,-1,0x0000000000000000,1500,1486,1328,1549,2012,988,988,988,988,988,1500,1500,1500,1500,1500,1500,1500,1500,1500,1500,1500,1500,1500,1500,1500,1500,1500,1500,1500,1500,1500,1500,7.6
2000-01-01,00:02:33.310,"AIR",8.0,3.0,26,63,0.05,0.00,2.75,-64,0,97,11,0,9,25,-58,100,12,43,-60,-344,7,1,-1,-1,-1,-1,-1,0x0000000000000000,1500,1480,1328,1552,2012,988,988,988,988,988,1500,1500,1500,1500,1500,1500,1500,1500,1500,1500,1500,1500,1500,1500,1500,1500,1500,1500,1500,1500,1500,1500,7.6
2000-01-01,00:02:33.510,"AIR",8.0,3.0,26,63,0.04,0.00,2.80,-65,0,100,11,0,9,25,-61,100,9,26,-21,-336,69,1,-1,-1,-1,-1,-1,0x0000000000000000,1524,1500,1332,1543,2012,988,988,988,988,988,1500,1500,1500,1500,1500,1500,1500,1500,1500,1500,1500,1500,1500,1500,1500,1500,1500,1500,1500,1500,1500,1500,7.6
2000-01-01,00:02:33.710,"AIR",8.0,3.0,26,63,0.04,0.01,2.83,-63,0,100,10,0,9,25,-59,100,10,39,-13,-348,81,1,-1,-1,-1,-1,-1,0x0000000000000000,1531,1500,1326,1550,2012,988,988,988,988,988,1500,1500,1500,1500,1500,1500,1500,1500,1500,1500,1500,1500,1500,1500,1500,1500,1500,1500,1500,1500,1500,1500,7.6
2000-01-01,00:02:33.910,"AIR",8.0,3.0,27,63,0.04,0.02,2.87,-64,0,100,11,0,9,25,-66,100,9,36,-3,-349,8,1,-1,-1,-1,-1,-1,0x0000000000000000,1500,1500,1326,1548,2012,988,988,988,988,988,1500,1500,1500,1500,1500,1500,1500,1500,1500,1500,1500,1500,1500,1500,1500,1500,1500,1500,1500,1500,1500,1500,7.6
2000-01-01,00:02:34.110,"AIR",8.0,3.0,27,63,0.04,0.01,2.91,-65,0,100,11,0,9,25,-71,100,10,27,-17,-355,47,1,-1,-1,-1,-1,-1,0x0000000000000000,1513,1500,1323,1544,2012,988,988,988,988,988,1500,1500,1500,1500,1500,1500,1500,1500,1500,1500,1500,1500,1500,1500,1500,1500,1500,1500,1500,1500,1500,1500,7.6
2000-01-01,00:02:34.310,"AIR",8.0,2.9,27,63,0.04,0.03,2.95,-65,0,100,10,0,9,25,-63,100,10,23,-65,-359,112,1,-1,-1,-1,-1,-1,0x0000000000000000,1546,1478,1321,1542,2012,988,988,988,988,988,1500,1500,1500,1500,1500,1500,1500,1500,1500,1500,1500,1500,1500,1500,1500,1500,1500,1500,1500,1500,1500,1500,7.6
2000-01-01,00:02:34.510,"AIR",8.0,2.9,27,63,0.02,0.06,2.98,-65,0,100,10,0,9,25,-63,100,10,25,-56,-354,72,1,-1,-1,-1,-1,-1,0x0000000000000000,1526,1482,1323,1543,2012,988,988,988,988,988,1500,1500,1500,1500,1500,1500,1500,1500,1500,1500,1500,1500,1500,1500,1500,1500,1500,1500,1500,1500,1500,1500,7.6
2000-01-01,00:02:34.710,"AIR",8.0,2.9,27,63,0.02,0.05,3.02,-66,0,100,10,0,9,25,-61,96,11,44,-14,-355,-155,1,-1,-1,-1,-1,-1,0x0000000000000000,1432,1500,1323,1553,2012,988,988,988,988,988,1500,1500,1500,1500,1500,1500,1500,1500,1500,1500,1500,1500,1500,1500,1500,1500,1500,1500,1500,1500,1500,1500,7.6
2000-01-01,00:02:34.910,"AIR",8.0,2.9,27,63,0.01,-0.01,3.06,-65,0,100,11,0,9,25,-62,100,11,24,-1,-349,-111,1,-1,-1,-1,-1,-1,0x0000000000000000,1454,1500,1326,1542,2012,988,988,988,988,988,1500,1500,1500,1500,1500,1500,1500,1500,1500,1500,1500,1500,1500,1500,1500,1500,1500,1500,1500,1500,1500,1500,7.6
2000-01-01,00:02:35.110,"AIR",8.0,3.0,28,63,0.01,-0.01,3.09,-66,0,100,11,0,9,25,-53,100,10,-2,-47,-327,111,1,-1,-1,-1,-1,-1,0x0000000000000000,1546,1487,1337,1529,2012,988,988,988,988,988,1500,1500,1500,1500,1500,1500,1500,1500,1500,1500,1500,1500,1500,1500,1500,1500,1500,1500,1500,1500,1500,1500,7.6
2000-01-01,00:02:35.310,"AIR",8.0,3.1,28,63,0.01,0.05,3.11,-63,0,100,10,0,9,25,-58,100,10,-5,-31,-320,148,1,-1,-1,-1,-1,-1,0x0000000000000000,1565,1495,1340,1528,2012,988,988,988,988,988,1500,1500,1500,1500,1500,1500,1500,1500,1500,1500,1500,1500,1500,1500,1500,1500,1500,1500,1500,1500,1500,1500,7.6
2000-01-01,00:02:35.510,"AIR",8.0,3.1,28,63,0.01,0.06,3.13,-62,0,100,10,0,9,25,-53,100,11,-1,7,-344,-73,1,-1,-1,-1,-1,-1,0x0000000000000000,1473,1500,1328,1530,2012,988,988,988,988,988,1500,1500,1500,1500,1500,1500,1500,1500,1500,1500,1500,1500,1500,1500,1500,1500,1500,1500,1500,1500,1500,1500,7.6
2000-01-01,00:02:35.710,"AIR",8.0,3.0,28,63,0.01,0.02,-3.12,-62,0,100,10,0,9,25,-53,100,11,-2,4,-366,-136,1,-1,-1,-1,-1,-1,0x0000000000000000,1441,1500,1317,1529,2012,988,988,988,988,988,1500,1500,1500,1500,1500,1500,1500,1500,1500,1500,1500,1500,1500,1500,1500,1500,1500,1500,1500,1500,1500,1500,7.6
2000-01-01,00:02:35.910,"AIR",8.0,2.9,28,63,0.01,-0.01,-3.10,-60,0,100,10,0,9,25,-61,100,10,-10,8,-351,-70,1,-1,-1,-1,-1,-1,0x0000000000000000,1475,1500,1325,1525,2012,988,988,988,988,988,1500,1500,1500,1500,1500,1500,1500,1500,1500,1500,1500,1500,1500,1500,1500,1500,1500,1500,1500,1500,1500,1500,7.6
2000-01-01,00:02:36.110,"AIR",8.0,3.0,28,63,0.01,-0.03,-3.10,-64,0,100,10,0,9,25,-56,100,11,-64,8,-344,-93,1,-1,-1,-1,-1,-1,0x0000000000000000,1463,1500,1328,1500,2012,988,988,988,988,988,1500,1500,1500,1500,1500,1500,1500,1500,1500,1500,1500,1500,1500,1500,1500,1500,1500,1500,1500,1500,1500,1500,7.6
2000-01-01,00:02:36.310,"AIR",8.0,3.1,29,63,0.01,-0.06,-3.10,-61,0,100,11,0,9,25,-65,100,11,-47,2,-317,-67,1,-1,-1,-1,-1,-1,0x0000000000000000,1477,1500,1342,1506,2012,988,988,988,988,988,1500,1500,1500,1500,1500,1500,1500,1500,1500,1500,1500,1500,1500,1500,1500,1500,1500,1500,1500,1500,1500,1500,7.6
2000-01-01,00:02:36.510,"AIR",8.0,3.2,29,63,0.01,-0.06,-3.08,-63,0,100,10,0,9,25,-55,96,11,-18,-21,-317,186,1,-1,-1,-1,-1,-1,0x0000000000000000,1584,1500,1342,1521,2012,988,988,988,988,988,1500,1500,1500,1500,1500,1500,1500,1500,1500,1500,1500,1500,1500,1500,1500,1500,1500,1500,1500,1500,1500,1500,7.6
2000-01-01,00:02:36.710,"AIR",8.0,3.2,29,63,0.02,0.06,-3.06,-63,0,100,10,0,9,25,-50,100,11,0,-6,-324,160,1,-1,-1,-1,-1,-1,0x0000000000000000,1571,1500,1338,1530,2012,988,988,988,988,988,1500,1500,1500,1500,1500,1500,1500,1500,1500,1500,1500,1500,1500,1500,1500,1500,1500,1500,1500,1500,1500,1500,7.6
2000-01-01,00:02:36.910,"AIR",8.0,3.1,29,63,0.02,0.09,-3.02,-63,0,100,10,0,9,25,-50,100,11,69,-5,-348,2,1,-1,-1,-1,-1,-1,0x0000000000000000,1500,1500,1326,1565,2012,988,988,988,988,988,1500,1500,1500,1500,1500,1500,1500,1500,1500,1500,1500,1500,1500,1500,1500,1500,1500,1500,1500,1500,1500,1500,7.6
2000-01-01,00:02:37.110,"AIR",8.0,3.0,29,63,0.02,0.08,-2.97,-62,0,100,10,0,9,25,-53,100,10,5,-1,-348,-63,1,-1,-1,-1,-1,-1,0x0000000000000000,1479,1500,1326,1533,2012,988,988,988,988,988,1500,1500,1500,1500,1500,1500,1500,1500,1500,1500,1500,1500,1500,1500,1500,1500,1500,1500,1500,1500,1500,1500,7.6
2000-01-01,00:02:37.310,"AIR",8.0,3.0,29,63,0.02,0.04,-2.95,-61,0,100,10,0,9,25,-55,96,11,-5,-1,-364,-124,1,-1,-1,-1,-1,-1,0x0000000000000000,1447,1500,1318,1528,2012,988,988,988,988,988,1500,1500,1500,1500,1500,1500,1500,1500,1500,1500,1500,1500,1500,1500,1500,1500,1500,1500,1500,1500,1500,1500,7.6
2000-01-01,00:02:37.510,"AIR",8.0,2.9,30,63,0.02,0.00,-2.93,-64,0,100,10,0,9,25,-72,96,10,-5,-2,-361,-218,1,-1,-1,-1,-1,-1,0x0000000000000000,1400,1500,1320,1528,2012,988,988,988,988,988,1500,1500,1500,1500,1500,1500,1500,1500,1500,1500,1500,1500,1500,1500,1500,1500,1500,1500,1500,1500,1500,1500,7.6
2000-01-01,00:02:37.710,"AIR",8.0,3.1,30,63,0.01,-0.15,-2.92,-66,0,100,10,0,9,25,-58,96,10,39,-80,-642,4,1,-1,-1,-1,-1,-1,0x0000000000000000,1500,1470,1179,1550,2012,988,988,988,988,988,1500,1500,1500,1500,1500,1500,1500,1500,1500,1500,1500,1500,1500,1500,1500,1500,1500,1500,1500,1500,1500,1500,7.6
2000-01-01,00:02:37.910,"AIR",7.9,5.4,30,61,-0.02,0.24,-2.90,-64,0,100,11,0,9,25,-52,100,13,14,8,-1024,3,1,-1,-1,-1,-1,-1,0x0000000000000000,1500,1500,988,1537,2012,988,988,988,988,988,1500,1500,1500,1500,1500,1500,1500,1500,1500,1500,1500,1500,1500,1500,1500,1500,1500,1500,1500,1500,1500,1500,7.6
2000-01-01,00:02:38.110,"AIR",7.9,5.9,30,60,0.01,0.20,-2.81,-64,0,100,11,0,9,25,-52,100,13,-3,8,-1024,2,1,-1,-1,-1,-1,-1,0x0000000000000000,1500,1500,988,1529,2012,988,988,988,988,988,1500,1500,1500,1500,1500,1500,1500,1500,1500,1500,1500,1500,1500,1500,1500,1500,1500,1500,1500,1500,1500,1500,7.6
2000-01-01,00:02:38.310,"AIR*",7.9,4.1,31,60,0.02,0.22,-2.81,-62,0,100,10,0,9,25,-58,100,10,-2,7,-1024,3,-1,-1,-1,-1,-1,-1,0x0000000000000000,1500,1500,988,1529,988,988,988,988,988,988,1500,1500,1500,1500,1500,1500,1500,1500,1500,1500,1500,1500,1500,1500,1500,1500,1500,1500,1500,1500,1500,1500,7.6
2000-01-01,00:02:38.510,"AIR*",8.0,1.5,31,63,0.00,0.25,-3.03,-62,0,100,10,0,9,25,-61,100,10,0,7,-1024,1,-1,-1,-1,-1,-1,-1,0x0000000000000000,1500,1500,988,1530,988,988,988,988,988,988,1500,1500,1500,1500,1500,1500,1500,1500,1500,1500,1500,1500,1500,1500,1500,1500,1500,1500,1500,1500,1500,1500,7.6
2000-01-01,00:02:38.710,"AIR*",8.0,0.8,31,64,-0.09,-0.67,3.03,-61,0,100,10,0,9,25,-65,100,10,-15,8,-41,2,-1,-1,-1,-1,-1,-1,0x0000000000000000,1500,1500,1480,1522,988,988,988,988,988,988,1500,1500,1500,1500,1500,1500,1500,1500,1500,1500,1500,1500,1500,1500,1500,1500,1500,1500,1500,1500,1500,1500,7.6
2000-01-01,00:02:38.910,"AIR*",8.0,0.6,31,65,0.00,0.07,3.00,-61,0,100,11,0,9,25,-50,100,10,-1,8,-1024,2,-1,-1,-1,-1,-1,-1,0x0000000000000000,1500,1500,988,1530,988,988,988,988,988,988,1500,1500,1500,1500,1500,1500,1500,1500,1500,1500,1500,1500,1500,1500,1500,1500,1500,1500,1500,1500,1500,1500,7.6
2000-01-01,00:02:39.110,"AIR*",8.0,0.5,31,65,-0.02,0.14,3.02,-58,0,100,10,0,9,25,-49,100,10,-10,9,-1024,2,-1,-1,-1,-1,-1,-1,0x0000000000000000,1500,1500,988,1525,988,988,988,988,988,988,1500,1500,1500,1500,1500,1500,1500,1500,1500,1500,1500,1500,1500,1500,1500,1500,1500,1500,1500,1500,1500,1500,7.6
2000-01-01,00:02:39.310,"AIR*",8.1,0.5,31,66,-0.04,0.17,3.02,-58,0,100,10,0,9,25,-49,100,10,-5,8,-1024,2,1,-1,-1,-1,-1,-1,0x0000000000000000,1500,1500,988,1528,2012,988,988,988,988,988,1500,1500,1500,1500,1500,1500,1500,1500,1500,1500,1500,1500,1500,1500,1500,1500,1500,1500,1500,1500,1500,1500,7.6
2000-01-01,00:02:39.510,"AIR",8.1,0.7,31,66,-0.03,0.16,3.01,-57,0,100,10,0,9,25,-52,100,10,-1,8,-1024,3,1,-1,-1,-1,-1,-1,0x0000000000000000,1500,1500,988,1530,2012,988,988,988,988,988,1500,1500,1500,1500,1500,1500,1500,1500,1500,1500,1500,1500,1500,1500,1500,1500,1500,1500,1500,1500,1500,1500,7.6
2000-01-01,00:02:39.710,"AIR",8.1,0.7,31,66,-0.03,0.16,3.01,-56,0,100,10,0,9,25,-49,100,9,1,4,-1024,6,1,-1,-1,-1,-1,-1,0x0000000000000000,1500,1500,988,1531,2012,988,988,988,988,988,1500,1500,1500,1500,1500,1500,1500,1500,1500,1500,1500,1500,1500,1500,1500,1500,1500,1500,1500,1500,1500,1500,7.6
2000-01-01,00:02:39.910,"AIR",8.1,1.0,31,66,-0.01,0.15,3.13,-56,0,100,10,0,9,25,-49,100,10,286,4,-1024,79,1,-1,-1,-1,-1,-1,0x0000000000000000,1530,1500,988,1676,2012,988,988,988,988,988,1500,1500,1500,1500,1500,1500,1500,1500,1500,1500,1500,1500,1500,1500,1500,1500,1500,1500,1500,1500,1500,1500,7.6
2000-01-01,00:02:40.110,"AIR",8.1,1.1,31,66,0.00,0.15,-2.97,-54,0,100,11,0,9,25,-51,100,9,277,3,-1024,75,1,-1,-1,-1,-1,-1,0x0000000000000000,1528,1500,988,1671,2012,988,988,988,988,988,1500,1500,1500,1500,1500,1500,1500,1500,1500,1500,1500,1500,1500,1500,1500,1500,1500,1500,1500,1500,1500,1500,7.6
2000-01-01,00:02:40.310,"AIR",8.1,1.5,31,66,0.04,0.13,-2.69,-54,0,100,11,0,9,25,-49,96,11,468,3,-1024,61,1,-1,-1,-1,-1,-1,0x0000000000000000,1520,1500,988,1769,2012,988,988,988,988,988,1500,1500,1500,1500,1500,1500,1500,1500,1500,1500,1500,1500,1500,1500,1500,1500,1500,1500,1500,1500,1500,1500,7.6
2000-01-01,00:02:40.510,"AIR",8.1,1.8,31,66,0.11,0.07,-1.96,-54,0,100,11,0,9,25,-49,96,11,433,8,-1024,5,1,-1,-1,-1,-1,-1,0x0000000000000000,1500,1500,988,1751,2012,988,988,988,988,988,1500,1500,1500,1500,1500,1500,1500,1500,1500,1500,1500,1500,1500,1500,1500,1500,1500,1500,1500,1500,1500,1500,7.6
2000-01-01,00:02:40.710,"AIR",8.1,1.7,31,66,0.12,0.02,-1.57,-54,0,100,10,0,9,25,-61,100,12,364,9,-1024,2,1,-1,-1,-1,-1,-1,0x0000000000000000,1500,1500,988,1716,2012,988,988,988,988,988,1500,1500,1500,1500,1500,1500,1500,1500,1500,1500,1500,1500,1500,1500,1500,1500,1500,1500,1500,1500,1500,1500,7.6
2000-01-01,00:02:40.910,"AIR",8.1,1.2,31,66,0.11,0.00,-1.39,-57,0,100,10,0,9,25,-54,100,9,42,10,-1024,1,1,-1,-1,-1,-1,-1,0x0000000000000000,1500,1500,988,1552,2012,988,988,988,988,988,1500,1500,1500,1500,1500,1500,1500,1500,1500,1500,1500,1500,1500,1500,1500,1500,1500,1500,1500,1500,1500,1500,7.6
2000-01-01,00:02:41.110,"AIR",8.1,0.9,31,66,0.10,0.00,-1.35,-61,0,100,10,0,9,25,-52,100,12,-1,8,-1024,-29,1,-1,-1,-1,-1,-1,0x0000000000000000,1496,1500,988,1530,2012,988,988,988,988,988,1500,1500,1500,1500,1500,1500,1500,1500,1500,1500,1500,1500,1500,1500,1500,1500,1500,1500,1500,1500,1500,1500,7.6
2000-01-01,00:02:41.310,"AIR",8.1,0.7,31,67,0.10,0.00,-1.35,-60,0,100,10,0,9,25,-55,96,11,-2,6,-1024,0,1,-1,-1,-1,-1,-1,0x0000000000000000,1500,1500,988,1529,2012,988,988,988,988,988,1500,1500,1500,1500,1500,1500,1500,1500,1500,1500,1500,1500,1500,1500,1500,1500,1500,1500,1500,1500,1500,1500,7.6
2000-01-01,00:02:41.510,"AIR",8.1,0.7,31,67,0.09,0.00,-1.35,-59,0,100,10,0,9,25,-52,100,10,0,5,-1024,-15,1,-1,-1,-1,-1,-1,0x0000000000000000,1500,1500,988,1530,2012,988,988,988,988,988,1500,1500,1500,1500,1500,1500,1500,1500,1500,1500,1500,1500,1500,1500,1500,1500,1500,1500,1500,1500,1500,1500,7.6
2000-01-01,00:02:41.710,"AIR",8.1,0.6,31,67,0.09,0.00,-1.35,-59,0,100,10,0,9,25,-52,100,10,-98,46,-972,-63,1,-1,-1,-1,-1,-1,0x0000000000000000,1479,1513,1014,1500,2012,988,988,988,988,988,1500,1500,1500,1500,1500,1500,1500,1500,1500,1500,1500,1500,1500,1500,1500,1500,1500,1500,1500,1500,1500,1500,7.6
2000-01-01,00:02:41.910,"AIR",8.1,0.7,31,67,0.08,0.00,-1.35,-62,0,100,11,0,9,25,-56,100,11,-166,113,-879,-67,1,-1,-1,-1,-1,-1,0x0000000000000000,1477,1547,1061,1467,2012,988,988,988,988,988,1500,1500,1500,1500,1500,1500,1500,1500,1500,1500,1500,1500,1500,1500,1500,1500,1500,1500,1500,1500,1500,1500,7.6
2000-01-01,00:02:42.110,"AIR",8.1,1.1,32,67,0.08,0.00,-1.37,-59,0,100,10,0,9,25,-61,100,12,-183,95,-776,-111,1,-1,-1,-1,-1,-1,0x0000000000000000,1454,1538,1112,1458,2012,988,988,988,988,988,1500,1500,1500,1500,1500,1500,1500,1500,1500,1500,1500,1500,1500,1500,1500,1500,1500,1500,1500,1500,1500,1500,7.6
2000-01-01,00:02:42.310,"AIR",8.1,1.1,32,67,0.09,-0.03,-1.41,-58,0,100,10,0,9,25,-52,96,11,-157,82,-741,-41,1,-1,-1,-1,-1,-1,0x0000000000000000,1490,1531,1130,1471,2012,988,988,988,988,988,1500,1500,1500,1500,1500,1500,1500,1500,1500,1500,1500,1500,1500,1500,1500,1500,1500,1500,1500,1500,1500,1500,7.6
2000-01-01,00:02:42.510,"AIR",8.1,1.1,32,67,0.13,-0.03,-1.42,-57,0,100,10,0,9,25,-64,100,10,-114,123,-689,3,1,-1,-1,-1,-1,-1,0x0000000000000000,1500,1552,1156,1493,2012,988,988,988,988,988,1500,1500,1500,1500,1500,1500,1500,1500,1500,1500,1500,1500,1500,1500,1500,1500,1500,1500,1500,1500,1500,1500,7.6
2000-01-01,00:02:42.710,"AIR",8.1,1.2,32,67,0.15,-0.04,-1.43,-60,0,100,10,0,9,25,-54,100,10,-128,105,-658,5,1,-1,-1,-1,-1,-1,0x0000000000000000,1500,1543,1171,1486,2012,988,988,988,988,988,1500,1500,1500,1500,1500,1500,1500,1500,1500,1500,1500,1500,1500,1500,1500,1500,1500,1500,1500,1500,1500,1500,7.6
2000-01-01,00:02:42.910,"AIR",8.1,1.5,32,66,0.16,-0.05,-1.43,-60,0,100,10,0,9,25,-54,100,10,-144,19,-604,87,1,-1,-1,-1,-1,-1,0x0000000000000000,1534,1500,1198,1478,2012,988,988,988,988,988,1500,1500,1500,1500,1500,1500,1500,1500,1500,1500,1500,1500,1500,1500,1500,1500,1500,1500,1500,1500,1500,1500,7.6
2000-01-01,00:02:43.110,"AIR",8.1,1.8,32,66,0.16,-0.02,-1.44,-60,0,100,11,0,9,25,-52,100,10,-152,13,-600,94,1,-1,-1,-1,-1,-1,0x0000000000000000,1537,1500,1200,1474,2012,988,988,988,988,988,1500,1500,1500,1500,1500,1500,1500,1500,1500,1500,1500,1500,1500,1500,1500,1500,1500,1500,1500,1500,1500,1500,7.6
2000-01-01,00:02:43.310,"AIR",8.1,1.7,32,66,0.15,-0.01,-1.47,-60,0,100,11,0,9,25,-54,100,11,-154,16,-591,3,1,-1,-1,-1,-1,-1,0x0000000000000000,1500,1500,1205,1473,2012,988,988,988,988,988,1500,1500,1500,1500,1500,1500,1500,1500,1500,1500,1500,1500,1500,1500,1500,1500,1500,1500,1500,1500,1500,1500,7.6
2000-01-01,00:02:43.510,"AIR",8.1,1.8,32,66,0.15,-0.01,-1.49,-60,0,100,10,0,9,25,-54,100,10,-162,5,-572,6,1,-1,-1,-1,-1,-1,0x0000000000000000,1500,1500,1214,1469,2012,988,988,988,988,988,1500,1500,1500,1500,1500,1500,1500,1500,1500,1500,1500,1500,1500,1500,1500,1500,1500,1500,1500,1500,1500,1500,7.6
2000-01-01,00:02:43.710,"AIR",8.1,1.9,32,66,0.16,0.00,-1.51,-60,0,100,10,0,9,25,-54,100,10,-161,12,-557,2,1,-1,-1,-1,-1,-1,0x0000000000000000,1500,1500,1222,1469,2012,988,988,988,988,988,1500,1500,1500,1500,1500,1500,1500,1500,1500,1500,1500,1500,1500,1500,1500,1500,1500,1500,1500,1500,1500,1500,7.6
2000-01-01,00:02:43.910,"AIR",8.1,1.9,32,66,0.16,0.00,-1.53,-56,0,100,10,0,9,25,-56,96,10,-152,16,-542,18,1,-1,-1,-1,-1,-1,0x0000000000000000,1500,1500,1229,1474,2012,988,988,988,988,988,1500,1500,1500,1500,1500,1500,1500,1500,1500,1500,1500,1500,1500,1500,1500,1500,1500,1500,1500,1500,1500,1500,7.6
2000-01-01,00:02:44.110,"AIR",8.0,2.0,32,65,0.17,0.00,-1.55,-56,0,100,10,0,9,25,-56,96,10,-131,-12,-515,82,1,-1,-1,-1,-1,-1,0x0000000000000000,1531,1500,1243,1485,2012,988,988,988,988,988,1500,1500,1500,1500,1500,1500,1500,1500,1500,1500,1500,1500,1500,1500,1500,1500,1500,1500,1500,1500,1500,1500,7.6
2000-01-01,00:02:44.310,"AIR",8.0,2.3,33,65,0.17,0.02,-1.56,-56,0,100,11,0,9,25,-54,96,11,-101,-9,-508,4,1,-1,-1,-1,-1,-1,0x0000000000000000,1500,1500,1246,1500,2012,988,988,988,988,988,1500,1500,1500,1500,1500,1500,1500,1500,1500,1500,1500,1500,1500,1500,1500,1500,1500,1500,1500,1500,1500,1500,7.6
2000-01-01,00:02:44.510,"AIR",8.0,2.8,33,65,0.16,0.02,-1.56,-57,0,100,10,0,9,25,-58,100,11,-80,-8,-501,-29,1,-1,-1,-1,-1,-1,0x0000000000000000,1496,1500,1250,1500,2012,988,988,988,988,988,1500,1500,1500,1500,1500,1500,1500,1500,1500,1500,1500,1500,1500,1500,1500,1500,1500,1500,1500,1500,1500,1500,7.6
2000-01-01,00:02:44.710,"AIR",8.0,2.7,33,65,0.15,0.00,-1.56,-56,0,100,10,0,9,25,-49,100,10,-75,-51,-491,-91,1,-1,-1,-1,-1,-1,0x0000000000000000,1464,1485,1255,1500,2012,988,988,988,988,988,1500,1500,1500,1500,1500,1500,1500,1500,1500,1500,1500,1500,1500,1500,1500,1500,1500,1500,1500,1500,1500,1500,7.6
2000-01-01,00:02:44.910,"AIR",8.0,2.8,33,65,0.15,0.00,-1.56,-55,0,100,11,0,9,25,-51,96,11,-78,-41,-486,-83,1,-1,-1,-1,-1,-1,0x0000000000000000,1468,1490,1257,1500,2012,988,988,988,988,988,1500,1500,1500,1500,1500,1500,1500,1500,1500,1500,1500,1500,1500,1500,1500,1500,1500,1500,1500,1500,1500,1500,7.6
2000-01-01,00:02:45.110,"AIR",8.0,2.6,33,65,0.13,-0.02,-1.56,-57,0,100,10,0,9,25,-49,96,9,-82,-28,-485,4,1,-1,-1,-1,-1,-1,0x0000000000000000,1500,1496,1258,1500,2012,988,988,988,988,988,1500,1500,1500,1500,1500,1500,1500,1500,1500,1500,1500,1500,1500,1500,1500,1500,1500,1500,1500,1500,1500,1500,7.6
2000-01-01,00:02:45.310,"AIR",8.0,2.6,33,64,0.10,-0.02,-1.56,-57,0,100,10,0,9,25,-49,96,9,-90,-198,-439,47,1,-1,-1,-1,-1,-1,0x0000000000000000,1513,1410,1281,1500,2012,988,988,988,988,988,1500,1500,1500,1500,1500,1500,1500,1500,1500,1500,1500,1500,1500,1500,1500,1500,1500,1500,1500,1500,1500,1500,7.6
2000-01-01,00:02:45.510,"AIR",8.0,2.5,34,64,-0.02,0.00,-1.56,-55,0,100,10,0,9,25,-51,100,9,-106,-134,-433,177,1,-1,-1,-1,-1,-1,0x0000000000000000,1580,1442,1284,1497,2012,988,988,988,988,988,1500,1500,1500,1500,1500,1500,1500,1500,1500,1500,1500,1500,1500,1500,1500,1500,1500,1500,1500,1500,1500,1500,7.6
2000-01-01,00:02:45.710,"AIR",8.0,2.2,34,65,-0.04,0.14,-1.56,-55,0,100,11,0,9,25,-53,100,10,-96,3,-539,171,1,-1,-1,-1,-1,-1,0x0000000000000000,1577,1500,1231,1500,2012,988,988,988,988,988,1500,1500,1500,1500,1500,1500,1500,1500,1500,1500,1500,1500,1500,1500,1500,1500,1500,1500,1500,1500,1500,1500,7.6
2000-01-01,00:02:45.910,"AIR",8.0,3.8,34,63,0.08,0.07,-1.56,-54,0,100,10,0,9,25,-52,100,10,-86,18,-429,-201,1,-1,-1,-1,-1,-1,0x0000000000000000,1408,1500,1286,1500,2012,988,988,988,988,988,1500,1500,1500,1500,1500,1500,1500,1500,1500,1500,1500,1500,1500,1500,1500,1500,1500,1500,1500,1500,1500,1500,7.6
2000-01-01,00:02:46.110,"AIR",8.0,3.0,34,63,0.06,-0.06,-1.56,-52,0,100,10,0,9,25,-46,100,10,-93,-1,-381,-142,1,-1,-1,-1,-1,-1,0x0000000000000000,1438,1500,1310,1500,2012,988,988,988,988,988,1500,1500,1500,1500,1500,1500,1500,1500,1500,1500,1500,1500,1500,1500,1500,1500,1500,1500,1500,1500,1500,1500,7.6
2000-01-01,00:02:46.310,"AIR",8.0,2.7,34,63,0.01,-0.07,-1.57,-51,0,100,10,0,9,25,-42,100,10,-124,-218,-403,62,1,-1,-1,-1,-1,-1,0x0000000000000000,1521,1400,1299,1488,2012,988,988,988,988,988,1500,1500,1500,1500,1500,1500,1500,1500,1500,1500,1500,1500,1500,1500,1500,1500,1500,1500,1500,1500,1500,1500,7.6
2000-01-01,00:02:46.510,"AIR",8.0,2.5,34,63,-0.08,-0.01,-1.58,-51,0,100,10,0,9,25,-42,100,10,-115,-168,-477,190,1,-1,-1,-1,-1,-1,0x0000000000000000,1586,1425,1262,1493,2012,988,988,988,988,988,1500,1500,1500,1500,1500,1500,1500,1500,1500,1500,1500,1500,1500,1500,1500,1500,1500,1500,1500,1500,1500,1500,7.6
2000-01-01,00:02:46.710,"AIR",8.0,4.5,35,62,0.24,-0.05,-1.59,-50,0,100,11,0,9,25,-47,100,10,-116,-56,-344,19,1,-1,-1,-1,-1,-1,0x0000000000000000,1500,1482,1328,1492,2012,988,988,988,988,988,1500,1500,1500,1500,1500,1500,1500,1500,1500,1500,1500,1500,1500,1500,1500,1500,1500,1500,1500,1500,1500,1500,7.6
2000-01-01,00:02:46.910,"AIR",8.0,3.4,35,62,0.17,-0.02,-1.59,-54,0,100,11,0,9,25,-55,100,10,-99,73,-377,-3,1,-1,-1,-1,-1,-1,0x0000000000000000,1500,1527,1312,1500,2012,988,988,988,988,988,1500,1500,1500,1500,1500,1500,1500,1500,1500,1500,1500,1500,1500,1500,1500,1500,1500,1500,1500,1500,1500,1500,7.6
2000-01-01,00:02:47.110,"AIR",8.0,3.0,35,63,0.15,-0.01,-1.60,-55,0,100,11,0,9,25,-56,100,10,-109,-136,-357,63,1,-1,-1,-1,-1,-1,0x0000000000000000,1521,1441,1322,1496,2012,988,988,988,988,988,1500,1500,1500,1500,1500,1500,1500,1500,1500,1500,1500,1500,1500,1500,1500,1500,1500,1500,1500,1500,1500,1500,7.6
2000-01-01,00:02:47.310,"AIR",8.0,2.6,35,63,0.13,0.00,-1.59,-54,0,100,11,0,9,25,-47,100,10,-98,1,-516,69,1,-1,-1,-1,-1,-1,0x0000000000000000,1524,1500,1242,1500,2012,988,988,988,988,988,1500,1500,1500,1500,1500,1500,1500,1500,1500,1500,1500,1500,1500,1500,1500,1500,1500,1500,1500,1500,1500,1500,7.6
2000-01-01,00:02:47.510,"AIR",8.0,2.4,35,63,0.13,0.01,-1.59,-58,0,100,10,0,9,25,-62,100,12,-95,-93,-373,130,1,-1,-1,-1,-1,-1,0x0000000000000000,1556,1463,1314,1500,2012,988,988,988,988,988,1500,1500,1500,1500,1500,1500,1500,1500,1500,1500,1500,1500,1500,1500,1500,1500,1500,1500,1500,1500,1500,1500,7.6
2000-01-01,00:02:47.710,"AIR",8.0,2.7,35,63,0.09,0.06,-1.59,-58,0,100,10,0,9,25,-62,100,12,-82,-174,-369,28,1,-1,-1,-1,-1,-1,0x0000000000000000,1504,1422,1316,1500,2012,988,988,988,988,988,1500,1500,1500,1500,1500,1500,1500,1500,1500,1500,1500,1500,1500,1500,1500,1500,1500,1500,1500,1500,1500,1500,7.6
2000-01-01,00:02:47.910,"AIR",8.0,2.8,36,63,0.01,0.05,-1.59,-60,0,100,10,0,9,25,-47,100,10,-74,-99,-365,-104,1,-1,-1,-1,-1,-1,0x0000000000000000,1458,1460,1318,1500,2012,988,988,988,988,988,1500,1500,1500,1500,1500,1500,1500,1500,1500,1500,1500,1500,1500,1500,1500,1500,1500,1500,1500,1500,1500,1500,7.6
2000-01-01,00:02:48.110,"AIR",8.0,3.2,36,63,0.00,0.00,-1.59,-54,0,98,10,0,9,25,-57,100,11,-70,-38,-304,-153,1,-1,-1,-1,-1,-1,0x0000000000000000,1433,1491,1348,1500,2012,988,988,988,988,988,1500,1500,1500,1500,1500,1500,1500,1500,1500,1500,1500,1500,1500,1500,1500,1500,1500,1500,1500,1500,1500,1500,7.6
2000-01-01,00:02:48.310,"AIR",8.0,3.8,36,62,0.06,0.00,-1.59,-56,0,95,10,0,9,25,-63,100,11,-74,6,-354,-1,1,-1,-1,-1,-1,-1,0x0000000000000000,1500,1500,1323,1500,2012,988,988,988,988,988,1500,1500,1500,1500,1500,1500,1500,1500,1500,1500,1500,1500,1500,1500,1500,1500,1500,1500,1500,1500,1500,1500,7.6
2000-01-01,00:02:48.510,"AIR",8.0,3.2,36,62,0.05,-0.01,-1.59,-55,0,97,10,0,9,25,-63,100,10,-60,9,-477,-2,1,-1,-1,-1,-1,-1,0x0000000000000000,1500,1500,1262,1500,2012,988,988,988,988,988,1500,1500,1500,1500,1500,1500,1500,1500,1500,1500,1500,1500,1500,1500,1500,1500,1500,1500,1500,1500,1500,1500,7.6
2000-01-01,00:02:48.710,"AIR",8.0,3.0,36,63,0.05,-0.01,-1.59,-59,0,100,11,0,9,25,-61,100,11,-74,6,-315,-41,1,-1,-1,-1,-1,-1,0x0000000000000000,1490,1500,1343,1500,2012,988,988,988,988,988,1500,1500,1500,1500,1500,1500,1500,1500,1500,1500,1500,1500,1500,1500,1500,1500,1500,1500,1500,1500,1500,1500,7.6
2000-01-01,00:02:48.910,"AIR",8.0,3.1,36,63,0.05,-0.01,-1.59,-59,0,100,11,0,9,25,-61,100,11,-79,31,-408,-47,1,-1,-1,-1,-1,-1,0x0000000000000000,1487,1505,1296,1500,2012,988,988,988,988,988,1500,1500,1500,1500,1500,1500,1500,1500,1500,1500,1500,1500,1500,1500,1500,1500,1500,1500,1500,1500,1500,1500,7.6
2000-01-01,00:02:49.110,"AIR",8.0,2.8,37,63,0.05,-0.03,-1.59,-59,0,99,11,0,9,25,-52,100,10,-135,16,-299,-71,1,-1,-1,-1,-1,-1,0x0000000000000000,1474,1500,1351,1483,2012,988,988,988,988,988,1500,1500,1500,1500,1500,1500,1500,1500,1500,1500,1500,1500,1500,1500,1500,1500,1500,1500,1500,1500,1500,1500,7.6
2000-01-01,00:02:49.310,"AIR",8.0,3.0,37,63,0.05,-0.03,-1.62,-59,0,97,11,0,9,25,-54,100,11,-200,5,-350,-34,1,-1,-1,-1,-1,-1,0x0000000000000000,1493,1500,1325,1449,2012,988,988,988,988,988,1500,1500,1500,1500,1500,1500,1500,1500,1500,1500,1500,1500,1500,1500,1500,1500,1500,1500,1500,1500,1500,1500,7.6
2000-01-01,00:02:49.510,"AIR",8.0,3.0,37,63,0.05,-0.02,-1.68,-61,0,100,10,0,9,25,-51,100,11,-286,-4,-349,0,1,-1,-1,-1,-1,-1,0x0000000000000000,1500,1500,1326,1406,2012,988,988,988,988,988,1500,1500,1500,1500,1500,1500,1500,1500,1500,1500,1500,1500,1500,1500,1500,1500,1500,1500,1500,1500,1500,1500,7.6
2000-01-01,00:02:49.710,"AIR",8.0,3.0,37,63,0.05,-0.02,-1.79,-60,0,100,10,0,9,25,-61,100,10,-290,2,-358,1,1,-1,-1,-1,-1,-1,0x0000000000000000,1500,1500,1321,1404,2012,988,988,988,988,988,1500,1500,1500,1500,1500,1500,1500,1500,1500,1500,1500,1500,1500,1500,1500,1500,1500,1500,1500,1500,1500,1500,7.6
2000-01-01,00:02:49.910,"AIR",8.0,2.8,37,63,0.05,-0.01,-1.91,-59,0,96,10,0,9,25,-55,92,10,-289,13,-382,-3,1,-1,-1,-1,-1,-1,0x0000000000000000,1500,1500,1309,1404,2012,988,988,988,988,988,1500,1500,1500,1500,1500,1500,1500,1500,1500,1500,1500,1500,1500,1500,1500,1500,1500,1500,1500,1500,1500,1500,7.6
2000-01-01,00:02:50.110,"AIR",8.0,2.9,37,63,0.05,0.00,-2.06,-59,0,96,10,0,9,25,-55,92,10,-298,-1,-352,-51,1,-1,-1,-1,-1,-1,0x0000000000000000,1485,1500,1324,1400,2012,988,988,988,988,988,1500,1500,1500,1500,1500,1500,1500,1500,1500,1500,1500,1500,1500,1500,1500,1500,1500,1500,1500,1500,1500,1500,7.6
2000-01-01,00:02:50.310,"AIR",8.0,2.9,38,63,0.05,-0.01,-2.19,-60,0,97,10,0,9,25,-47,100,11,-335,-51,-356,-83,1,-1,-1,-1,-1,-1,0x0000000000000000,1468,1485,1322,1381,2012,988,988,988,988,988,1500,1500,1500,1500,1500,1500,1500,1500,1500,1500,1500,1500,1500,1500,1500,1500,1500,1500,1500,1500,1500,1500,7.6
2000-01-01,00:02:50.510,"AIR",8.0,3.1,38,63,0.04,-0.02,-2.38,-57,0,100,11,0,9,25,-57,100,9,-364,-75,-260,-74,1,-1,-1,-1,-1,-1,0x0000000000000000,1473,1472,1370,1366,2012,988,988,988,988,988,1500,1500,1500,1500,1500,1500,1500,1500,1500,1500,1500,1500,1500,1500,1500,1500,1500,1500,1500,1500,1500,1500,7.6
2000-01-01,00:02:50.710,"AIR",8.0,3.5,38,62,0.02,-0.03,-2.59,-62,0,100,10,0,9,25,-50,100,12,-375,-79,-295,1,1,-1,-1,-1,-1,-1,0x0000000000000000,1500,1470,1353,1360,2012,988,988,988,988,988,1500,1500,1500,1500,1500,1500,1500,1500,1500,1500,1500,1500,1500,1500,1500,1500,1500,1500,1500,1500,1500,1500,7.6
2000-01-01,00:02:50.910,"AIR",8.0,3.2,38,62,0.00,-0.02,-2.83,-59,0,100,10,0,9,25,-54,100,10,-420,-134,-384,-1,1,-1,-1,-1,-1,-1,0x0000000000000000,1500,1442,1308,1337,2012,988,988,988,988,988,1500,1500,1500,1500,1500,1500,1500,1500,1500,1500,1500,1500,1500,1500,1500,1500,1500,1500,1500,1500,1500,1500,7.6
2000-01-01,00:02:51.110,"AIR",8.0,2.8,38,63,-0.05,-0.04,3.10,-56,0,100,11,0,9,25,-50,100,12,-426,-131,-390,-53,1,-1,-1,-1,-1,-1,0x0000000000000000,1484,1444,1305,1334,2012,988,988,988,988,988,1500,1500,1500,1500,1500,1500,1500,1500,1500,1500,1500,1500,1500,1500,1500,1500,1500,1500,1500,1500,1500,1500,7.6
2000-01-01,00:02:51.310,"AIR",8.0,2.7,38,63,-0.05,-0.07,2.81,-56,0,100,11,0,9,25,-50,100,12,-400,3,-392,-99,1,-1,-1,-1,-1,-1,0x0000000000000000,1460,1500,1304,1347,2012,988,988,988,988,988,1500,1500,1500,1500,1500,1500,1500,1500,1500,1500,1500,1500,1500,1500,1500,1500,1500,1500,1500,1500,1500,1500,7.6
2000-01-01,00:02:51.510,"AIR",8.0,2.8,39,63,-0.03,-0.10,2.56,-54,0,100,10,0,9,25,-51,100,11,-385,1,-285,30,1,-1,-1,-1,-1,-1,0x0000000000000000,1505,1500,1358,1355,2012,988,988,988,988,988,1500,1500,1500,1500,1500,1500,1500,1500,1500,1500,1500,1500,1500,1500,1500,1500,1500,1500,1500,1500,1500,1500,7.6
2000-01-01,00:02:51.710,"AIR",8.0,3.1,39,63,-0.01,-0.08,2.33,-58,0,98,10,0,9,25,-57,96,10,-384,-39,-353,46,1,-1,-1,-1,-1,-1,0x0000000000000000,1513,1491,1324,1356,2012,988,988,988,988,988,1500,1500,1500,1500,1500,1500,1500,1500,1500,1500,1500,1500,1500,1500,1500,1500,1500,1500,1500,1500,1500,1500,7.6
2000-01-01,00:02:51.910,"AIR",8.0,3.2,39,62,0.00,-0.08,2.07,-58,0,98,10,0,9,25,-56,96,10,-348,1,-302,-12,1,-1,-1,-1,-1,-1,0x0000000000000000,1500,1500,1349,1374,2012,988,988,988,988,988,1500,1500,1500,1500,1500,1500,1500,1500,1500,1500,1500,1500,1500,1500,1500,1500,1500,1500,1500,1500,1500,1500,7.6
2000-01-01,00:02:52.110,"AIR",8.0,2.9,39,63,0.01,-0.07,1.91,-57,0,100,10,0,9,25,-48,100,10,-333,3,-388,123,1,-1,-1,-1,-1,-1,0x0000000000000000,1552,1500,1306,1381,2012,988,988,988,988,988,1500,1500,1500,1500,1500,1500,1500,1500,1500,1500,1500,1500,1500,1500,1500,1500,1500,1500,1500,1500,1500,1500,7.6
2000-01-01,00:02:52.310,"AIR",8.0,2.9,39,63,0.00,-0.03,1.73,-54,0,100,11,0,9,25,-48,100,10,-332,-125,-322,5,1,-1,-1,-1,-1,-1,0x0000000000000000,1500,1447,1339,1383,2012,988,988,988,988,988,1500,1500,1500,1500,1500,1500,1500,1500,1500,1500,1500,1500,1500,1500,1500,1500,1500,1500,1500,1500,1500,1500,7.6
2000-01-01,00:02:52.510,"AIR",8.0,2.9,40,63,-0.01,-0.03,1.59,-54,0,100,11,0,9,25,-48,100,10,-268,-19,-416,-31,1,-1,-1,-1,-1,-1,0x0000000000000000,1494,1500,1292,1415,2012,988,988,988,988,988,1500,1500,1500,1500,1500,1500,1500,1500,1500,1500,1500,1500,1500,1500,1500,1500,1500,1500,1500,1500,1500,1500,7.6
2000-01-01,00:02:52.710,"AIR",8.0,3.0,40,63,-0.01,-0.04,1.50,-57,0,100,11,0,9,25,-48,96,11,-266,-133,-280,1,1,-1,-1,-1,-1,-1,0x0000000000000000,1500,1443,1360,1416,2012,988,988,988,988,988,1500,1500,1500,1500,1500,1500,1500,1500,1500,1500,1500,1500,1500,1500,1500,1500,1500,1500,1500,1500,1500,1500,7.6
2000-01-01,00:02:52.910,"AIR",8.0,3.1,40,62,-0.06,-0.04,1.40,-56,0,98,10,0,9,25,-53,92,10,-249,-116,-371,79,1,-1,-1,-1,-1,-1,0x0000000000000000,1530,1452,1315,1424,2012,988,988,988,988,988,1500,1500,1500,1500,1500,1500,1500,1500,1500,1500,1500,1500,1500,1500,1500,1500,1500,1500,1500,1500,1500,1500,7.6
2000-01-01,00:02:53.110,"AIR",8.0,2.9,40,63,-0.09,-0.02,1.31,-56,0,97,11,0,9,25,-49,96,11,-246,-55,-366,85,1,-1,-1,-1,-1,-1,0x0000000000000000,1533,1483,1317,1426,2012,988,988,988,988,988,1500,1500,1500,1500,1500,1500,1500,1500,1500,1500,1500,1500,1500,1500,1500,1500,1500,1500,1500,1500,1500,1500,7.6
2000-01-01,00:02:53.310,"AIR",8.0,3.1,40,62,-0.09,0.00,1.23,-56,0,99,11,0,9,25,-55,100,10,-206,51,-292,114,1,-1,-1,-1,-1,-1,0x0000000000000000,1547,1515,1354,1446,2012,988,988,988,988,988,1500,1500,1500,1500,1500,1500,1500,1500,1500,1500,1500,1500,1500,1500,1500,1500,1500,1500,1500,1500,1500,1500,7.6
2000-01-01,00:02:53.510,"AIR",8.0,3.0,40,62,-0.05,0.03,1.20,-58,0,100,11,0,9,25,-52,100,10,-164,68,-373,117,1,-1,-1,-1,-1,-1,0x0000000000000000,1549,1524,1314,1468,2012,988,988,988,988,988,1500,1500,1500,1500,1500,1500,1500,1500,1500,1500,1500,1500,1500,1500,1500,1500,1500,1500,1500,1500,1500,1500,7.6
2000-01-01,00:02:53.710,"AIR",8.0,2.8,41,63,-0.05,0.06,1.18,-58,0,100,11,0,9,25,-52,100,10,-149,29,-355,-5,1,-1,-1,-1,-1,-1,0x0000000000000000,1500,1504,1323,1475,2012,988,988,988,988,988,1500,1500,1500,1500,1500,1500,1500,1500,1500,1500,1500,1500,1500,1500,1500,1500,1500,1500,1500,1500,1500,1500,7.6
2000-01-01,00:02:53.910,"AIR",8.0,3.0,41,63,-0.03,0.04,1.16,-56,0,100,10,0,9,25,-50,100,12,-148,122,-348,-131,1,-1,-1,-1,-1,-1,0x0000000000000000,1444,1552,1327,1476,2012,988,988,988,988,988,1500,1500,1500,1500,1500,1500,1500,1500,1500,1500,1500,1500,1500,1500,1500,1500,1500,1500,1500,1500,1500,1500,7.6
2000-01-01,00:02:54.110,"AIR",8.0,3.1,41,62,0.00,-0.05,1.14,-57,0,100,10,0,9,25,-63,100,11,-167,97,-324,-211,1,-1,-1,-1,-1,-1,0x0000000000000000,1403,1539,1338,1466,2012,988,988,988,988,988,1500,1500,1500,1500,1500,1500,1500,1500,1500,1500,1500,1500,1500,1500,1500,1500,1500,1500,1500,1500,1500,1500,7.6
2000-01-01,00:02:54.310,"AIR",8.0,3.1,41,62,0.03,-0.12,1.11,-60,0,100,10,0,9,25,-53,100,11,-184,119,-300,-32,1,-1,-1,-1,-1,-1,0x0000000000000000,1500,1550,1350,1458,2012,988,988,988,988,988,1500,1500,1500,1500,1500,1500,1500,1500,1500,1500,1500,1500,1500,1500,1500,1500,1500,1500,1500,1500,1500,1500,7.6
2000-01-01,00:02:54.510,"AIR",8.0,3.2,41,62,0.05,-0.11,1.08,-59,0,100,10,0,9,25,-54,100,12,-167,-39,-335,116,1,-1,-1,-1,-1,-1,0x0000000000000000,1548,1491,1333,1466,2012,988,988,988,988,988,1500,1500,1500,1500,1500,1500,1500,1500,1500,1500,1500,1500,1500,1500,1500,1500,1500,1500,1500,1500,1500,1500,7.6
2000-01-01,00:02:54.710,"AIR",8.0,2.8,41,62,0.03,-0.02,1.06,-60,0,100,11,0,9,25,-60,100,10,-107,-41,-408,136,1,-1,-1,-1,-1,-1,0x0000000000000000,1559,1490,1296,1497,2012,988,988,988,988,988,1500,1500,1500,1500,1500,1500,1500,1500,1500,1500,1500,1500,1500,1500,1500,1500,1500,1500,1500,1500,1500,1500,7.6
2000-01-01,00:02:54.910,"AIR",8.0,2.8,42,62,0.03,0.02,1.06,-60,0,100,11,0,9,25,-60,100,10,-92,10,-359,3,1,-1,-1,-1,-1,-1,0x0000000000000000,1500,1500,1321,1500,2012,988,988,988,988,988,1500,1500,1500,1500,1500,1500,1500,1500,1500,1500,1500,1500,1500,1500,1500,1500,1500,1500,1500,1500,1500,1500,7.6
2000-01-01,00:02:55.110,"AIR",8.0,2.9,42,62,0.03,0.02,1.06,-60,0,100,11,0,9,25,-48,100,10,-100,7,-279,2,1,-1,-1,-1,-1,-1,0x0000000000000000,1500,1500,1361,1500,2012,988,988,988,988,988,1500,1500,1500,1500,1500,1500,1500,1500,1500,1500,1500,1500,1500,1500,1500,1500,1500,1500,1500,1500,1500,1500,7.6
2000-01-01,00:02:55.310,"AIR",8.0,3.6,42,62,0.02,0.00,1.06,-62,0,100,10,0,9,25,-50,100,11,-103,-84,-248,-83,1,-1,-1,-1,-1,-1,0x0000000000000000,1468,1468,1376,1498,2012,988,988,988,988,988,1500,1500,1500,1500,1500,1500,1500,1500,1500,1500,1500,1500,1500,1500,1500,1500,1500,1500,1500,1500,1500,1500,7.6
2000-01-01,00:02:55.510,"AIR",7.9,3.9,42,61,0.01,0.00,1.05,-57,0,100,10,0,9,25,-54,100,11,-196,3,-319,2,1,-1,-1,-1,-1,-1,0x0000000000000000,1500,1500,1341,1452,2012,988,988,988,988,988,1500,1500,1500,1500,1500,1500,1500,1500,1500,1500,1500,1500,1500,1500,1500,1500,1500,1500,1500,1500,1500,1500,7.6
2000-01-01,00:02:55.710,"AIR",8.0,2.7,42,62,0.01,0.00,0.97,-59,0,97,10,0,9,25,-63,96,10,-249,22,-420,4,1,-1,-1,-1,-1,-1,0x0000000000000000,1500,1500,1291,1424,2012,988,988,988,988,988,1500,1500,1500,1500,1500,1500,1500,1500,1500,1500,1500,1500,1500,1500,1500,1500,1500,1500,1500,1500,1500,1500,7.6
2000-01-01,00:02:55.910,"AIR",8.0,2.6,42,62,0.01,0.00,0.90,-58,0,97,10,0,9,25,-49,100,10,-176,10,-464,22,1,-1,-1,-1,-1,-1,0x0000000000000000,1501,1500,1268,1462,2012,988,988,988,988,988,1500,1500,1500,1500,1500,1500,1500,1500,1500,1500,1500,1500,1500,1500,1500,1500,1500,1500,1500,1500,1500,1500,7.6
2000-01-01,00:02:56.110,"AIR",8.0,3.0,43,62,0.01,0.02,0.88,-58,0,97,10,0,9,25,-49,100,10,-107,-36,-222,77,1,-1,-1,-1,-1,-1,0x0000000000000000,1529,1492,1389,1497,2012,988,988,988,988,988,1500,1500,1500,1500,1500,1500,1500,1500,1500,1500,1500,1500,1500,1500,1500,1500,1500,1500,1500,1500,1500,1500,7.6
2000-01-01,00:02:56.310,"AIR",7.9,3.5,43,62,0.00,0.01,0.87,-57,0,100,10,0,9,25,-61,100,11,-183,-30,-374,-134,1,-1,-1,-1,-1,-1,0x0000000000000000,1442,1495,1313,1458,2012,988,988,988,988,988,1500,1500,1500,1500,1500,1500,1500,1500,1500,1500,1500,1500,1500,1500,1500,1500,1500,1500,1500,1500,1500,1500,7.6
2000-01-01,00:02:56.510,"AIR",8.0,2.7,43,62,0.00,-0.04,0.81,-54,0,100,11,0,9,25,-43,100,11,-244,7,-458,-75,1,-1,-1,-1,-1,-1,0x0000000000000000,1472,1500,1271,1427,2012,988,988,988,988,988,1500,1500,1500,1500,1500,1500,1500,1500,1500,1500,1500,1500,1500,1500,1500,1500,1500,1500,1500,1500,1500,1500,7.6
2000-01-01,00:02:56.710,"AIR",8.0,2.5,43,63,0.01,-0.05,0.74,-50,0,100,10,0,9,25,-41,100,11,-221,31,-369,5,1,-1,-1,-1,-1,-1,0x0000000000000000,1500,1505,1321,1439,2012,988,988,988,988,988,1500,1500,1500,1500,1500,1500,1500,1500,1500,1500,1500,1500,1500,1500,1500,1500,1500,1500,1500,1500,1500,1500,7.6
2000-01-01,00:02:56.910,"AIR",8.0,3.2,43,62,0.01,-0.04,0.69,-50,0,100,10,0,9,25,-50,100,11,-195,2,-295,111,1,-1,-1,-1,-1,-1,0x0000000000000000,1546,1500,1353,1453,2012,988,988,988,988,988,1500,1500,1500,1500,1500,1500,1500,1500,1500,1500,1500,1500,1500,1500,1500,1500,1500,1500,1500,1500,1500,1500,7.6
2000-01-01,00:02:57.110,"AIR",8.0,3.1,43,62,0.01,-0.02,0.65,-48,0,100,10,0,9,25,-43,100,11,-166,-32,-310,-4,1,-1,-1,-1,-1,-1,0x0000000000000000,1500,1494,1345,1467,2012,988,988,988,988,988,1500,1500,1500,1500,1500,1500,1500,1500,1500,1500,1500,1500,1500,1500,1500,1500,1500,1500,1500,1500,1500,1500,7.6
2000-01-01,00:02:57.310,"AIR",8.0,3.2,44,62,0.00,-0.02,0.63,-48,0,100,10,0,9,25,-43,100,11,-174,5,-380,1,1,-1,-1,-1,-1,-1,0x0000000000000000,1500,1500,1310,1463,2012,988,988,988,988,988,1500,1500,1500,1500,1500,1500,1500,1500,1500,1500,1500,1500,1500,1500,1500,1500,1500,1500,1500,1500,1500,1500,7.6
2000-01-01,00:02:57.510,"AIR",8.0,2.8,44,62,0.01,0.00,0.59,-44,0,100,10,0,9,25,-43,100,10,-213,-26,-383,165,1,-1,-1,-1,-1,-1,0x0000000000000000,1573,1497,1309,1443,2012,988,988,988,988,988,1500,1500,1500,1500,1500,1500,1500,1500,1500,1500,1500,1500,1500,1500,1500,1500,1500,1500,1500,1500,1500,1500,7.6
2000-01-01,00:02:57.710,"AIR",8.0,2.8,44,62,0.00,0.03,0.53,-46,0,100,11,0,9,25,-44,100,-2,-200,-1,-360,0,1,-1,-1,-1,-1,-1,0x0000000000000000,1500,1500,1320,1449,2012,988,988,988,988,988,1500,1500,1500,1500,1500,1500,1500,1500,1500,1500,1500,1500,1500,1500,1500,1500,1500,1500,1500,1500,1500,1500,7.6
2000-01-01,00:02:57.910,"AIR",8.0,3.0,44,62,0.00,0.00,0.49,-49,0,100,10,0,9,25,-46,100,10,-210,-57,-295,-154,1,-1,-1,-1,-1,-1,0x0000000000000000,1432,1482,1353,1444,2012,988,988,988,988,988,1500,1500,1500,1500,1500,1500,1500,1500,1500,1500,1500,1500,1500,1500,1500,1500,1500,1500,1500,1500,1500,1500,7.6
2000-01-01,00:02:58.110,"AIR",8.0,3.0,44,62,0.00,-0.04,0.44,-50,0,100,11,0,9,25,-44,100,11,-216,-4,-407,-88,1,-1,-1,-1,-1,-1,0x0000000000000000,1466,1500,1296,1441,2012,988,988,988,988,988,1500,1500,1500,1500,1500,1500,1500,1500,1500,1500,1500,1500,1500,1500,1500,1500,1500,1500,1500,1500,1500,1500,7.6
2000-01-01,00:02:58.310,"AIR",8.0,2.8,44,62,0.00,-0.05,0.39,-51,0,100,11,0,9,25,-49,100,11,-215,-57,-334,53,1,-1,-1,-1,-1,-1,0x0000000000000000,1516,1482,1333,1442,2012,988,988,988,988,988,1500,1500,1500,1500,1500,1500,1500,1500,1500,1500,1500,1500,1500,1500,1500,1500,1500,1500,1500,1500,1500,1500,7.6
2000-01-01,00:02:58.510,"AIR",8.0,3.1,45,62,-0.01,-0.03,0.34,-51,0,100,11,0,9,25,-49,100,11,-192,-74,-336,97,1,-1,-1,-1,-1,-1,0x0000000000000000,1539,1473,1332,1454,2012,988,988,988,988,988,1500,1500,1500,1500,1500,1500,1500,1500,1500,1500,1500,1500,1500,1500,1500,1500,1500,1500,1500,1500,1500,1500,7.6
2000-01-01,00:02:58.710,"AIR",8.0,2.9,45,62,-0.02,0.00,0.30,-53,0,99,10,0,9,25,-48,100,11,-166,-46,-401,77,1,-1,-1,-1,-1,-1,0x0000000000000000,1529,1487,1300,1467,2012,988,988,988,988,988,1500,1500,1500,1500,1500,1500,1500,1500,1500,1500,1500,1500,1500,1500,1500,1500,1500,1500,1500,1500,1500,1500,7.6
2000-01-01,00:02:58.910,"AIR",8.0,2.7,45,62,-0.02,0.00,0.28,-58,0,99,11,0,9,25,-69,100,11,-167,-13,-397,37,1,-1,-1,-1,-1,-1,0x0000000000000000,1508,1500,1302,1466,2012,988,988,988,988,988,1500,1500,1500,1500,1500,1500,1500,1500,1500,1500,1500,1500,1500,1500,1500,1500,1500,1500,1500,1500,1500,1500,7.6
2000-01-01,00:02:59.110,"AIR",8.0,2.8,45,62,-0.03,0.00,0.25,-58,0,100,10,0,9,25,-50,100,12,-181,8,-289,-18,1,-1,-1,-1,-1,-1,0x0000000000000000,1500,1500,1356,1459,2012,988,988,988,988,988,1500,1500,1500,1500,1500,1500,1500,1500,1500,1500,1500,1500,1500,1500,1500,1500,1500,1500,1500,1500,1500,1500,7.6
2000-01-01,00:02:59.310,"AIR",8.0,3.2,45,62,-0.02,0.00,0.22,-57,0,100,10,0,9,25,-51,96,11,-167,2,-313,-27,1,-1,-1,-1,-1,-1,0x0000000000000000,1497,1500,1344,1466,2012,988,988,988,988,988,1500,1500,1500,1500,1500,1500,1500,1500,1500,1500,1500,1500,1500,1500,1500,1500,1500,1500,1500,1500,1500,1500,7.6
2000-01-01,00:02:59.510,"AIR",7.9,3.2,45,62,-0.02,0.00,0.19,-55,0,100,10,0,9,25,-47,100,10,-173,2,-309,98,1,-1,-1,-1,-1,-1,0x0000000000000000,1539,1500,1346,1463,2012,988,988,988,988,988,1500,1500,1500,1500,1500,1500,1500,1500,1500,1500,1500,1500,1500,1500,1500,1500,1500,1500,1500,1500,1500,1500,7.6
2000-01-01,00:02:59.710,"AIR",7.9,3.0,46,62,-0.02,0.01,0.17,-55,0,100,10,0,9,25,-47,100,10,-105,35,-416,-59,1,-1,-1,-1,-1,-1,0x0000000000000000,1481,1507,1292,1498,2012,988,988,988,988,988,1500,1500,1500,1500,1500,1500,1500,1500,1500,1500,1500,1500,1500,1500,1500,1500,1500,1500,1500,1500,1500,1500,7.6
2000-01-01,00:02:59.910,"AIR",8.0,2.5,46,62,-0.01,-0.01,0.17,-54,0,100,10,0,9,25,-47,100,10,-97,87,-396,-86,1,-1,-1,-1,-1,-1,0x0000000000000000,1467,1534,1302,1500,2012,988,988,988,988,988,1500,1500,1500,1500,1500,1500,1500,1500,1500,1500,1500,1500,1500,1500,1500,1500,1500,1500,1500,1500,1500,1500,7.6
2000-01-01,00:03:00.110,"AIR",8.0,3.0,46,62,0.00,-0.02,0.17,-53,0,100,10,0,9,25,-49,100,10,-112,1,-289,2,1,-1,-1,-1,-1,-1,0x0000000000000000,1500,1500,1356,1494,2012,988,988,988,988,988,1500,1500,1500,1500,1500,1500,1500,1500,1500,1500,1500,1500,1500,1500,1500,1500,1500,1500,1500,1500,1500,1500,7.6
2000-01-01,00:03:00.310,"AIR",7.9,3.3,46,62,0.00,-0.02,0.16,-51,0,100,10,0,9,25,-45,96,11,-116,7,-313,16,1,-1,-1,-1,-1,-1,0x0000000000000000,1500,1500,1344,1492,2012,988,988,988,988,988,1500,1500,1500,1500,1500,1500,1500,1500,1500,1500,1500,1500,1500,1500,1500,1500,1500,1500,1500,1500,1500,1500,7.6
2000-01-01,00:03:00.510,"AIR",7.9,3.2,46,62,0.01,-0.01,0.16,-51,0,100,10,0,9,25,-49,100,10,-105,112,-348,-25,1,-1,-1,-1,-1,-1,0x0000000000000000,1498,1546,1326,1498,2012,988,988,988,988,988,1500,1500,1500,1500,1500,1500,1500,1500,1500,1500,1500,1500,1500,1500,1500,1500,1500,1500,1500,1500,1500,1500,7.6
2000-01-01,00:03:00.710,"AIR",7.9,3.0,46,62,0.04,-0.02,0.16,-50,0,100,10,0,9,25,-48,96,11,-109,70,-351,-88,1,-1,-1,-1,-1,-1,0x0000000000000000,1466,1525,1325,1496,2012,988,988,988,988,988,1500,1500,1500,1500,1500,1500,1500,1500,1500,1500,1500,1500,1500,1500,1500,1500,1500,1500,1500,1500,1500,1500,7.6
2000-01-01,00:03:00.910,"AIR",7.9,3.1,47,62,0.05,-0.04,0.16,-50,0,100,10,0,9,25,-48,96,11,-120,33,-317,-83,1,-1,-1,-1,-1,-1,0x0000000000000000,1473,1506,1342,1490,2012,988,988,988,988,988,1500,1500,1500,1500,1500,1500,1500,1500,1500,1500,1500,1500,1500,1500,1500,1500,1500,1500,1500,1500,1500,1500,7.6
2000-01-01,00:03:01.110,"AIR",7.9,3.2,47,62,0.04,-0.05,0.15,-53,0,100,11,0,9,25,-48,100,11,-120,-16,-314,6,1,-1,-1,-1,-1,-1,0x0000000000000000,1500,1500,1343,1490,2012,988,988,988,988,988,1500,1500,1500,1500,1500,1500,1500,1500,1500,1500,1500,1500,1500,1500,1500,1500,1500,1500,1500,1500,1500,1500,7.6
2000-01-01,00:03:01.310,"AIR",7.9,3.2,47,62,0.03,-0.03,0.15,-52,0,100,10,0,9,25,-51,100,10,-111,-103,-324,113,1,-1,-1,-1,-1,-1,0x0000000000000000,1547,1458,1338,1495,2012,988,988,988,988,988,1500,1500,1500,1500,1500,1500,1500,1500,1500,1500,1500,1500,1500,1500,1500,1500,1500,1500,1500,1500,1500,1500,7.6
2000-01-01,00:03:01.510,"AIR",7.9,3.2,47,61,0.00,0.00,0.15,-54,0,100,10,0,9,25,-46,100,10,-62,-105,-300,105,1,-1,-1,-1,-1,-1,0x0000000000000000,1543,1457,1350,1500,2012,988,988,988,988,988,1500,1500,1500,1500,1500,1500,1500,1500,1500,1500,1500,1500,1500,1500,1500,1500,1500,1500,1500,1500,1500,1500,7.6
2000-01-01,00:03:01.710,"AIR",7.9,3.2,47,61,-0.03,0.04,0.15,-56,0,100,11,0,9,25,-54,100,11,-16,-43,-370,38,1,-1,-1,-1,-1,-1,0x0000000000000000,1509,1489,1315,1522,2012,988,988,988,988,988,1500,1500,1500,1500,1500,1500,1500,1500,1500,1500,1500,1500,1500,1500,1500,1500,1500,1500,1500,1500,1500,1500,7.6
2000-01-01,00:03:01.910,"AIR",7.9,2.8,48,62,-0.03,0.03,0.16,-60,0,100,10,0,9,25,-62,100,11,-7,12,-398,-117,1,-1,-1,-1,-1,-1,0x0000000000000000,1451,1500,1301,1526,2012,988,988,988,988,988,1500,1500,1500,1500,1500,1500,1500,1500,1500,1500,1500,1500,1500,1500,1500,1500,1500,1500,1500,1500,1500,1500,7.6
2000-01-01,00:03:02.110,"AIR",7.9,3.0,48,62,-0.03,-0.03,0.18,-60,0,100,10,0,9,25,-62,100,11,-25,4,-355,-159,1,-1,-1,-1,-1,-1,0x0000000000000000,1430,1500,1323,1517,2012,988,988,988,988,988,1500,1500,1500,1500,1500,1500,1500,1500,1500,1500,1500,1500,1500,1500,1500,1500,1500,1500,1500,1500,1500,1500,7.6
2000-01-01,00:03:02.310,"AIR",8.0,2.6,48,62,-0.03,-0.06,0.19,-62,0,100,11,0,9,25,-51,100,11,-19,6,-439,-1,1,-1,-1,-1,-1,-1,0x0000000000000000,1500,1500,1281,1520,2012,988,988,988,988,988,1500,1500,1500,1500,1500,1500,1500,1500,1500,1500,1500,1500,1500,1500,1500,1500,1500,1500,1500,1500,1500,1500,7.6
2000-01-01,00:03:02.510,"AIR",8.0,2.4,48,62,-0.03,-0.06,0.20,-58,0,100,11,0,9,25,-54,100,12,-24,5,-390,95,1,-1,-1,-1,-1,-1,0x0000000000000000,1538,1500,1305,1518,2012,988,988,988,988,988,1500,1500,1500,1500,1500,1500,1500,1500,1500,1500,1500,1500,1500,1500,1500,1500,1500,1500,1500,1500,1500,1500,7.6
2000-01-01,00:03:02.710,"AIR",8.0,2.6,48,62,-0.03,-0.03,0.21,-58,0,100,11,0,9,25,-47,100,11,-6,2,-348,104,1,-1,-1,-1,-1,-1,0x0000000000000000,1542,1500,1326,1527,2012,988,988,988,988,988,1500,1500,1500,1500,1500,1500,1500,1500,1500,1500,1500,1500,1500,1500,1500,1500,1500,1500,1500,1500,1500,1500,7.6
2000-01-01,00:03:02.910,"AIR",8.0,2.7,48,62,-0.03,0.00,0.23,-57,0,100,10,0,9,25,-56,100,11,-5,2,-429,84,1,-1,-1,-1,-1,-1,0x0000000000000000,1532,1500,1286,1528,2012,988,988,988,988,988,1500,1500,1500,1500,1500,1500,1500,1500,1500,1500,1500,1500,1500,1500,1500,1500,1500,1500,1500,1500,1500,1500,7.6
2000-01-01,00:03:03.110,"AIR",8.0,2.8,48,62,-0.03,0.00,0.26,-56,0,100,10,0,9,25,-55,100,10,-6,9,-330,0,1,-1,-1,-1,-1,-1,0x0000000000000000,1500,1500,1335,1527,2012,988,988,988,988,988,1500,1500,1500,1500,1500,1500,1500,1500,1500,1500,1500,1500,1500,1500,1500,1500,1500,1500,1500,1500,1500,1500,7.6
2000-01-01,00:03:03.310,"AIR",8.0,3.1,49,62,-0.03,0.00,0.27,-56,0,100,10,0,9,25,-55,100,10,-6,7,-321,2,1,-1,-1,-1,-1,-1,0x0000000000000000,1500,1500,1340,1527,2012,988,988,988,988,988,1500,1500,1500,1500,1500,1500,1500,1500,1500,1500,1500,1500,1500,1500,1500,1500,1500,1500,1500,1500,1500,1500,7.6
2000-01-01,00:03:03.510,"AIR",7.9,3.4,49,62,-0.03,0.01,0.29,-55,0,100,10,0,9,25,-47,100,10,-5,3,-316,76,1,-1,-1,-1,-1,-1,0x0000000000000000,1528,1500,1342,1528,2012,988,988,988,988,988,1500,1500,1500,1500,1500,1500,1500,1500,1500,1500,1500,1500,1500,1500,1500,1500,1500,1500,1500,1500,1500,1500,7.6
2000-01-01,00:03:03.710,"AIR",8.0,2.6,49,62,-0.03,0.04,0.31,-56,0,100,10,0,9,25,-46,100,10,-5,7,-409,123,1,-1,-1,-1,-1,-1,0x0000000000000000,1552,1500,1296,1528,2012,988,988,988,988,988,1500,1500,1500,1500,1500,1500,1500,1500,1500,1500,1500,1500,1500,1500,1500,1500,1500,1500,1500,1500,1500,1500,7.6
2000-01-01,00:03:03.910,"AIR",7.9,3.7,49,61,0.00,0.02,0.34,-55,0,100,11,0,9,25,-58,100,9,-8,1,-327,172,1,-1,-1,-1,-1,-1,0x0000000000000000,1577,1500,1337,1526,2012,988,988,988,988,988,1500,1500,1500,1500,1500,1500,1500,1500,1500,1500,1500,1500,1500,1500,1500,1500,1500,1500,1500,1500,1500,1500,7.6
2000-01-01,00:03:04.110,"AIR",7.9,3.2,49,61,0.00,0.08,0.35,-52,0,100,10,0,9,25,-40,96,11,-8,2,-378,111,1,-1,-1,-1,-1,-1,0x0000000000000000,1546,1500,1311,1526,2012,988,988,988,988,988,1500,1500,1500,1500,1500,1500,1500,1500,1500,1500,1500,1500,1500,1500,1500,1500,1500,1500,1500,1500,1500,1500,7.6
2000-01-01,00:03:04.310,"AIR",7.9,2.8,49,61,0.00,0.08,0.37,-52,0,100,10,0,9,25,-55,100,11,-23,10,-350,-89,1,-1,-1,-1,-1,-1,0x0000000000000000,1465,1500,1325,1518,2012,988,988,988,988,988,1500,1500,1500,1500,1500,1500,1500,1500,1500,1500,1500,1500,1500,1500,1500,1500,1500,1500,1500,1500,1500,1500,7.6
2000-01-01,00:03:04.510,"AIR",7.9,3.0,50,61,0.00,0.06,0.37,-52,0,100,10,0,9,25,-55,100,11,-49,7,-405,-55,1,-1,-1,-1,-1,-1,0x0000000000000000,1483,1500,1298,1505,2012,988,988,988,988,988,1500,1500,1500,1500,1500,1500,1500,1500,1500,1500,1500,1500,1500,1500,1500,1500,1500,1500,1500,1500,1500,1500,7.6
2000-01-01,00:03:04.710,"AIR",7.9,2.7,50,62,0.00,0.05,0.38,-54,0,100,10,0,9,25,-47,100,10,-50,7,-351,-81,1,-1,-1,-1,-1,-1,0x0000000000000000,1469,1500,1325,1505,2012,988,988,988,988,988,1500,1500,1500,1500,1500,1500,1500,1500,1500,1500,1500,1500,1500,1500,1500,1500,1500,1500,1500,1500,1500,1500,7.6
2000-01-01,00:03:04.910,"AIR",7.9,2.9,50,61,0.00,0.03,0.38,-54,0,100,10,0,9,25,-52,100,10,-46,5,-391,-69,1,-1,-1,-1,-1,-1,0x0000000000000000,1475,1500,1305,1507,2012,988,988,988,988,988,1500,1500,1500,1500,1500,1500,1500,1500,1500,1500,1500,1500,1500,1500,1500,1500,1500,1500,1500,1500,1500,1500,7.6
2000-01-01,00:03:05.110,"AIR",7.9,2.7,50,62,0.00,0.00,0.38,-54,0,100,11,0,9,25,-55,100,10,-31,-42,-388,-169,1,-1,-1,-1,-1,-1,0x0000000000000000,1424,1489,1306,1514,2012,988,988,988,988,988,1500,1500,1500,1500,1500,1500,1500,1500,1500,1500,1500,1500,1500,1500,1500,1500,1500,1500,1500,1500,1500,1500,7.6
2000-01-01,00:03:05.310,"AIR",7.9,2.8,50,62,-0.01,-0.08,0.39,-54,0,100,11,0,9,25,-50,100,10,-45,-53,-337,-75,1,-1,-1,-1,-1,-1,0x0000000000000000,1472,1484,1332,1507,2012,988,988,988,988,988,1500,1500,1500,1500,1500,1500,1500,1500,1500,1500,1500,1500,1500,1500,1500,1500,1500,1500,1500,1500,1500,1500,7.6
2000-01-01,00:03:05.510,"AIR",7.9,3.0,50,62,-0.02,-0.08,0.39,-53,0,100,10,0,9,25,-46,100,11,-68,-45,-334,7,1,-1,-1,-1,-1,-1,0x0000000000000000,1500,1488,1333,1500,2012,988,988,988,988,988,1500,1500,1500,1500,1500,1500,1500,1500,1500,1500,1500,1500,1500,1500,1500,1500,1500,1500,1500,1500,1500,1500,7.6
2000-01-01,00:03:05.710,"AIR",7.9,3.1,51,61,-0.02,-0.07,0.39,-53,0,100,10,0,9,25,-46,100,11,-59,-32,-332,10,1,-1,-1,-1,-1,-1,0x0000000000000000,1500,1494,1334,1500,2012,988,988,988,988,988,1500,1500,1500,1500,1500,1500,1500,1500,1500,1500,1500,1500,1500,1500,1500,1500,1500,1500,1500,1500,1500,1500,7.6
2000-01-01,00:03:05.910,"AIR",7.9,2.9,51,61,-0.03,-0.06,0.39,-52,0,100,10,0,9,25,-50,100,11,-49,-87,-384,-19,1,-1,-1,-1,-1,-1,0x0000000000000000,1500,1466,1308,1505,2012,988,988,988,988,988,1500,1500,1500,1500,1500,1500,1500,1500,1500,1500,1500,1500,1500,1500,1500,1500,1500,1500,1500,1500,1500,1500,7.6
2000-01-01,00:03:06.110,"AIR",7.9,3.0,51,61,-0.05,-0.06,0.39,-51,0,100,10,0,9,25,-50,100,12,-8,1,-320,143,1,-1,-1,-1,-1,-1,0x0000000000000000,1562,1500,1340,1526,2012,988,988,988,988,988,1500,1500,1500,1500,1500,1500,1500,1500,1500,1500,1500,1500,1500,1500,1500,1500,1500,1500,1500,1500,1500,1500,7.6
2000-01-01,00:03:06.310,"AIR",7.9,2.9,51,61,-0.04,0.01,0.41,-55,0,100,10,0,9,25,-52,100,10,-1,15,-348,123,1,-1,-1,-1,-1,-1,0x0000000000000000,1552,1500,1326,1530,2012,988,988,988,988,988,1500,1500,1500,1500,1500,1500,1500,1500,1500,1500,1500,1500,1500,1500,1500,1500,1500,1500,1500,1500,1500,1500,7.6
2000-01-01,00:03:06.510,"AIR",7.9,3.5,51,61,-0.04,0.04,0.43,-55,0,100,10,0,9,25,-51,100,10,1,6,-248,1,1,-1,-1,-1,-1,-1,0x0000000000000000,1500,1500,1376,1531,2012,988,988,988,988,988,1500,1500,1500,1500,1500,1500,1500,1500,1500,1500,1500,1500,1500,1500,1500,1500,1500,1500,1500,1500,1500,1500,7.6
2000-01-01,00:03:06.710,"AIR",7.9,3.3,52,61,-0.04,0.01,0.46,-53,0,100,9,0,9,25,-48,100,9,1,1,-323,-118,1,-1,-1,-1,-1,-1,0x0000000000000000,1451,1500,1339,1531,2012,988,988,988,988,988,1500,1500,1500,1500,1500,1500,1500,1500,1500,1500,1500,1500,1500,1500,1500,1500,1500,1500,1500,1500,1500,1500,7.6
2000-01-01,00:03:06.910,"AIR",7.9,3.3,52,61,-0.04,0.00,0.48,-53,0,100,9,0,9,25,-48,100,9,-3,64,-361,18,1,-1,-1,-1,-1,-1,0x0000000000000000,1500,1528,1319,1529,2012,988,988,988,988,988,1500,1500,1500,1500,1500,1500,1500,1500,1500,1500,1500,1500,1500,1500,1500,1500,1500,1500,1500,1500,1500,1500,7.6
2000-01-01,00:03:07.110,"AIR",7.9,2.7,52,61,0.00,0.01,0.50,-54,0,100,10,0,9,25,-59,100,12,-5,165,-378,89,1,-1,-1,-1,-1,-1,0x0000000000000000,1535,1573,1311,1528,2012,988,988,988,988,988,1500,1500,1500,1500,1500,1500,1500,1500,1500,1500,1500,1500,1500,1500,1500,1500,1500,1500,1500,1500,1500,1500,7.6
2000-01-01,00:03:07.310,"AIR",7.9,3.2,52,61,0.04,0.03,0.51,-52,0,100,11,0,9,25,-50,96,9,-3,10,-292,11,1,-1,-1,-1,-1,-1,0x0000000000000000,1500,1500,1354,1529,2012,988,988,988,988,988,1500,1500,1500,1500,1500,1500,1500,1500,1500,1500,1500,1500,1500,1500,1500,1500,1500,1500,1500,1500,1500,1500,7.6
2000-01-01,00:03:07.510,"AIR",7.9,3.2,52,61,0.04,0.03,0.54,-53,0,100,10,0,9,25,-44,100,11,-3,-6,-384,-34,1,-1,-1,-1,-1,-1,0x0000000000000000,1493,1500,1308,1529,2012,988,988,988,988,988,1500,1500,1500,1500,1500,1500,1500,1500,1500,1500,1500,1500,1500,1500,1500,1500,1500,1500,1500,1500,1500,1500,7.6
2000-01-01,00:03:07.710,"AIR",7.9,2.6,52,61,0.04,0.01,0.56,-51,0,100,10,0,9,25,-48,100,10,-4,12,-403,-104,1,-1,-1,-1,-1,-1,0x0000000000000000,1457,1500,1305,1528,2012,988,988,988,988,988,1500,1500,1500,1500,1500,1500,1500,1500,1500,1500,1500,1500,1500,1500,1500,1500,1500,1500,1500,1500,1500,1500,7.6
2000-01-01,00:03:07.910,"AIR",7.9,2.9,53,61,0.03,-0.01,0.57,-51,0,100,11,0,9,25,-48,100,10,-10,6,-332,-103,1,-1,-1,-1,-1,-1,0x0000000000000000,1458,1500,1334,1525,2012,988,988,988,988,988,1500,1500,1500,1500,1500,1500,1500,1500,1500,1500,1500,1500,1500,1500,1500,1500,1500,1500,1500,1500,1500,1500,7.6
2000-01-01,00:03:08.110,"AIR",7.9,2.8,53,61,0.03,-0.04,0.59,-51,0,100,11,0,9,25,-48,100,10,-11,9,-376,-47,1,-1,-1,-1,-1,-1,0x0000000000000000,1487,1500,1312,1524,2012,988,988,988,988,988,1500,1500,1500,1500,1500,1500,1500,1500,1500,1500,1500,1500,1500,1500,1500,1500,1500,1500,1500,1500,1500,1500,7.6
2000-01-01,00:03:08.310,"AIR",7.9,2.9,53,61,0.02,-0.04,0.61,-52,0,100,10,0,9,25,-48,100,10,-6,8,-327,-1,1,-1,-1,-1,-1,-1,0x0000000000000000,1500,1500,1337,1527,2012,988,988,988,988,988,1500,1500,1500,1500,1500,1500,1500,1500,1500,1500,1500,1500,1500,1500,1500,1500,1500,1500,1500,1500,1500,1500,7.6
2000-01-01,00:03:08.510,"AIR",7.9,3.2,53,61,0.02,-0.03,0.63,-53,0,100,10,0,9,25,-45,96,10,-5,-18,-335,105,1,-1,-1,-1,-1,-1,0x0000000000000000,1543,1500,1333,1528,2012,988,988,988,988,988,1500,1500,1500,1500,1500,1500,1500,1500,1500,1500,1500,1500,1500,1500,1500,1500,1500,1500,1500,1500,1500,1500,7.6
2000-01-01,00:03:08.710,"AIR",7.9,2.9,53,61,0.02,0.00,0.64,-52,0,100,10,0,9,25,-46,100,10,-1,-23,-388,68,1,-1,-1,-1,-1,-1,0x0000000000000000,1524,1499,1306,1530,2012,988,988,988,988,988,1500,1500,1500,1500,1500,1500,1500,1500,1500,1500,1500,1500,1500,1500,1500,1500,1500,1500,1500,1500,1500,1500,7.6
2000-01-01,00:03:08.910,"AIR",7.9,2.9,53,61,0.00,0.00,0.67,-54,0,100,11,0,9,25,-57,100,11,37,-113,-370,117,1,-1,-1,-1,-1,-1,0x0000000000000000,1549,1453,1315,1549,2012,988,988,988,988,988,1500,1500,1500,1500,1500,1500,1500,1500,1500,1500,1500,1500,1500,1500,1500,1500,1500,1500,1500,1500,1500,1500,7.6
2000-01-01,00:03:09.110,"AIR",7.9,2.7,54,61,-0.03,0.07,0.73,-54,0,100,11,0,9,25,-49,100,10,87,-119,-390,168,1,-1,-1,-1,-1,-1,0x0000000000000000,1575,1450,1305,1574,2012,988,988,988,988,988,1500,1500,1500,1500,1500,1500,1500,1500,1500,1500,1500,1500,1500,1500,1500,1500,1500,1500,1500,1500,1500,1500,7.6
2000-01-01,00:03:09.310,"AIR",7.9,2.8,54,61,-0.05,0.11,0.82,-54,0,100,11,0,9,25,-49,100,10,67,8,-335,-76,1,-1,-1,-1,-1,-1,0x0000000000000000,1472,1500,1333,1564,2012,988,988,988,988,988,1500,1500,1500,1500,1500,1500,1500,1500,1500,1500,1500,1500,1500,1500,1500,1500,1500,1500,1500,1500,1500,1500,7.6
2000-01-01,00:03:09.510,"AIR",7.9,3.1,54,61,-0.04,0.03,0.87,-51,0,100,10,0,9,25,-60,100,11,34,9,-283,-212,1,-1,-1,-1,-1,-1,0x0000000000000000,1403,1500,1359,1547,2012,988,988,988,988,988,1500,1500,1500,1500,1500,1500,1500,1500,1500,1500,1500,1500,1500,1500,1500,1500,1500,1500,1500,1500,1500,1500,7.6
2000-01-01,00:03:09.710,"AIR",7.9,3.6,54,60,-0.04,-0.03,0.90,-52,0,100,10,0,9,25,-52,100,12,4,2,-241,6,1,-1,-1,-1,-1,-1,0x0000000000000000,1500,1500,1380,1532,2012,988,988,988,988,988,1500,1500,1500,1500,1500,1500,1500,1500,1500,1500,1500,1500,1500,1500,1500,1500,1500,1500,1500,1500,1500,1500,7.6
2000-01-01,00:03:09.910,"AIR",7.9,3.8,54,60,-0.04,0.00,0.93,-51,0,100,10,0,9,25,-44,100,11,3,-11,-304,178,1,-1,-1,-1,-1,-1,0x0000000000000000,1580,1500,1348,1532,2012,988,988,988,988,988,1500,1500,1500,1500,1500,1500,1500,1500,1500,1500,1500,1500,1500,1500,1500,1500,1500,1500,1500,1500,1500,1500,7.6
2000-01-01,00:03:10.110,"AIR",7.9,3.0,54,60,-0.04,0.09,0.96,-52,0,100,11,0,9,25,-46,100,12,27,9,-422,136,1,-1,-1,-1,-1,-1,0x0000000000000000,1559,1500,1289,1544,2012,988,988,988,988,988,1500,1500,1500,1500,1500,1500,1500,1500,1500,1500,1500,1500,1500,1500,1500,1500,1500,1500,1500,1500,1500,1500,7.6
2000-01-01,00:03:10.310,"AIR",7.9,3.0,55,60,-0.03,0.11,1.00,-53,0,100,10,0,9,25,-52,100,11,17,21,-297,-15,1,-1,-1,-1,-1,-1,0x0000000000000000,1500,1500,1352,1539,2012,988,988,988,988,988,1500,1500,1500,1500,1500,1500,1500,1500,1500,1500,1500,1500,1500,1500,1500,1500,1500,1500,1500,1500,1500,1500,7.6
2000-01-01,00:03:10.510,"AIR",7.9,3.0,55,61,-0.03,0.08,1.02,-53,0,100,10,0,9,25,-52,100,11,3,11,-426,-138,1,-1,-1,-1,-1,-1,0x0000000000000000,1440,1500,1282,1532,2012,988,988,988,988,988,1500,1500,1500,1500,1500,1500,1500,1500,1500,1500,1500,1500,1500,1500,1500,1500,1500,1500,1500,1500,1500,1500,7.6
2000-01-01,00:03:10.710,"AIR",7.9,2.6,55,61,-0.02,0.02,1.04,-54,0,100,10,0,9,25,-51,100,12,-1,11,-361,-136,1,-1,-1,-1,-1,-1,0x0000000000000000,1441,1500,1320,1530,2012,988,988,988,988,988,1500,1500,1500,1500,1500,1500,1500,1500,1500,1500,1500,1500,1500,1500,1500,1500,1500,1500,1500,1500,1500,1500,7.6
2000-01-01,00:03:10.910,"AIR",7.9,2.8,55,61,-0.02,-0.01,1.06,-54,0,100,11,0,9,25,-53,100,12,-2,91,-376,-74,1,-1,-1,-1,-1,-1,0x0000000000000000,1473,1536,1312,1529,2012,988,988,988,988,988,1500,1500,1500,1500,1500,1500,1500,1500,1500,1500,1500,1500,1500,1500,1500,1500,1500,1500,1500,1500,1500,1500,7.6
2000-01-01,00:03:11.110,"AIR",7.9,3.1,55,61,-0.01,-0.02,1.08,-55,0,100,10,0,9,25,-48,96,10,-3,2,-277,-20,1,-1,-1,-1,-1,-1,0x0000000000000000,1500,1500,1362,1529,2012,988,988,988,988,988,1500,1500,1500,1500,1500,1500,1500,1500,1500,1500,1500,1500,1500,1500,1500,1500,1500,1500,1500,1500,1500,1500,7.6
2000-01-01,00:03:11.310,"AIR",7.9,3.2,55,61,-0.01,-0.02,1.10,-54,0,100,10,0,9,25,-50,100,11,-2,4,-374,6,1,-1,-1,-1,-1,-1,0x0000000000000000,1500,1500,1313,1529,2012,988,988,988,988,988,1500,1500,1500,1500,1500,1500,1500,1500,1500,1500,1500,1500,1500,1500,1500,1500,1500,1500,1500,1500,1500,1500,7.6
2000-01-01,00:03:11.510,"AIR",7.9,2.8,56,61,-0.01,-0.01,1.12,-54,0,100,10,0,9,25,-58,100,10,0,8,-377,78,1,-1,-1,-1,-1,-1,0x0000000000000000,1529,1500,1311,1530,2012,988,988,988,988,988,1500,1500,1500,1500,1500,1500,1500,1500,1500,1500,1500,1500,1500,1500,1500,1500,1500,1500,1500,1500,1500,1500,7.6
2000-01-01,00:03:11.710,"AIR",7.9,2.9,56,61,-0.01,0.00,1.14,-54,0,100,10,0,9,25,-58,100,10,-1,71,-336,4,1,-1,-1,-1,-1,-1,0x0000000000000000,1500,1526,1332,1530,2012,988,988,988,988,988,1500,1500,1500,1500,1500,1500,1500,1500,1500,1500,1500,1500,1500,1500,1500,1500,1500,1500,1500,1500,1500,1500,7.6
2000-01-01,00:03:11.910,"AIR",7.9,3.1,56,61,0.01,0.00,1.16,-56,0,100,10,0,9,25,-47,100,10,-1,68,-329,10,1,-1,-1,-1,-1,-1,0x0000000000000000,1500,1524,1336,1530,2012,988,988,988,988,988,1500,1500,1500,1500,1500,1500,1500,1500,1500,1500,1500,1500,1500,1500,1500,1500,1500,1500,1500,1500,1500,1500,7.6
2000-01-01,00:03:12.110,"AIR",7.9,3.0,56,61,0.01,0.00,1.19,-57,0,100,10,0,9,25,-48,100,10,0,2,-359,88,1,-1,-1,-1,-1,-1,0x0000000000000000,1534,1500,1321,1530,2012,988,988,988,988,988,1500,1500,1500,1500,1500,1500,1500,1500,1500,1500,1500,1500,1500,1500,1500,1500,1500,1500,1500,1500,1500,1500,7.6
2000-01-01,00:03:12.310,"AIR",7.9,3.0,56,61,0.01,0.02,1.21,-54,0,100,10,0,9,25,-44,100,10,3,-20,-360,84,1,-1,-1,-1,-1,-1,0x0000000000000000,1532,1500,1320,1532,2012,988,988,988,988,988,1500,1500,1500,1500,1500,1500,1500,1500,1500,1500,1500,1500,1500,1500,1500,1500,1500,1500,1500,1500,1500,1500,7.6
2000-01-01,00:03:12.510,"AIR",7.9,2.9,56,61,0.00,0.02,1.23,-52,0,100,11,0,9,25,-46,100,10,3,4,-337,-16,1,-1,-1,-1,-1,-1,0x0000000000000000,1500,1500,1332,1532,2012,988,988,988,988,988,1500,1500,1500,1500,1500,1500,1500,1500,1500,1500,1500,1500,1500,1500,1500,1500,1500,1500,1500,1500,1500,1500,7.6
2000-01-01,00:03:12.710,"AIR",7.9,3.2,57,61,0.00,0.02,1.25,-50,0,100,10,0,9,25,-45,100,10,5,-35,-315,18,1,-1,-1,-1,-1,-1,0x0000000000000000,1500,1493,1343,1533,2012,988,988,988,988,988,1500,1500,1500,1500,1500,1500,1500,1500,1500,1500,1500,1500,1500,1500,1500,1500,1500,1500,1500,1500,1500,1500,7.6
2000-01-01,00:03:12.910,"AIR",7.9,3.1,57,61,0.00,0.04,1.28,-50,0,100,10,0,9,25,-45,100,10,10,-28,-339,111,1,-1,-1,-1,-1,-1,0x0000000000000000,1546,1496,1331,1535,2012,988,988,988,988,988,1500,1500,1500,1500,1500,1500,1500,1500,1500,1500,1500,1500,1500,1500,1500,1500,1500,1500,1500,1500,1500,1500,7.6
2000-01-01,00:03:13.110,"AIR",7.9,3.2,57,60,0.00,0.07,1.31,-52,0,100,11,0,9,25,-41,100,0,6,-13,-307,50,1,-1,-1,-1,-1,-1,0x0000000000000000,1515,1500,1347,1533,2012,988,988,988,988,988,1500,1500,1500,1500,1500,1500,1500,1500,1500,1500,1500,1500,1500,1500,1500,1500,1500,1500,1500,1500,1500,1500,7.6
2000-01-01,00:03:13.310,"AIR",7.9,3.3,57,60,0.00,0.07,1.33,-51,0,100,11,0,9,25,-45,100,10,8,-18,-314,61,1,-1,-1,-1,-1,-1,0x0000000000000000,1520,1500,1343,1534,2012,988,988,988,988,988,1500,1500,1500,1500,1500,1500,1500,1500,1500,1500,1500,1500,1500,1500,1500,1500,1500,1500,1500,1500,1500,1500,7.6
2000-01-01,00:03:13.510,"AIR",7.9,3.2,57,60,0.00,0.07,1.35,-51,0,100,10,0,9,25,-48,100,11,3,3,-344,0,1,-1,-1,-1,-1,-1,0x0000000000000000,1500,1500,1328,1532,2012,988,988,988,988,988,1500,1500,1500,1500,1500,1500,1500,1500,1500,1500,1500,1500,1500,1500,1500,1500,1500,1500,1500,1500,1500,1500,7.6
2000-01-01,00:03:13.710,"AIR",7.9,2.8,58,60,0.01,0.05,1.38,-50,0,100,10,0,9,25,-43,100,10,2,64,-417,-172,1,-1,-1,-1,-1,-1,0x0000000000000000,1423,1522,1292,1531,2012,988,988,988,988,988,1500,1500,1500,1500,1500,1500,1500,1500,1500,1500,1500,1500,1500,1500,1500,1500,1500,1500,1500,1500,1500,1500,7.6
2000-01-01,00:03:13.910,"AIR",7.9,2.7,58,60,0.02,-0.03,1.40,-49,0,100,10,0,9,25,-44,100,10,-1,12,-380,-90,1,-1,-1,-1,-1,-1,0x0000000000000000,1465,1500,1310,1530,2012,988,988,988,988,988,1500,1500,1500,1500,1500,1500,1500,1500,1500,1500,1500,1500,1500,1500,1500,1500,1500,1500,1500,1500,1500,1500,7.6
2000-01-01,00:03:14.110,"AIR",7.9,2.9,58,60,0.01,-0.03,1.42,-49,0,100,10,0,9,25,-44,100,10,-1,-4,-320,42,1,-1,-1,-1,-1,-1,0x0000000000000000,1511,1500,1340,1530,2012,988,988,988,988,988,1500,1500,1500,1500,1500,1500,1500,1500,1500,1500,1500,1500,1500,1500,1500,1500,1500,1500,1500,1500,1500,1500,7.6
2000-01-01,00:03:14.310,"AIR",7.9,3.1,58,60,0.01,-0.02,1.44,-49,0,100,10,0,9,25,-48,100,11,1,-7,-325,84,1,-1,-1,-1,-1,-1,0x0000000000000000,1532,1500,1338,1531,2012,988,988,988,988,988,1500,1500,1500,1500,1500,1500,1500,1500,1500,1500,1500,1500,1500,1500,1500,1500,1500,1500,1500,1500,1500,1500,7.6
2000-01-01,00:03:14.510,"AIR",7.9,3.1,58,60,0.01,-0.01,1.46,-50,0,100,9,0,9,25,-52,100,10,4,-3,-326,36,1,-1,-1,-1,-1,-1,0x0000000000000000,1508,1500,1337,1532,2012,988,988,988,988,988,1500,1500,1500,1500,1500,1500,1500,1500,1500,1500,1500,1500,1500,1500,1500,1500,1500,1500,1500,1500,1500,1500,7.6
2000-01-01,00:03:14.710,"AIR",7.9,3.2,58,60,0.01,-0.01,1.49,-56,0,100,11,0,9,25,-52,96,10,5,-13,-330,20,1,-1,-1,-1,-1,-1,0x0000000000000000,1500,1500,1335,1533,2012,988,988,988,988,988,1500,1500,1500,1500,1500,1500,1500,1500,1500,1500,1500,1500,1500,1500,1500,1500,1500,1500,1500,1500,1500,1500,7.6
2000-01-01,00:03:14.910,"AIR",7.9,3.1,59,60,0.01,0.00,1.52,-61,0,100,11,0,9,25,-54,96,10,42,-28,-338,81,1,-1,-1,-1,-1,-1,0x0000000000000000,1531,1496,1331,1552,2012,988,988,988,988,988,1500,1500,1500,1500,1500,1500,1500,1500,1500,1500,1500,1500,1500,1500,1500,1500,1500,1500,1500,1500,1500,1500,7.6
2000-01-01,00:03:15.110,"AIR",7.9,3.1,59,60,0.00,0.02,1.56,-62,0,100,11,0,9,25,-50,100,11,44,-14,-340,120,1,-1,-1,-1,-1,-1,0x0000000000000000,1550,1500,1330,1553,2012,988,988,988,988,988,1500,1500,1500,1500,1500,1500,1500,1500,1500,1500,1500,1500,1500,1500,1500,1500,1500,1500,1500,1500,1500,1500,7.6
2000-01-01,00:03:15.310,"AIR",7.9,3.1,59,60,0.00,0.04,1.61,-62,0,100,11,0,9,25,-50,100,11,53,1,-346,2,1,-1,-1,-1,-1,-1,0x0000000000000000,1500,1500,1327,1557,2012,988,988,988,988,988,1500,1500,1500,1500,1500,1500,1500,1500,1500,1500,1500,1500,1500,1500,1500,1500,1500,1500,1500,1500,1500,1500,7.6
2000-01-01,00:03:15.510,"AIR",7.9,3.0,59,60,0.01,0.04,1.67,-59,0,100,10,0,9,25,-58,100,11,62,6,-360,2,1,-1,-1,-1,-1,-1,0x0000000000000000,1500,1500,1320,1562,2012,988,988,988,988,988,1500,1500,1500,1500,1500,1500,1500,1500,1500,1500,1500,1500,1500,1500,1500,1500,1500,1500,1500,1500,1500,1500,7.6
2000-01-01,00:03:15.710,"AIR",7.9,2.9,59,60,0.01,0.03,1.73,-62,0,99,10,0,9,25,-53,96,9,94,2,-370,-94,1,-1,-1,-1,-1,-1,0x0000000000000000,1463,1500,1315,1578,2012,988,988,988,988,988,1500,1500,1500,1500,1500,1500,1500,1500,1500,1500,1500,1500,1500,1500,1500,1500,1500,1500,1500,1500,1500,1500,7.6
2000-01-01,00:03:15.910,"AIR",7.9,2.9,59,60,0.01,0.00,1.83,-59,0,99,11,0,9,25,-47,96,10,87,3,-338,2,1,-1,-1,-1,-1,-1,0x0000000000000000,1500,1500,1331,1574,2012,988,988,988,988,988,1500,1500,1500,1500,1500,1500,1500,1500,1500,1500,1500,1500,1500,1500,1500,1500,1500,1500,1500,1500,1500,1500,7.6
2000-01-01,00:03:16.110,"AIR",7.9,3.1,60,60,0.01,0.00,1.90,-63,0,99,11,0,9,25,-63,96,10,84,-20,-297,69,1,-1,-1,-1,-1,-1,0x0000000000000000,1524,1500,1352,1573,2012,988,988,988,988,988,1500,1500,1500,1500,1500,1500,1500,1500,1500,1500,1500,1500,1500,1500,1500,1500,1500,1500,1500,1500,1500,1500,7.6
2000-01-01,00:03:16.310,"AIR",7.9,3.4,60,60,0.01,0.01,1.98,-62,0,99,10,0,9,25,-53,100,10,130,-30,-317,5,1,-1,-1,-1,-1,-1,0x0000000000000000,1500,1495,1342,1596,2012,988,988,988,988,988,1500,1500,1500,1500,1500,1500,1500,1500,1500,1500,1500,1500,1500,1500,1500,1500,1500,1500,1500,1500,1500,1500,7.6
2000-01-01,00:03:16.510,"AIR",7.9,3.2,60,60,0.01,0.01,2.13,-62,0,99,10,0,9,25,-53,100,10,172,-7,-361,35,1,-1,-1,-1,-1,-1,0x0000000000000000,1507,1500,1320,1618,2012,988,988,988,988,988,1500,1500,1500,1500,1500,1500,1500,1500,1500,1500,1500,1500,1500,1500,1500,1500,1500,1500,1500,1500,1500,1500,7.6
2000-01-01,00:03:16.710,"AIR",7.9,3.0,60,60,0.01,0.02,2.30,-60,0,100,10,0,9,25,-52,100,11,186,4,-370,69,1,-1,-1,-1,-1,-1,0x0000000000000000,1524,1500,1315,1625,2012,988,988,988,988,988,1500,1500,1500,1500,1500,1500,1500,1500,1500,1500,1500,1500,1500,1500,1500,1500,1500,1500,1500,1500,1500,1500,7.6
2000-01-01,00:03:16.910,"AIR",7.9,2.9,60,60,0.02,0.03,2.52,-62,0,100,10,0,9,25,-68,100,11,208,-35,-365,66,1,-1,-1,-1,-1,-1,0x0000000000000000,1523,1493,1318,1636,2012,988,988,988,988,988,1500,1500,1500,1500,1500,1500,1500,1500,1500,1500,1500,1500,1500,1500,1500,1500,1500,1500,1500,1500,1500,1500,7.6
2000-01-01,00:03:17.110,"AIR",7.9,2.9,60,60,0.02,0.04,2.74,-64,0,100,10,0,9,25,-65,100,11,218,-54,-356,56,1,-1,-1,-1,-1,-1,0x0000000000000000,1518,1483,1322,1641,2012,988,988,988,988,988,1500,1500,1500,1500,1500,1500,1500,1500,1500,1500,1500,1500,1500,1500,1500,1500,1500,1500,1500,1500,1500,1500,7.6
2000-01-01,00:03:17.310,"AIR",7.9,3.7,61,60,-0.01,0.00,2.98,-62,0,100,11,0,9,25,-54,100,11,233,-74,-349,62,1,-1,-1,-1,-1,-1,0x0000000000000000,1521,1473,1326,1649,2012,988,988,988,988,988,1500,1500,1500,1500,1500,1500,1500,1500,1500,1500,1500,1500,1500,1500,1500,1500,1500,1500,1500,1500,1500,1500,7.6
2000-01-01,00:03:17.510,"AIR",7.9,3.2,61,60,-0.02,0.02,-3.05,-61,0,100,10,0,9,25,-57,100,11,235,-125,-328,9,1,-1,-1,-1,-1,-1,0x0000000000000000,1500,1447,1336,1650,2012,988,988,988,988,988,1500,1500,1500,1500,1500,1500,1500,1500,1500,1500,1500,1500,1500,1500,1500,1500,1500,1500,1500,1500,1500,1500,7.6
2000-01-01,00:03:17.710,"AIR",7.9,3.1,61,60,-0.03,0.04,-2.81,-61,0,100,10,0,9,25,-57,100,11,219,11,-360,61,1,-1,-1,-1,-1,-1,0x0000000000000000,1520,1500,1320,1642,2012,988,988,988,988,988,1500,1500,1500,1500,1500,1500,1500,1500,1500,1500,1500,1500,1500,1500,1500,1500,1500,1500,1500,1500,1500,1500,7.6
2000-01-01,00:03:17.910,"AIR",7.9,3.0,61,60,-0.01,0.05,-2.57,-60,0,100,11,0,9,25,-60,100,11,225,116,-342,-31,1,-1,-1,-1,-1,-1,0x0000000000000000,1495,1548,1329,1645,2012,988,988,988,988,988,1500,1500,1500,1500,1500,1500,1500,1500,1500,1500,1500,1500,1500,1500,1500,1500,1500,1500,1500,1500,1500,1500,7.6
2000-01-01,00:03:18.110,"AIR",7.9,3.3,61,60,0.02,0.00,-2.31,-65,0,99,10,0,9,25,-65,100,10,200,52,-302,-149,1,-1,-1,-1,-1,-1,0x0000000000000000,1435,1516,1349,1632,2012,988,988,988,988,988,1500,1500,1500,1500,1500,1500,1500,1500,1500,1500,1500,1500,1500,1500,1500,1500,1500,1500,1500,1500,1500,1500,7.6
2000-01-01,00:03:18.310,"AIR",7.9,3.0,62,60,0.02,-0.07,-2.13,-65,0,99,10,0,9,25,-63,100,11,170,28,-389,-159,1,-1,-1,-1,-1,-1,0x0000000000000000,1430,1504,1306,1617,2012,988,988,988,988,988,1500,1500,1500,1500,1500,1500,1500,1500,1500,1500,1500,1500,1500,1500,1500,1500,1500,1500,1500,1500,1500,1500,7.6
2000-01-01,00:03:18.510,"AIR",7.9,2.8,62,60,0.01,-0.10,-1.99,-66,0,100,11,0,9,25,-59,100,10,126,14,-391,1,1,-1,-1,-1,-1,-1,0x0000000000000000,1500,1500,1305,1594,2012,988,988,988,988,988,1500,1500,1500,1500,1500,1500,1500,1500,1500,1500,1500,1500,1500,1500,1500,1500,1500,1500,1500,1500,1500,1500,7.6
2000-01-01,00:03:18.710,"AIR",7.9,3.0,62,60,0.00,-0.10,-1.87,-64,0,100,10,0,9,25,-62,96,12,127,-72,-282,107,1,-1,-1,-1,-1,-1,0x0000000000000000,1544,1474,1359,1595,2012,988,988,988,988,988,1500,1500,1500,1500,1500,1500,1500,1500,1500,1500,1500,1500,1500,1500,1500,1500,1500,1500,1500,1500,1500,1500,7.6
2000-01-01,00:03:18.910,"AIR",7.9,3.4,62,59,-0.02,-0.04,-1.75,-64,0,100,10,0,9,25,-62,96,12,128,-83,-336,163,1,-1,-1,-1,-1,-1,0x0000000000000000,1572,1468,1332,1595,2012,988,988,988,988,988,1500,1500,1500,1500,1500,1500,1500,1500,1500,1500,1500,1500,1500,1500,1500,1500,1500,1500,1500,1500,1500,1500,7.6
2000-01-01,00:03:19.110,"AIR",7.9,3.0,62,59,-0.04,0.01,-1.64,-66,0,100,11,0,9,25,-57,100,10,146,4,-381,19,1,-1,-1,-1,-1,-1,0x0000000000000000,1500,1500,1310,1605,2012,988,988,988,988,988,1500,1500,1500,1500,1500,1500,1500,1500,1500,1500,1500,1500,1500,1500,1500,1500,1500,1500,1500,1500,1500,1500,7.6
2000-01-01,00:03:19.310,"AIR",7.9,2.9,62,60,-0.02,0.02,-1.48,-65,0,100,10,0,9,25,-56,100,10,86,69,-353,-1,1,-1,-1,-1,-1,-1,0x0000000000000000,1500,1524,1324,1574,2012,988,988,988,988,988,1500,1500,1500,1500,1500,1500,1500,1500,1500,1500,1500,1500,1500,1500,1500,1500,1500,1500,1500,1500,1500,1500,7.6
2000-01-01,00:03:19.510,"AIR",7.9,3.2,63,59,-0.01,0.02,-1.45,-64,0,100,10,0,9,25,-56,100,11,-3,110,-322,-1,1,-1,-1,-1,-1,-1,0x0000000000000000,1500,1545,1339,1529,2012,988,988,988,988,988,1500,1500,1500,1500,1500,1500,1500,1500,1500,1500,1500,1500,1500,1500,1500,1500,1500,1500,1500,1500,1500,1500,7.6
2000-01-01,00:03:19.710,"AIR",7.9,2.8,63,60,0.02,0.01,-1.43,-62,0,100,10,0,9,25,-54,100,11,-24,115,-487,-40,1,-1,-1,-1,-1,-1,0x0000000000000000,1490,1548,1257,1518,2012,988,988,988,988,988,1500,1500,1500,1500,1500,1500,1500,1500,1500,1500,1500,1500,1500,1500,1500,1500,1500,1500,1500,1500,1500,1500,7.6
2000-01-01,00:03:19.910,"AIR",7.9,2.6,63,60,0.05,0.01,-1.42,-62,0,100,10,0,9,25,-60,100,11,-56,8,-314,2,1,-1,-1,-1,-1,-1,0x0000000000000000,1500,1500,1344,1502,2012,988,988,988,988,988,1500,1500,1500,1500,1500,1500,1500,1500,1500,1500,1500,1500,1500,1500,1500,1500,1500,1500,1500,1500,1500,1500,7.6
2000-01-01,00:03:20.110,"AIR",7.9,3.1,63,59,0.04,0.00,-1.43,-62,0,100,10,0,9,25,-60,100,11,-57,-1,-329,4,1,-1,-1,-1,-1,-1,0x0000000000000000,1500,1500,1336,1501,2012,988,988,988,988,988,1500,1500,1500,1500,1500,1500,1500,1500,1500,1500,1500,1500,1500,1500,1500,1500,1500,1500,1500,1500,1500,1500,7.6
2000-01-01,00:03:20.310,"AIR",7.9,3.2,63,59,0.04,0.00,-1.42,-62,0,100,10,0,9,25,-52,100,10,-41,10,-320,-61,1,-1,-1,-1,-1,-1,0x0000000000000000,1480,1500,1340,1509,2012,988,988,988,988,988,1500,1500,1500,1500,1500,1500,1500,1500,1500,1500,1500,1500,1500,1500,1500,1500,1500,1500,1500,1500,1500,1500,7.6
2000-01-01,00:03:20.510,"AIR",7.9,3.0,63,59,0.03,-0.01,-1.41,-61,0,100,10,0,9,25,-54,100,10,-64,5,-413,-74,1,-1,-1,-1,-1,-1,0x0000000000000000,1473,1500,1294,1500,2012,988,988,988,988,988,1500,1500,1500,1500,1500,1500,1500,1500,1500,1500,1500,1500,1500,1500,1500,1500,1500,1500,1500,1500,1500,1500,7.6
2000-01-01,00:03:20.710,"AIR",7.9,2.7,63,60,0.03,-0.03,-1.41,-58,0,100,10,0,9,25,-51,96,11,-95,-38,-353,-55,1,-1,-1,-1,-1,-1,0x0000000000000000,1483,1491,1324,1500,2012,988,988,988,988,988,1500,1500,1500,1500,1500,1500,1500,1500,1500,1500,1500,1500,1500,1500,1500,1500,1500,1500,1500,1500,1500,1500,7.6
2000-01-01,00:03:20.910,"AIR",7.9,2.9,64,59,0.02,-0.03,-1.41,-59,0,100,11,0,9,25,-52,100,10,-97,-15,-345,4,1,-1,-1,-1,-1,-1,0x0000000000000000,1500,1500,1328,1500,2012,988,988,988,988,988,1500,1500,1500,1500,1500,1500,1500,1500,1500,1500,1500,1500,1500,1500,1500,1500,1500,1500,1500,1500,1500,1500,7.6
2000-01-01,00:03:21.110,"AIR",7.9,3.0,64,59,0.02,-0.03,-1.42,-59,0,100,11,0,9,25,-59,100,10,-100,-1,-341,5,1,-1,-1,-1,-1,-1,0x0000000000000000,1500,1500,1330,1500,2012,988,988,988,988,988,1500,1500,1500,1500,1500,1500,1500,1500,1500,1500,1500,1500,1500,1500,1500,1500,1500,1500,1500,1500,1500,1500,7.6
2000-01-01,00:03:21.310,"AIR",7.9,2.7,64,59,0.02,-0.02,-1.42,-59,0,100,11,0,9,25,-59,100,10,-86,8,-466,138,1,-1,-1,-1,-1,-1,0x0000000000000000,1560,1500,1267,1500,2012,988,988,988,988,988,1500,1500,1500,1500,1500,1500,1500,1500,1500,1500,1500,1500,1500,1500,1500,1500,1500,1500,1500,1500,1500,1500,7.6
2000-01-01,00:03:21.510,"AIR",7.9,2.4,64,60,0.02,0.02,-1.42,-62,0,100,11,0,9,25,-51,100,10,-72,5,-408,45,1,-1,-1,-1,-1,-1,0x0000000000000000,1512,1500,1296,1500,2012,988,988,988,988,988,1500,1500,1500,1500,1500,1500,1500,1500,1500,1500,1500,1500,1500,1500,1500,1500,1500,1500,1500,1500,1500,1500,7.6
2000-01-01,00:03:21.710,"AIR",7.9,2.7,64,60,0.02,0.02,-1.42,-60,0,100,11,0,9,25,-55,100,11,-76,-18,-321,-75,1,-1,-1,-1,-1,-1,0x0000000000000000,1472,1500,1340,1500,2012,988,988,988,988,988,1500,1500,1500,1500,1500,1500,1500,1500,1500,1500,1500,1500,1500,1500,1500,1500,1500,1500,1500,1500,1500,1500,7.6
2000-01-01,00:03:21.910,"AIR",7.9,3.8,65,58,0.00,-0.02,-1.42,-62,0,100,10,0,9,25,-56,100,12,-84,-63,-297,-52,1,-1,-1,-1,-1,-1,0x0000000000000000,1484,1479,1352,1500,2012,988,988,988,988,988,1500,1500,1500,1500,1500,1500,1500,1500,1500,1500,1500,1500,1500,1500,1500,1500,1500,1500,1500,1500,1500,1500,7.6
2000-01-01,00:03:22.110,"AIR",7.9,3.0,65,59,0.00,-0.01,-1.42,-61,0,100,11,0,9,25,-72,100,11,-121,10,-444,59,1,-1,-1,-1,-1,-1,0x0000000000000000,1519,1500,1278,1490,2012,988,988,988,988,988,1500,1500,1500,1500,1500,1500,1500,1500,1500,1500,1500,1500,1500,1500,1500,1500,1500,1500,1500,1500,1500,1500,7.6
2000-01-01,00:03:22.310,"AIR",7.9,2.9,65,59,0.00,0.00,-1.42,-60,0,100,10,0,9,25,-63,96,10,-121,3,-329,49,1,-1,-1,-1,-1,-1,0x0000000000000000,1514,1500,1336,1490,2012,988,988,988,988,988,1500,1500,1500,1500,1500,1500,1500,1500,1500,1500,1500,1500,1500,1500,1500,1500,1500,1500,1500,1500,1500,1500,7.6
2000-01-01,00:03:22.510,"AIR",7.9,3.1,65,59,0.00,0.00,-1.43,-60,0,100,10,0,9,25,-63,96,10,-123,8,-339,57,1,-1,-1,-1,-1,-1,0x0000000000000000,1518,1500,1331,1489,2012,988,988,988,988,988,1500,1500,1500,1500,1500,1500,1500,1500,1500,1500,1500,1500,1500,1500,1500,1500,1500,1500,1500,1500,1500,1500,7.6
2000-01-01,00:03:22.710,"AIR",7.9,3.1,65,59,0.00,0.01,-1.43,-63,0,98,10,0,9,25,-72,92,10,-117,28,-364,51,1,-1,-1,-1,-1,-1,0x0000000000000000,1515,1504,1318,1492,2012,988,988,988,988,988,1500,1500,1500,1500,1500,1500,1500,1500,1500,1500,1500,1500,1500,1500,1500,1500,1500,1500,1500,1500,1500,1500,7.6
2000-01-01,00:03:22.910,"AIR",7.9,2.7,65,59,0.01,0.01,-1.43,-67,0,98,10,0,9,25,-62,100,10,-112,68,-404,13,1,-1,-1,-1,-1,-1,0x0000000000000000,1500,1524,1298,1494,2012,988,988,988,988,988,1500,1500,1500,1500,1500,1500,1500,1500,1500,1500,1500,1500,1500,1500,1500,1500,1500,1500,1500,1500,1500,1500,7.6
2000-01-01,00:03:23.110,"AIR",7.9,2.7,66,59,0.02,0.01,-1.44,-68,0,100,9,0,9,25,-68,100,10,-122,42,-358,1,1,-1,-1,-1,-1,-1,0x0000000000000000,1500,1511,1321,1489,2012,988,988,988,988,988,1500,1500,1500,1500,1500,1500,1500,1500,1500,1500,1500,1500,1500,1500,1500,1500,1500,1500,1500,1500,1500,1500,7.6
2000-01-01,00:03:23.310,"AIR",7.9,2.9,66,59,0.02,0.01,-1.45,-66,0,100,10,0,9,25,-55,96,11,-123,17,-319,2,1,-1,-1,-1,-1,-1,0x0000000000000000,1500,1500,1341,1489,2012,988,988,988,988,988,1500,1500,1500,1500,1500,1500,1500,1500,1500,1500,1500,1500,1500,1500,1500,1500,1500,1500,1500,1500,1500,1500,7.6
2000-01-01,00:03:23.510,"AIR",7.9,3.2,66,58,0.02,0.01,-1.45,-62,0,100,10,0,9,25,-58,96,10,-126,13,-304,-1,1,-1,-1,-1,-1,-1,0x0000000000000000,1500,1500,1348,1487,2012,988,988,988,988,988,1500,1500,1500,1500,1500,1500,1500,1500,1500,1500,1500,1500,1500,1500,1500,1500,1500,1500,1500,1500,1500,1500,7.6
2000-01-01,00:03:23.710,"AIR",7.9,3.2,66,58,0.02,0.01,-1.46,-62,0,100,10,0,9,25,-58,96,10,-128,62,-340,-36,1,-1,-1,-1,-1,-1,0x0000000000000000,1492,1521,1330,1486,2012,988,988,988,988,988,1500,1500,1500,1500,1500,1500,1500,1500,1500,1500,1500,1500,1500,1500,1500,1500,1500,1500,1500,1500,1500,1500,7.6
2000-01-01,00:03:23.910,"AIR",7.9,3.0,66,58,0.04,0.00,-1.47,-61,0,100,10,0,9,25,-61,96,9,-133,76,-352,-56,1,-1,-1,-1,-1,-1,0x0000000000000000,1482,1528,1324,1484,2012,988,988,988,988,988,1500,1500,1500,1500,1500,1500,1500,1500,1500,1500,1500,1500,1500,1500,1500,1500,1500,1500,1500,1500,1500,1500,7.6
2000-01-01,00:03:24.110,"AIR",7.9,3.0,66,58,0.05,0.00,-1.48,-61,0,100,10,0,9,25,-52,100,9,-143,85,-349,-56,1,-1,-1,-1,-1,-1,0x0000000000000000,1482,1533,1326,1479,2012,988,988,988,988,988,1500,1500,1500,1500,1500,1500,1500,1500,1500,1500,1500,1500,1500,1500,1500,1500,1500,1500,1500,1500,1500,1500,7.6
2000-01-01,00:03:24.310,"AIR",7.9,3.0,67,58,0.07,-0.03,-1.49,-58,0,100,10,0,9,25,-65,100,10,-142,43,-348,-178,1,-1,-1,-1,-1,-1,0x0000000000000000,1420,1512,1327,1479,2012,988,988,988,988,988,1500,1500,1500,1500,1500,1500,1500,1500,1500,1500,1500,1500,1500,1500,1500,1500,1500,1500,1500,1500,1500,1500,7.6
2000-01-01,00:03:24.510,"AIR",7.9,3.1,67,58,0.07,-0.11,-1.51,-59,0,100,10,0,9,25,-66,100,10,-149,16,-318,-123,1,-1,-1,-1,-1,-1,0x0000000000000000,1448,1500,1341,1475,2012,988,988,988,988,988,1500,1500,1500,1500,1500,1500,1500,1500,1500,1500,1500,1500,1500,1500,1500,1500,1500,1500,1500,1500,1500,1500,7.6
2000-01-01,00:03:24.710,"AIR",7.9,3.1,67,58,0.07,-0.11,-1.53,-58,0,100,10,0,9,25,-54,100,9,-151,4,-383,125,1,-1,-1,-1,-1,-1,0x0000000000000000,1553,1500,1309,1474,2012,988,988,988,988,988,1500,1500,1500,1500,1500,1500,1500,1500,1500,1500,1500,1500,1500,1500,1500,1500,1500,1500,1500,1500,1500,1500,7.6
2000-01-01,00:03:24.910,"AIR",7.9,2.8,67,58,0.07,-0.06,-1.54,-58,0,100,10,0,9,25,-54,100,9,-155,-2,-384,101,1,-1,-1,-1,-1,-1,0x0000000000000000,1541,1500,1308,1472,2012,988,988,988,988,988,1500,1500,1500,1500,1500,1500,1500,1500,1500,1500,1500,1500,1500,1500,1500,1500,1500,1500,1500,1500,1500,1500,7.6
2000-01-01,00:03:25.110,"AIR",7.9,2.8,67,58,0.07,-0.04,-1.58,-61,0,100,10,0,9,25,-58,100,10,-246,0,-369,2,1,-1,-1,-1,-1,-1,0x0000000000000000,1500,1500,1316,1426,2012,988,988,988,988,988,1500,1500,1500,1500,1500,1500,1500,1500,1500,1500,1500,1500,1500,1500,1500,1500,1500,1500,1500,1500,1500,1500,7.6
2000-01-01,00:03:25.310,"AIR",7.9,2.9,67,58,0.08,-0.03,-1.77,-61,0,100,11,0,9,25,-52,100,9,-416,0,-317,-93,1,-1,-1,-1,-1,-1,0x0000000000000000,1463,1500,1342,1339,2012,988,988,988,988,988,1500,1500,1500,1500,1500,1500,1500,1500,1500,1500,1500,1500,1500,1500,1500,1500,1500,1500,1500,1500,1500,1500,7.6
2000-01-01,00:03:25.510,"AIR",7.9,3.3,68,58,0.08,-0.06,-2.06,-60,0,100,10,0,9,25,-58,100,9,-397,-52,-279,-168,1,-1,-1,-1,-1,-1,0x0000000000000000,1425,1484,1361,1349,2012,988,988,988,988,988,1500,1500,1500,1500,1500,1500,1500,1500,1500,1500,1500,1500,1500,1500,1500,1500,1500,1500,1500,1500,1500,1500,7.6
2000-01-01,00:03:25.710,"AIR",7.9,3.2,68,58,0.09,-0.12,-2.28,-60,0,100,11,0,9,25,-58,100,11,-354,-87,-358,-152,1,-1,-1,-1,-1,-1,0x0000000000000000,1433,1466,1321,1371,2012,988,988,988,988,988,1500,1500,1500,1500,1500,1500,1500,1500,1500,1500,1500,1500,1500,1500,1500,1500,1500,1500,1500,1500,1500,1500,7.6
2000-01-01,00:03:25.910,"AIR",7.9,3.0,68,58,0.07,-0.13,-2.48,-60,0,99,10,0,9,25,-53,100,10,-358,-156,-342,-18,1,-1,-1,-1,-1,-1,0x0000000000000000,1500,1431,1329,1369,2012,988,988,988,988,988,1500,1500,1500,1500,1500,1500,1500,1500,1500,1500,1500,1500,1500,1500,1500,1500,1500,1500,1500,1500,1500,1500,7.6
2000-01-01,00:03:26.110,"AIR",7.9,3.1,68,58,0.02,-0.11,-2.69,-60,0,99,10,0,9,25,-53,100,10,-355,-202,-332,5,1,-1,-1,-1,-1,-1,0x0000000000000000,1500,1408,1334,1370,2012,988,988,988,988,988,1500,1500,1500,1500,1500,1500,1500,1500,1500,1500,1500,1500,1500,1500,1500,1500,1500,1500,1500,1500,1500,1500,7.6
2000-01-01,00:03:26.310,"AIR",7.8,3.2,68,58,-0.05,-0.11,-2.91,-60,0,99,10,0,9,25,-66,100,11,-301,-95,-305,2,1,-1,-1,-1,-1,-1,0x0000000000000000,1500,1462,1348,1398,2012,988,988,988,988,988,1500,1500,1500,1500,1500,1500,1500,1500,1500,1500,1500,1500,1500,1500,1500,1500,1500,1500,1500,1500,1500,1500,7.6
2000-01-01,00:03:26.510,"AIR",7.8,3.3,68,58,-0.04,-0.10,-3.03,-60,0,100,10,0,9,25,-53,100,11,-273,-36,-300,107,1,-1,-1,-1,-1,-1,0x0000000000000000,1544,1492,1350,1412,2012,988,988,988,988,988,1500,1500,1500,1500,1500,1500,1500,1500,1500,1500,1500,1500,1500,1500,1500,1500,1500,1500,1500,1500,1500,1500,7.6
2000-01-01,00:03:26.710,"AIR",7.8,3.4,69,58,-0.04,-0.06,-3.13,-59,0,100,10,0,9,25,-45,100,11,-270,-67,-291,116,1,-1,-1,-1,-1,-1,0x0000000000000000,1548,1477,1355,1414,2012,988,988,988,988,988,1500,1500,1500,1500,1500,1500,1500,1500,1500,1500,1500,1500,1500,1500,1500,1500,1500,1500,1500,1500,1500,1500,7.6
2000-01-01,00:03:26.910,"AIR",7.8,3.2,69,58,-0.04,-0.04,3.07,-58,0,100,10,0,9,25,-60,100,11,-210,13,-367,27,1,-1,-1,-1,-1,-1,0x0000000000000000,1503,1500,1317,1444,2012,988,988,988,988,988,1500,1500,1500,1500,1500,1500,1500,1500,1500,1500,1500,1500,1500,1500,1500,1500,1500,1500,1500,1500,1500,1500,7.6
2000-01-01,00:03:27.110,"AIR",7.8,2.9,69,58,-0.03,-0.02,3.01,-56,0,100,10,0,9,25,-68,100,10,-250,60,-397,116,1,-1,-1,-1,-1,-1,0x0000000000000000,1548,1520,1302,1424,2012,988,988,988,988,988,1500,1500,1500,1500,1500,1500,1500,1500,1500,1500,1500,1500,1500,1500,1500,1500,1500,1500,1500,1500,1500,1500,7.6
2000-01-01,00:03:27.310,"AIR",7.9,2.7,69,58,-0.02,0.03,2.91,-56,0,100,10,0,9,25,-68,100,10,-254,3,-391,189,1,-1,-1,-1,-1,-1,0x0000000000000000,1586,1500,1305,1422,2012,988,988,988,988,988,1500,1500,1500,1500,1500,1500,1500,1500,1500,1500,1500,1500,1500,1500,1500,1500,1500,1500,1500,1500,1500,1500,7.6
2000-01-01,00:03:27.510,"AIR",7.9,2.7,69,58,-0.02,0.11,2.83,-62,0,100,10,0,9,25,-68,96,10,-230,3,-391,118,1,-1,-1,-1,-1,-1,0x0000000000000000,1549,1500,1305,1434,2012,988,988,988,988,988,1500,1500,1500,1500,1500,1500,1500,1500,1500,1500,1500,1500,1500,1500,1500,1500,1500,1500,1500,1500,1500,1500,7.6
2000-01-01,00:03:27.710,"AIR",7.9,2.8,69,58,-0.04,0.12,2.77,-62,0,97,10,0,9,25,-48,100,11,-197,-53,-334,4,1,-1,-1,-1,-1,-1,0x0000000000000000,1500,1484,1333,1451,2012,988,988,988,988,988,1500,1500,1500,1500,1500,1500,1500,1500,1500,1500,1500,1500,1500,1500,1500,1500,1500,1500,1500,1500,1500,1500,7.6
2000-01-01,00:03:27.910,"AIR",7.8,3.1,70,58,-0.05,0.11,2.73,-60,0,100,10,0,9,25,-55,100,10,-208,-52,-305,1,1,-1,-1,-1,-1,-1,0x0000000000000000,1500,1484,1348,1445,2012,988,988,988,988,988,1500,1500,1500,1500,1500,1500,1500,1500,1500,1500,1500,1500,1500,1500,1500,1500,1500,1500,1500,1500,1500,1500,7.6
2000-01-01,00:03:28.110,"AIR",7.8,3.3,70,58,-0.05,0.10,2.68,-58,0,100,9,0,9,25,-51,96,11,-220,69,-307,-41,1,-1,-1,-1,-1,-1,0x0000000000000000,1490,1524,1347,1439,2012,988,988,988,988,988,1500,1500,1500,1500,1500,1500,1500,1500,1500,1500,1500,1500,1500,1500,1500,1500,1500,1500,1500,1500,1500,1500,7.6
2000-01-01,00:03:28.310,"AIR",7.8,3.3,70,58,-0.02,0.08,2.62,-59,0,100,11,0,9,25,-52,96,11,-213,122,-345,-99,1,-1,-1,-1,-1,-1,0x0000000000000000,1460,1552,1328,1443,2012,988,988,988,988,988,1500,1500,1500,1500,1500,1500,1500,1500,1500,1500,1500,1500,1500,1500,1500,1500,1500,1500,1500,1500,1500,1500,7.6
2000-01-01,00:03:28.510,"AIR",7.8,2.9,70,58,0.01,0.05,2.57,-59,0,100,11,0,9,25,-52,96,11,-222,111,-398,-101,1,-1,-1,-1,-1,-1,0x0000000000000000,1459,1546,1301,1438,2012,988,988,988,988,988,1500,1500,1500,1500,1500,1500,1500,1500,1500,1500,1500,1500,1500,1500,1500,1500,1500,1500,1500,1500,1500,1500,7.6
2000-01-01,00:03:28.710,"AIR",7.8,2.9,70,58,0.04,0.02,2.49,-55,0,100,11,0,9,25,-57,100,11,-227,67,-334,-29,1,-1,-1,-1,-1,-1,0x0000000000000000,1496,1518,1333,1436,2012,988,988,988,988,988,1500,1500,1500,1500,1500,1500,1500,1500,1500,1500,1500,1500,1500,1500,1500,1500,1500,1500,1500,1500,1500,1500,7.6
2000-01-01,00:03:28.910,"AIR",7.8,3.0,71,58,0.04,0.02,2.43,-58,0,100,10,0,9,25,-64,100,11,-215,3,-343,-53,1,-1,-1,-1,-1,-1,0x0000000000000000,1484,1500,1329,1442,2012,988,988,988,988,988,1500,1500,1500,1500,1500,1500,1500,1500,1500,1500,1500,1500,1500,1500,1500,1500,1500,1500,1500,1500,1500,1500,7.6
2000-01-01,00:03:29.110,"AIR",7.8,3.0,71,58,0.03,0.01,2.38,-55,0,100,10,0,9,25,-52,100,10,-208,1,-379,-80,1,-1,-1,-1,-1,-1,0x0000000000000000,1470,1500,1311,1445,2012,988,988,988,988,988,1500,1500,1500,1500,1500,1500,1500,1500,1500,1500,1500,1500,1500,1500,1500,1500,1500,1500,1500,1500,1500,1500,7.6
2000-01-01,00:03:29.310,"AIR",7.8,2.7,71,58,0.03,0.00,2.34,-52,0,100,11,0,9,25,-47,100,10,-192,11,-400,-97,1,-1,-1,-1,-1,-1,0x0000000000000000,1461,1500,1300,1454,2012,988,988,988,988,988,1500,1500,1500,1500,1500,1500,1500,1500,1500,1500,1500,1500,1500,1500,1500,1500,1500,1500,1500,1500,1500,1500,7.6
2000-01-01,00:03:29.510,"AIR",7.8,2.8,71,58,0.03,-0.04,2.30,-56,0,100,10,0,9,25,-57,100,11,-161,-27,-334,-128,1,-1,-1,-1,-1,-1,0x0000000000000000,1445,1497,1333,1469,2012,988,988,988,988,988,1500,1500,1500,1500,1500,1500,1500,1500,1500,1500,1500,1500,1500,1500,1500,1500,1500,1500,1500,1500,1500,1500,7.6
2000-01-01,00:03:29.710,"AIR",7.8,3.1,71,58,0.02,-0.07,2.27,-56,0,100,10,0,9,25,-57,100,11,-149,-77,-331,7,1,-1,-1,-1,-1,-1,0x0000000000000000,1500,1471,1335,1475,2012,988,988,988,988,988,1500,1500,1500,1500,1500,1500,1500,1500,1500,1500,1500,1500,1500,1500,1500,1500,1500,1500,1500,1500,1500,1500,7.6
2000-01-01,00:03:29.910,"AIR",7.8,3.0,71,58,0.00,-0.02,2.26,-57,0,100,10,0,9,25,-51,100,10,-131,-70,-376,151,1,-1,-1,-1,-1,-1,0x0000000000000000,1566,1475,1312,1485,2012,988,988,988,988,988,1500,1500,1500,1500,1500,1500,1500,1500,1500,1500,1500,1500,1500,1500,1500,1500,1500,1500,1500,1500,1500,1500,7.6
2000-01-01,00:03:30.110,"AIR",7.8,2.8,72,58,0.00,0.03,2.25,-56,0,100,9,0,9,25,-49,100,11,-130,-32,-379,100,1,-1,-1,-1,-1,-1,0x0000000000000000,1540,1494,1311,1485,2012,988,988,988,988,988,1500,1500,1500,1500,1500,1500,1500,1500,1500,1500,1500,1500,1500,1500,1500,1500,1500,1500,1500,1500,1500,1500,7.6
2000-01-01,00:03:30.310,"AIR",7.8,3.0,72,58,0.00,0.05,2.24,-53,0,100,10,0,9,25,-53,100,10,-157,-25,-329,9,1,-1,-1,-1,-1,-1,0x0000000000000000,1500,1498,1336,1471,2012,988,988,988,988,988,1500,1500,1500,1500,1500,1500,1500,1500,1500,1500,1500,1500,1500,1500,1500,1500,1500,1500,1500,1500,1500,1500,7.6
2000-01-01,00:03:30.510,"AIR",7.8,3.2,72,58,-0.01,0.04,2.22,-52,0,100,10,0,9,25,-47,100,10,-162,11,-323,-5,1,-1,-1,-1,-1,-1,0x0000000000000000,1500,1500,1339,1469,2012,988,988,988,988,988,1500,1500,1500,1500,1500,1500,1500,1500,1500,1500,1500,1500,1500,1500,1500,1500,1500,1500,1500,1500,1500,1500,7.6
2000-01-01,00:03:30.710,"AIR",7.8,3.1,72,57,-0.01,0.05,2.20,-52,0,100,10,0,9,25,-48,100,11,-174,-14,-350,100,1,-1,-1,-1,-1,-1,0x0000000000000000,1540,1500,1325,1463,2012,988,988,988,988,988,1500,1500,1500,1500,1500,1500,1500,1500,1500,1500,1500,1500,1500,1500,1500,1500,1500,1500,1500,1500,1500,1500,7.6
2000-01-01,00:03:30.910,"AIR",7.8,3.0,72,57,-0.01,0.07,2.17,-52,0,100,10,0,9,25,-48,100,11,-186,-5,-361,4,1,-1,-1,-1,-1,-1,0x0000000000000000,1500,1500,1320,1457,2012,988,988,988,988,988,1500,1500,1500,1500,1500,1500,1500,1500,1500,1500,1500,1500,1500,1500,1500,1500,1500,1500,1500,1500,1500,1500,7.6
2000-01-01,00:03:31.110,"AIR",7.8,2.9,72,58,-0.02,0.05,2.13,-51,0,99,10,0,9,25,-47,96,11,-181,29,-369,-154,1,-1,-1,-1,-1,-1,0x0000000000000000,1432,1504,1316,1459,2012,988,988,988,988,988,1500,1500,1500,1500,1500,1500,1500,1500,1500,1500,1500,1500,1500,1500,1500,1500,1500,1500,1500,1500,1500,1500,7.6
2000-01-01,00:03:31.310,"AIR",7.8,2.8,73,58,-0.01,-0.01,2.09,-51,0,99,9,0,9,25,-55,100,11,-191,79,-373,-88,1,-1,-1,-1,-1,-1,0x0000000000000000,1466,1530,1314,1454,2012,988,988,988,988,988,1500,1500,1500,1500,1500,1500,1500,1500,1500,1500,1500,1500,1500,1500,1500,1500,1500,1500,1500,1500,1500,1500,7.6
2000-01-01,00:03:31.510,"AIR",7.8,2.8,73,58,0.02,-0.02,2.05,-50,0,100,10,0,9,25,-50,100,11,-195,65,-369,-79,1,-1,-1,-1,-1,-1,0x0000000000000000,1470,1522,1316,1452,2012,988,988,988,988,988,1500,1500,1500,1500,1500,1500,1500,1500,1500,1500,1500,1500,1500,1500,1500,1500,1500,1500,1500,1500,1500,1500,7.6
2000-01-01,00:03:31.710,"AIR",7.8,2.9,73,58,0.02,-0.03,2.01,-49,0,100,10,0,9,25,-44,100,12,-206,-90,-335,-4,1,-1,-1,-1,-1,-1,0x0000000000000000,1500,1465,1333,1446,2012,988,988,988,988,988,1500,1500,1500,1500,1500,1500,1500,1500,1500,1500,1500,1500,1500,1500,1500,1500,1500,1500,1500,1500,1500,1500,7.6
2000-01-01,00:03:31.910,"AIR",7.8,3.1,73,57,-0.01,-0.03,1.96,-50,0,100,11,0,9,25,-51,100,10,-210,-119,-329,49,1,-1,-1,-1,-1,-1,0x0000000000000000,1514,1450,1336,1444,2012,988,988,988,988,988,1500,1500,1500,1500,1500,1500,1500,1500,1500,1500,1500,1500,1500,1500,1500,1500,1500,1500,1500,1500,1500,1500,7.6
2000-01-01,00:03:32.110,"AIR",7.8,3.2,73,57,-0.04,-0.03,1.90,-50,0,100,11,0,9,25,-51,100,10,-206,10,-337,-4,1,-1,-1,-1,-1,-1,0x0000000000000000,1500,1500,1332,1446,2012,988,988,988,988,988,1500,1500,1500,1500,1500,1500,1500,1500,1500,1500,1500,1500,1500,1500,1500,1500,1500,1500,1500,1500,1500,1500,7.6
2000-01-01,00:03:32.310,"AIR",7.8,3.0,73,57,-0.03,-0.03,1.86,-49,0,100,10,0,9,25,-42,100,12,-199,43,-353,-1,1,-1,-1,-1,-1,-1,0x0000000000000000,1500,1511,1324,1450,2012,988,988,988,988,988,1500,1500,1500,1500,1500,1500,1500,1500,1500,1500,1500,1500,1500,1500,1500,1500,1500,1500,1500,1500,1500,1500,7.6
2000-01-01,00:03:32.510,"AIR",7.8,2.9,74,57,-0.02,-0.02,1.82,-51,0,100,10,0,9,25,-47,100,11,-164,69,-398,1,1,-1,-1,-1,-1,-1,0x0000000000000000,1500,1524,1301,1468,2012,988,988,988,988,988,1500,1500,1500,1500,1500,1500,1500,1500,1500,1500,1500,1500,1500,1500,1500,1500,1500,1500,1500,1500,1500,1500,7.6
2000-01-01,00:03:32.710,"AIR",7.8,2.7,74,58,0.00,-0.02,1.81,-50,0,100,11,0,9,25,-44,100,12,-147,41,-400,78,1,-1,-1,-1,-1,-1,0x0000000000000000,1529,1510,1300,1477,2012,988,988,988,988,988,1500,1500,1500,1500,1500,1500,1500,1500,1500,1500,1500,1500,1500,1500,1500,1500,1500,1500,1500,1500,1500,1500,7.6
2000-01-01,00:03:32.910,"AIR",7.8,2.8,74,58,0.00,0.00,1.79,-50,0,100,10,0,9,25,-50,100,11,-153,80,-324,84,1,-1,-1,-1,-1,-1,0x0000000000000000,1532,1530,1338,1473,2012,988,988,988,988,988,1500,1500,1500,1500,1500,1500,1500,1500,1500,1500,1500,1500,1500,1500,1500,1500,1500,1500,1500,1500,1500,1500,7.6
2000-01-01,00:03:33.110,"AIR",7.8,3.0,74,57,0.02,0.01,1.77,-51,0,100,11,0,9,25,-47,100,11,-144,115,-360,85,1,-1,-1,-1,-1,-1,0x0000000000000000,1533,1548,1320,1478,2012,988,988,988,988,988,1500,1500,1500,1500,1500,1500,1500,1500,1500,1500,1500,1500,1500,1500,1500,1500,1500,1500,1500,1500,1500,1500,7.6
2000-01-01,00:03:33.310,"AIR",7.8,3.0,74,57,0.06,0.04,1.76,-51,0,100,11,0,9,25,-47,100,11,-128,88,-362,81,1,-1,-1,-1,-1,-1,0x0000000000000000,1531,1534,1319,1486,2012,988,988,988,988,988,1500,1500,1500,1500,1500,1500,1500,1500,1500,1500,1500,1500,1500,1500,1500,1500,1500,1500,1500,1500,1500,1500,7.6
2000-01-01,00:03:33.510,"AIR",7.8,3.0,74,57,0.06,0.05,1.75,-52,0,100,10,0,9,25,-51,100,11,-116,-10,-348,-33,1,-1,-1,-1,-1,-1,0x0000000000000000,1494,1500,1326,1492,2012,988,988,988,988,988,1500,1500,1500,1500,1500,1500,1500,1500,1500,1500,1500,1500,1500,1500,1500,1500,1500,1500,1500,1500,1500,1500,7.6
2000-01-01,00:03:33.710,"AIR",7.8,3.0,75,57,0.05,0.01,1.75,-51,0,100,10,0,9,25,-48,100,11,-142,-32,-349,-89,1,-1,-1,-1,-1,-1,0x0000000000000000,1465,1494,1326,1479,2012,988,988,988,988,988,1500,1500,1500,1500,1500,1500,1500,1500,1500,1500,1500,1500,1500,1500,1500,1500,1500,1500,1500,1500,1500,1500,7.6
2000-01-01,00:03:33.910,"AIR",7.8,3.0,75,57,0.05,0.00,1.73,-53,0,100,10,0,9,25,-49,100,11,-148,1,-357,-67,1,-1,-1,-1,-1,-1,0x0000000000000000,1477,1500,1322,1476,2012,988,988,988,988,988,1500,1500,1500,1500,1500,1500,1500,1500,1500,1500,1500,1500,1500,1500,1500,1500,1500,1500,1500,1500,1500,1500,7.6
2000-01-01,00:03:34.110,"AIR",7.8,3.0,75,57,0.05,-0.01,1.72,-55,0,100,7,0,9,25,-51,100,12,-150,8,-359,-103,1,-1,-1,-1,-1,-1,0x0000000000000000,1458,1500,1321,1475,2012,988,988,988,988,988,1500,1500,1500,1500,1500,1500,1500,1500,1500,1500,1500,1500,1500,1500,1500,1500,1500,1500,1500,1500,1500,1500,7.6
2000-01-01,00:03:34.310,"AIR",7.8,2.9,75,57,0.04,-0.05,1.71,-52,0,100,10,0,9,25,-53,100,10,-144,4,-357,-117,1,-1,-1,-1,-1,-1,0x0000000000000000,1451,1500,1322,1478,2012,988,988,988,988,988,1500,1500,1500,1500,1500,1500,1500,1500,1500,1500,1500,1500,1500,1500,1500,1500,1500,1500,1500,1500,1500,1500,7.6
2000-01-01,00:03:34.510,"AIR",7.8,3.0,75,57,0.04,-0.05,1.69,-52,0,100,10,0,9,25,-53,100,10,-164,-55,-347,98,1,-1,-1,-1,-1,-1,0x0000000000000000,1539,1483,1327,1468,2012,988,988,988,988,988,1500,1500,1500,1500,1500,1500,1500,1500,1500,1500,1500,1500,1500,1500,1500,1500,1500,1500,1500,1500,1500,1500,7.6
2000-01-01,00:03:34.710,"AIR",7.8,3.1,75,57,0.02,-0.01,1.66,-48,0,100,10,0,9,25,-49,100,11,-168,-74,-333,15,1,-1,-1,-1,-1,-1,0x0000000000000000,1500,1473,1334,1466,2012,988,988,988,988,988,1500,1500,1500,1500,1500,1500,1500,1500,1500,1500,1500,1500,1500,1500,1500,1500,1500,1500,1500,1500,1500,1500,7.6
2000-01-01,00:03:34.910,"AIR",7.8,3.1,76,57,0.01,-0.03,1.64,-49,0,100,10,0,9,25,-54,100,10,-149,-60,-333,-152,1,-1,-1,-1,-1,-1,0x0000000000000000,1433,1480,1334,1475,2012,988,988,988,988,988,1500,1500,1500,1500,1500,1500,1500,1500,1500,1500,1500,1500,1500,1500,1500,1500,1500,1500,1500,1500,1500,1500,7.6
2000-01-01,00:03:35.110,"AIR",7.8,3.1,76,57,0.00,-0.12,1.61,-50,0,100,11,0,9,25,-46,100,10,-142,-54,-337,-207,1,-1,-1,-1,-1,-1,0x0000000000000000,1405,1483,1332,1479,2012,988,988,988,988,988,1500,1500,1500,1500,1500,1500,1500,1500,1500,1500,1500,1500,1500,1500,1500,1500,1500,1500,1500,1500,1500,1500,7.6
2000-01-01,00:03:35.310,"AIR",7.8,3.1,76,57,0.00,-0.22,1.60,-50,0,100,10,0,9,25,-47,100,10,-150,-121,-337,-75,1,-1,-1,-1,-1,-1,0x0000000000000000,1472,1449,1332,1475,2012,988,988,988,988,988,1500,1500,1500,1500,1500,1500,1500,1500,1500,1500,1500,1500,1500,1500,1500,1500,1500,1500,1500,1500,1500,1500,7.6
2000-01-01,00:03:35.510,"AIR",7.8,3.1,76,57,-0.05,-0.20,1.57,-52,0,100,11,0,9,25,-45,100,10,-167,-122,-341,197,1,-1,-1,-1,-1,-1,0x0000000000000000,1590,1448,1330,1466,2012,988,988,988,988,988,1500,1500,1500,1500,1500,1500,1500,1500,1500,1500,1500,1500,1500,1500,1500,1500,1500,1500,1500,1500,1500,1500,7.6
2000-01-01,00:03:35.710,"AIR",7.8,3.1,76,57,-0.08,-0.03,1.54,-52,0,100,11,0,9,25,-45,100,10,-176,-54,-361,287,1,-1,-1,-1,-1,-1,0x0000000000000000,1636,1483,1320,1462,2012,988,988,988,988,988,1500,1500,1500,1500,1500,1500,1500,1500,1500,1500,1500,1500,1500,1500,1500,1500,1500,1500,1500,1500,1500,1500,7.6
2000-01-01,00:03:35.910,"AIR",7.8,3.0,76,57,-0.08,0.07,1.52,-50,0,100,10,0,9,25,-50,100,9,-140,84,-363,0,1,-1,-1,-1,-1,-1,0x0000000000000000,1500,1532,1319,1480,2012,988,988,988,988,988,1500,1500,1500,1500,1500,1500,1500,1500,1500,1500,1500,1500,1500,1500,1500,1500,1500,1500,1500,1500,1500,1500,7.6
2000-01-01,00:03:36.110,"AIR",7.8,3.0,77,57,-0.03,0.06,1.51,-53,0,100,10,0,9,25,-49,96,11,-102,153,-345,-79,1,-1,-1,-1,-1,-1,0x0000000000000000,1470,1567,1328,1499,2012,988,988,988,988,988,1500,1500,1500,1500,1500,1500,1500,1500,1500,1500,1500,1500,1500,1500,1500,1500,1500,1500,1500,1500,1500,1500,7.6
2000-01-01,00:03:36.310,"AIR",7.8,3.2,77,57,-0.01,0.06,1.51,-57,0,100,10,0,9,25,-55,100,10,-117,-71,-299,200,1,-1,-1,-1,-1,-1,0x0000000000000000,1591,1474,1351,1492,2012,988,988,988,988,988,1500,1500,1500,1500,1500,1500,1500,1500,1500,1500,1500,1500,1500,1500,1500,1500,1500,1500,1500,1500,1500,1500,7.6
2000-01-01,00:03:36.510,"AIR",7.8,3.1,77,57,-0.02,0.10,1.50,-55,0,100,10,0,9,25,-47,100,11,-155,-40,-363,-93,1,-1,-1,-1,-1,-1,0x0000000000000000,1463,1490,1319,1472,2012,988,988,988,988,988,1500,1500,1500,1500,1500,1500,1500,1500,1500,1500,1500,1500,1500,1500,1500,1500,1500,1500,1500,1500,1500,1500,7.6
2000-01-01,00:03:36.710,"AIR",7.8,2.9,77,57,-0.02,-0.03,1.45,-57,0,100,10,0,9,25,-64,100,9,-237,16,-391,-304,1,-1,-1,-1,-1,-1,0x0000000000000000,1356,1500,1305,1431,2012,988,988,988,988,988,1500,1500,1500,1500,1500,1500,1500,1500,1500,1500,1500,1500,1500,1500,1500,1500,1500,1500,1500,1500,1500,1500,7.6
2000-01-01,00:03:36.910,"AIR",7.8,2.9,77,57,-0.01,-0.17,1.39,-57,0,100,10,0,9,25,-64,100,9,-230,-18,-358,34,1,-1,-1,-1,-1,-1,0x0000000000000000,1507,1500,1321,1434,2012,988,988,988,988,988,1500,1500,1500,1500,1500,1500,1500,1500,1500,1500,1500,1500,1500,1500,1500,1500,1500,1500,1500,1500,1500,1500,7.6
2000-01-01,00:03:37.110,"AIR",7.8,3.2,77,57,-0.03,-0.03,1.33,-55,0,100,10,0,9,25,-50,100,10,-191,-129,-315,317,1,-1,-1,-1,-1,-1,0x0000000000000000,1651,1445,1343,1454,2012,988,988,988,988,988,1500,1500,1500,1500,1500,1500,1500,1500,1500,1500,1500,1500,1500,1500,1500,1500,1500,1500,1500,1500,1500,1500,7.6
2000-01-01,00:03:37.310,"AIR",7.8,3.2,78,57,-0.07,0.14,1.30,-54,0,100,11,0,9,25,-56,100,10,-170,38,-334,4,1,-1,-1,-1,-1,-1,0x0000000000000000,1500,1509,1333,1465,2012,988,988,988,988,988,1500,1500,1500,1500,1500,1500,1500,1500,1500,1500,1500,1500,1500,1500,1500,1500,1500,1500,1500,1500,1500,1500,7.6
2000-01-01,00:03:37.510,"AIR",7.8,3.2,78,57,0.03,0.10,1.26,-58,0,100,10,0,9,25,-61,100,11,-157,271,-334,-170,1,-1,-1,-1,-1,-1,0x0000000000000000,1424,1628,1333,1471,2012,988,988,988,988,988,1500,1500,1500,1500,1500,1500,1500,1500,1500,1500,1500,1500,1500,1500,1500,1500,1500,1500,1500,1500,1500,1500,7.6
2000-01-01,00:03:37.710,"AIR",7.8,3.1,78,57,0.18,-0.02,1.22,-63,0,100,9,0,9,25,-53,96,10,-209,57,-367,-237,1,-1,-1,-1,-1,-1,0x0000000000000000,1390,1518,1317,1445,2012,988,988,988,988,988,1500,1500,1500,1500,1500,1500,1500,1500,1500,1500,1500,1500,1500,1500,1500,1500,1500,1500,1500,1500,1500,1500,7.6
2000-01-01,00:03:37.910,"AIR",7.8,2.9,78,57,0.19,-0.05,1.15,-63,0,100,10,0,9,25,-50,100,10,-247,-36,-403,-35,1,-1,-1,-1,-1,-1,0x0000000000000000,1493,1492,1299,1426,2012,988,988,988,988,988,1500,1500,1500,1500,1500,1500,1500,1500,1500,1500,1500,1500,1500,1500,1500,1500,1500,1500,1500,1500,1500,1500,7.6
2000-01-01,00:03:38.110,"AIR",7.8,2.7,78,57,0.15,-0.07,1.05,-63,0,100,10,0,9,25,-50,100,10,-314,-193,-381,-205,1,-1,-1,-1,-1,-1,0x0000000000000000,1406,1412,1310,1391,2012,988,988,988,988,988,1500,1500,1500,1500,1500,1500,1500,1500,1500,1500,1500,1500,1500,1500,1500,1500,1500,1500,1500,1500,1500,1500,7.6
2000-01-01,00:03:38.310,"AIR",7.8,3.1,79,57,0.08,-0.20,0.86,-62,0,100,10,0,9,25,-59,96,10,-334,-166,-321,-187,1,-1,-1,-1,-1,-1,0x0000000000000000,1415,1426,1340,1381,2012,988,988,988,988,988,1500,1500,1500,1500,1500,1500,1500,1500,1500,1500,1500,1500,1500,1500,1500,1500,1500,1500,1500,1500,1500,1500,7.6
2000-01-01,00:03:38.510,"AIR",7.8,3.2,79,57,-0.02,-0.25,0.67,-66,0,100,9,0,9,25,-72,100,10,-327,-294,-338,-102,1,-1,-1,-1,-1,-1,0x0000000000000000,1459,1361,1331,1385,2012,988,988,988,988,988,1500,1500,1500,1500,1500,1500,1500,1500,1500,1500,1500,1500,1500,1500,1500,1500,1500,1500,1500,1500,1500,1500,7.6
2000-01-01,00:03:38.710,"AIR",7.8,2.8,79,57,-0.15,-0.29,0.47,-63,0,100,11,0,9,25,-52,96,11,-309,-136,-415,17,1,-1,-1,-1,-1,-1,0x0000000000000000,1500,1441,1293,1394,2012,988,988,988,988,988,1500,1500,1500,1500,1500,1500,1500,1500,1500,1500,1500,1500,1500,1500,1500,1500,1500,1500,1500,1500,1500,1500,7.6
2000-01-01,00:03:38.910,"AIR",7.8,2.8,79,57,-0.14,-0.12,0.38,-63,0,100,10,0,9,25,-48,100,11,-174,18,-378,335,1,-1,-1,-1,-1,-1,0x0000000000000000,1660,1500,1311,1463,2012,988,988,988,988,988,1500,1500,1500,1500,1500,1500,1500,1500,1500,1500,1500,1500,1500,1500,1500,1500,1500,1500,1500,1500,1500,1500,7.6
2000-01-01,00:03:39.110,"AIR",7.8,2.9,79,57,-0.11,0.03,0.35,-63,0,100,11,0,9,25,-53,96,11,-168,174,-356,76,1,-1,-1,-1,-1,-1,0x0000000000000000,1528,1578,1322,1466,2012,988,988,988,988,988,1500,1500,1500,1500,1500,1500,1500,1500,1500,1500,1500,1500,1500,1500,1500,1500,1500,1500,1500,1500,1500,1500,7.6
2000-01-01,00:03:39.310,"AIR",7.8,2.9,79,57,-0.01,0.00,0.32,-63,0,100,11,0,9,25,-53,96,11,-146,83,-375,-111,1,-1,-1,-1,-1,-1,0x0000000000000000,1454,1532,1313,1477,2012,988,988,988,988,988,1500,1500,1500,1500,1500,1500,1500,1500,1500,1500,1500,1500,1500,1500,1500,1500,1500,1500,1500,1500,1500,1500,7.6
2000-01-01,00:03:39.510,"AIR",7.8,2.8,80,57,0.00,0.01,0.30,-61,0,100,11,0,9,25,-55,100,11,-126,-27,-465,179,1,-1,-1,-1,-1,-1,0x0000000000000000,1581,1497,1268,1487,2012,988,988,988,988,988,1500,1500,1500,1500,1500,1500,1500,1500,1500,1500,1500,1500,1500,1500,1500,1500,1500,1500,1500,1500,1500,1500,7.6
2000-01-01,00:03:39.710,"AIR",7.8,1.6,80,57,0.02,-0.15,0.30,-59,0,100,11,0,9,25,-58,100,10,-2,2,-1024,9,1,-1,-1,-1,-1,-1,0x0000000000000000,1500,1500,988,1529,2012,988,988,988,988,988,1500,1500,1500,1500,1500,1500,1500,1500,1500,1500,1500,1500,1500,1500,1500,1500,1500,1500,1500,1500,1500,1500,7.6
2000-01-01,00:03:39.910,"AIR*",7.8,2.0,80,57,0.03,-0.13,0.30,-61,0,100,10,0,9,25,-56,100,12,-2,8,-1024,3,-1,-1,-1,-1,-1,-1,0x0000000000000000,1500,1500,988,1529,988,988,988,988,988,988,1500,1500,1500,1500,1500,1500,1500,1500,1500,1500,1500,1500,1500,1500,1500,1500,1500,1500,1500,1500,1500,1500,7.6
2000-01-01,00:03:40.110,"AIR*",7.8,1.0,80,57,0.04,-0.06,0.41,-62,0,100,10,0,9,25,-57,96,11,-9,8,868,3,-1,-1,-1,-1,-1,-1,0x0000000000000000,1500,1500,1934,1526,988,988,988,988,988,988,1500,1500,1500,1500,1500,1500,1500,1500,1500,1500,1500,1500,1500,1500,1500,1500,1500,1500,1500,1500,1500,1500,7.6
2000-01-01,00:03:40.310,"AIR*",7.9,0.6,80,58,0.00,0.03,0.49,-61,0,100,9,0,9,25,-64,100,10,-28,14,-1024,2,-1,-1,-1,-1,-1,-1,0x0000000000000000,1500,1500,988,1516,988,988,988,988,988,988,1500,1500,1500,1500,1500,1500,1500,1500,1500,1500,1500,1500,1500,1500,1500,1500,1500,1500,1500,1500,1500,1500,7.6
2000-01-01,00:03:40.510,"AIR*",7.9,0.5,80,59,0.00,0.00,0.49,-61,0,100,9,0,9,25,-64,100,10,-106,6,-1024,3,-1,-1,-1,-1,-1,-1,0x0000000000000000,1500,1500,988,1497,988,988,988,988,988,988,1500,1500,1500,1500,1500,1500,1500,1500,1500,1500,1500,1500,1500,1500,1500,1500,1500,1500,1500,1500,1500,1500,7.6
2000-01-01,00:03:40.710,"AIR*",7.9,0.5,80,60,0.00,0.00,0.49,-61,0,100,10,0,9,25,-51,100,11,-4,7,-1024,3,-1,-1,-1,-1,-1,-1,0x0000000000000000,1500,1500,988,1528,988,988,988,988,988,988,1500,1500,1500,1500,1500,1500,1500,1500,1500,1500,1500,1500,1500,1500,1500,1500,1500,1500,1500,1500,1500,1500,7.6
2000-01-01,00:03:40.910,"AIR*",7.9,0.5,80,60,-0.01,0.00,0.49,-58,0,100,10,0,9,25,-65,100,10,-3,63,-1024,1,-1,-1,-1,-1,-1,-1,0x0000000000000000,1500,1521,988,1529,988,988,988,988,988,988,1500,1500,1500,1500,1500,1500,1500,1500,1500,1500,1500,1500,1500,1500,1500,1500,1500,1500,1500,1500,1500,1500,7.6
