Date,Time,Ptch(rad),Roll(rad),Yaw(rad),FM,RxBt(V),Curr(A),Capa(mAh),Bat%(%),1RSS(dB),2RSS(dB),RQly(%),RSNR(dB),ANT,RFMD,TPWR(mW),TRSS(dB),TQly(%),TSNR(dB),Rud,Ele,Thr,Ail,SA,SB,SC,SD,SE,SF,LSW,CH1(us),CH2(us),CH3(us),CH4(us),CH5(us),CH6(us),CH7(us),CH8(us),CH9(us),CH10(us),CH11(us),CH12(us),CH13(us),CH14(us),CH15(us),CH16(us),CH17(us),CH18(us),CH19(us),CH20(us),CH21(us),CH22(us),CH23(us),CH24(us),CH25(us),CH26(us),CH27(us),CH28(us),CH29(us),CH30(us),CH31(us),CH32(us),TxBat(V)
2000-01-01,00:27:14.570,0.00,0.00,0.00,"",0.0,0.0,0,0,-58,0,98,9,0,9,25,-50,100,11,-1,8,-1024,4,-1,-1,-1,-1,-1,-1,0x0000000000000000,1500,1500,988,1530,988,988,988,988,988,988,1500,1500,1500,1500,1500,1500,1500,1500,1500,1500,1500,1500,1500,1500,1500,1500,1500,1500,1500,1500,1500,1500,7.4
2000-01-01,00:27:14.760,0.00,0.00,0.00,"",0.0,0.0,0,0,-58,0,98,9,0,9,25,-50,100,11,-2,8,-1024,3,-1,-1,-1,-1,-1,-1,0x0000000000000000,1500,1500,988,1529,988,988,988,988,988,988,1500,1500,1500,1500,1500,1500,1500,1500,1500,1500,1500,1500,1500,1500,1500,1500,1500,1500,1500,1500,1500,1500,7.4
2000-01-01,00:27:14.940,0.00,0.00,0.00,"",0.0,0.0,0,0,-59,0,100,11,0,9,25,-49,100,10,-1,8,-1024,3,-1,-1,-1,-1,-1,-1,0x0000000000000000,1500,1500,988,1530,988,988,988,988,988,988,1500,1500,1500,1500,1500,1500,1500,1500,1500,1500,1500,1500,1500,1500,1500,1500,1500,1500,1500,1500,1500,1500,7.4
2000-01-01,00:27:15.140,0.00,0.00,0.00,"",0.0,0.0,0,0,-60,0,100,10,0,9,25,-48,100,10,-1,8,-1024,4,-1,-1,-1,-1,-1,-1,0x0000000000000000,1500,1500,988,1530,988,988,988,988,988,988,1500,1500,1500,1500,1500,1500,1500,1500,1500,1500,1500,1500,1500,1500,1500,1500,1500,1500,1500,1500,1500,1500,7.4
2000-01-01,00:27:15.340,0.00,0.00,0.00,"",0.0,0.0,0,0,-60,0,100,10,0,9,25,-46,100,9,-1,8,-1024,3,-1,-1,-1,-1,-1,-1,0x0000000000000000,1500,1500,988,1530,988,988,988,988,988,988,1500,1500,1500,1500,1500,1500,1500,1500,1500,1500,1500,1500,1500,1500,1500,1500,1500,1500,1500,1500,1500,1500,7.4
2000-01-01,00:27:15.540,0.00,0.00,0.00,"",0.0,0.0,0,0,-59,0,100,10,0,9,25,-48,100,11,-1,8,-1024,3,-1,-1,-1,-1,-1,-1,0x0000000000000000,1500,1500,988,1530,988,988,988,988,988,988,1500,1500,1500,1500,1500,1500,1500,1500,1500,1500,1500,1500,1500,1500,1500,1500,1500,1500,1500,1500,1500,1500,7.4
2000-01-01,00:27:15.740,0.00,0.00,0.00,"",0.0,0.0,0,0,-64,0,100,10,0,9,25,-56,100,10,-1,8,-1024,3,-1,-1,-1,-1,-1,-1,0x0000000000000000,1500,1500,988,1530,988,988,988,988,988,988,1500,1500,1500,1500,1500,1500,1500,1500,1500,1500,1500,1500,1500,1500,1500,1500,1500,1500,1500,1500,1500,1500,7.4
2000-01-01,00:27:15.930,0.00,0.00,0.00,"",0.0,0.0,0,0,-64,0,100,10,0,9,25,-56,100,10,-1,8,-1024,3,-1,-1,-1,-1,-1,-1,0x0000000000000000,1500,1500,988,1530,988,988,988,988,988,988,1500,1500,1500,1500,1500,1500,1500,1500,1500,1500,1500,1500,1500,1500,1500,1500,1500,1500,1500,1500,1500,1500,7.4
2000-01-01,00:27:16.130,0.00,0.00,0.00,"",0.0,0.0,0,0,-61,0,100,9,0,9,25,-47,100,10,-1,7,-1024,3,-1,-1,-1,-1,-1,-1,0x0000000000000000,1500,1500,988,1530,988,988,988,988,988,988,1500,1500,1500,1500,1500,1500,1500,1500,1500,1500,1500,1500,1500,1500,1500,1500,1500,1500,1500,1500,1500,1500,7.4
2000-01-01,00:27:16.330,0.00,0.00,0.00,"",0.0,0.0,0,0,-68,0,98,10,0,9,25,-57,100,11,-2,8,289,3,-1,-1,-1,-1,-1,-1,0x0000000000000000,1500,1500,1644,1529,988,988,988,988,988,988,1500,1500,1500,1500,1500,1500,1500,1500,1500,1500,1500,1500,1500,1500,1500,1500,1500,1500,1500,1500,1500,1500,7.4
2000-01-01,00:27:16.530,0.00,0.00,0.00,"",0.0,0.0,0,0,-72,0,99,11,0,9,25,-62,100,11,285,9,1024,3,-1,-1,-1,-1,-1,-1,0x0000000000000000,1500,1500,2012,1649,988,988,988,988,988,988,1500,1500,1500,1500,1500,1500,1500,1500,1500,1500,1500,1500,1500,1500,1500,1500,1500,1500,1500,1500,1500,1500,7.4
2000-01-01,00:27:16.730,0.00,0.00,0.00,"",0.0,0.0,0,0,-72,0,99,10,0,9,100,-65,100,11,-2,8,-1024,3,-1,-1,-1,-1,-1,-1,0x0000000000000000,1500,1500,988,1529,988,988,988,988,988,988,1500,1500,1500,1500,1500,1500,1500,1500,1500,1500,1500,1500,1500,1500,1500,1500,1500,1500,1500,1500,1500,1500,7.4
2000-01-01,00:27:16.930,0.00,0.00,0.00,"",0.0,0.0,0,0,-71,0,99,11,0,9,25,-57,100,10,-2,8,-1024,2,-1,-1,-1,-1,-1,-1,0x0000000000000000,1500,1500,988,1529,988,988,988,988,988,988,1500,1500,1500,1500,1500,1500,1500,1500,1500,1500,1500,1500,1500,1500,1500,1500,1500,1500,1500,1500,1500,1500,7.4
2000-01-01,00:27:17.130,0.00,0.00,0.00,"",0.0,0.0,0,0,-71,0,99,11,0,9,25,-57,100,10,-2,9,-1024,3,-1,-1,-1,-1,-1,-1,0x0000000000000000,1500,1500,988,1529,988,988,988,988,988,988,1500,1500,1500,1500,1500,1500,1500,1500,1500,1500,1500,1500,1500,1500,1500,1500,1500,1500,1500,1500,1500,1500,7.4
2000-01-01,00:27:17.330,0.00,0.00,0.00,"",0.0,0.0,0,0,-70,0,98,11,0,9,25,-55,100,11,-1,9,-1024,2,-1,-1,-1,-1,-1,-1,0x0000000000000000,1500,1500,988,1530,988,988,988,988,988,988,1500,1500,1500,1500,1500,1500,1500,1500,1500,1500,1500,1500,1500,1500,1500,1500,1500,1500,1500,1500,1500,1500,7.4
2000-01-01,00:27:17.530,0.00,0.00,0.00,"",0.0,0.0,0,0,-67,0,99,11,0,9,25,-56,100,11,-2,1,-1024,2,-1,-1,-1,-1,-1,-1,0x0000000000000000,1500,1500,988,1529,988,988,988,988,988,988,1500,1500,1500,1500,1500,1500,1500,1500,1500,1500,1500,1500,1500,1500,1500,1500,1500,1500,1500,1500,1500,1500,7.4
2000-01-01,00:27:17.730,0.00,0.00,0.00,"",0.0,0.0,0,0,-68,0,99,9,0,9,25,-52,100,11,-2,8,-1024,3,-1,-1,-1,-1,-1,-1,0x0000000000000000,1500,1500,988,1529,988,988,988,988,988,988,1500,1500,1500,1500,1500,1500,1500,1500,1500,1500,1500,1500,1500,1500,1500,1500,1500,1500,1500,1500,1500,1500,7.4
2000-01-01,00:27:17.930,0.00,0.00,0.00,"",0.0,0.0,0,0,-66,0,99,10,0,9,25,-51,100,11,-1,8,-1024,3,-1,-1,-1,-1,-1,-1,0x0000000000000000,1500,1500,988,1530,988,988,988,988,988,988,1500,1500,1500,1500,1500,1500,1500,1500,1500,1500,1500,1500,1500,1500,1500,1500,1500,1500,1500,1500,1500,1500,7.4
2000-01-01,00:27:18.130,0.00,0.00,0.00,"",0.0,0.0,0,0,-65,0,99,11,0,9,500,-53,100,10,-2,6,-1024,4,-1,-1,-1,-1,-1,-1,0x0000000000000000,1500,1500,988,1529,988,988,988,988,988,988,1500,1500,1500,1500,1500,1500,1500,1500,1500,1500,1500,1500,1500,1500,1500,1500,1500,1500,1500,1500,1500,1500,7.4
2000-01-01,00:27:18.330,0.00,0.00,0.00,"",0.0,0.0,0,0,-65,0,99,11,0,9,500,-53,100,10,-2,6,-1024,4,-1,-1,-1,-1,-1,-1,0x0000000000000000,1500,1500,988,1529,988,988,988,988,988,988,1500,1500,1500,1500,1500,1500,1500,1500,1500,1500,1500,1500,1500,1500,1500,1500,1500,1500,1500,1500,1500,1500,7.4
2000-01-01,00:27:18.530,0.00,0.00,0.00,"",0.0,0.0,0,0,-65,0,99,10,0,9,25,-57,100,11,-1,6,-1024,3,-1,-1,-1,-1,-1,-1,0x0000000000000000,1500,1500,988,1529,988,988,988,988,988,988,1500,1500,1500,1500,1500,1500,1500,1500,1500,1500,1500,1500,1500,1500,1500,1500,1500,1500,1500,1500,1500,1500,7.4
2000-01-01,00:27:18.730,0.00,0.00,0.00,"",0.0,0.0,0,0,-67,0,100,10,0,9,25,-59,100,10,-2,8,-1024,3,-1,-1,-1,-1,-1,-1,0x0000000000000000,1500,1500,988,1529,988,988,988,988,988,988,1500,1500,1500,1500,1500,1500,1500,1500,1500,1500,1500,1500,1500,1500,1500,1500,1500,1500,1500,1500,1500,1500,7.4
2000-01-01,00:27:18.930,0.00,0.00,0.00,"",0.0,0.0,0,0,-66,0,99,11,0,9,25,-52,100,10,-2,8,-1024,3,-1,-1,-1,-1,-1,-1,0x0000000000000000,1500,1500,988,1529,988,988,988,988,988,988,1500,1500,1500,1500,1500,1500,1500,1500,1500,1500,1500,1500,1500,1500,1500,1500,1500,1500,1500,1500,1500,1500,7.4
2000-01-01,00:27:19.130,0.00,0.00,0.00,"",0.0,0.0,0,0,-65,0,99,11,0,9,25,-50,100,10,-2,8,-1024,3,-1,-1,-1,-1,-1,-1,0x0000000000000000,1500,1500,988,1529,988,988,988,988,988,988,1500,1500,1500,1500,1500,1500,1500,1500,1500,1500,1500,1500,1500,1500,1500,1500,1500,1500,1500,1500,1500,1500,7.4
2000-01-01,00:27:19.330,0.00,0.00,0.00,"",0.0,0.0,0,0,-64,0,99,11,0,9,25,-53,100,12,-3,8,-1024,3,-1,-1,-1,-1,-1,-1,0x0000000000000000,1500,1500,988,1529,988,988,988,988,988,988,1500,1500,1500,1500,1500,1500,1500,1500,1500,1500,1500,1500,1500,1500,1500,1500,1500,1500,1500,1500,1500,1500,7.4
2000-01-01,00:27:19.530,0.00,0.00,0.00,"",0.0,0.0,0,0,-64,0,99,11,0,9,25,-53,100,12,-2,8,-1024,3,-1,-1,-1,-1,-1,-1,0x0000000000000000,1500,1500,988,1529,988,988,988,988,988,988,1500,1500,1500,1500,1500,1500,1500,1500,1500,1500,1500,1500,1500,1500,1500,1500,1500,1500,1500,1500,1500,1500,7.4
2000-01-01,00:27:19.730,0.00,0.00,0.00,"",0.0,0.0,0,0,-64,0,100,10,0,9,25,-49,100,11,-2,7,-1024,4,-1,-1,-1,-1,-1,-1,0x0000000000000000,1500,1500,988,1529,988,988,988,988,988,988,1500,1500,1500,1500,1500,1500,1500,1500,1500,1500,1500,1500,1500,1500,1500,1500,1500,1500,1500,1500,1500,1500,7.4
2000-01-01,00:27:19.930,0.00,0.00,0.00,"",0.0,0.0,0,0,-64,0,99,10,0,9,25,-49,100,11,-2,8,-1024,3,-1,-1,-1,-1,-1,-1,0x0000000000000000,1500,1500,988,1529,988,988,988,988,988,988,1500,1500,1500,1500,1500,1500,1500,1500,1500,1500,1500,1500,1500,1500,1500,1500,1500,1500,1500,1500,1500,1500,7.4
2000-01-01,00:27:20.130,0.00,0.00,0.00,"",0.0,0.0,0,0,-65,0,99,10,0,9,25,-53,100,11,-2,8,-1024,3,-1,-1,-1,-1,-1,-1,0x0000000000000000,1500,1500,988,1529,988,988,988,988,988,988,1500,1500,1500,1500,1500,1500,1500,1500,1500,1500,1500,1500,1500,1500,1500,1500,1500,1500,1500,1500,1500,1500,7.4
2000-01-01,00:27:20.330,0.00,0.00,0.00,"",0.0,0.0,0,0,-65,0,99,11,0,9,25,-59,100,10,-1,8,-1024,3,-1,-1,-1,-1,-1,-1,0x0000000000000000,1500,1500,988,1530,988,988,988,988,988,988,1500,1500,1500,1500,1500,1500,1500,1500,1500,1500,1500,1500,1500,1500,1500,1500,1500,1500,1500,1500,1500,1500,7.4
2000-01-01,00:27:20.530,0.00,0.00,0.00,"",0.0,0.0,0,0,-65,0,99,10,0,9,25,-59,100,10,-2,8,-1024,3,-1,-1,-1,-1,-1,-1,0x0000000000000000,1500,1500,988,1529,988,988,988,988,988,988,1500,1500,1500,1500,1500,1500,1500,1500,1500,1500,1500,1500,1500,1500,1500,1500,1500,1500,1500,1500,1500,1500,7.4
2000-01-01,00:27:20.730,0.00,0.00,0.00,"",0.0,0.0,0,0,-65,0,99,10,0,9,25,-59,100,10,-2,8,-1024,3,-1,-1,-1,-1,-1,-1,0x0000000000000000,1500,1500,988,1529,988,988,988,988,988,988,1500,1500,1500,1500,1500,1500,1500,1500,1500,1500,1500,1500,1500,1500,1500,1500,1500,1500,1500,1500,1500,1500,7.4
2000-01-01,00:27:20.930,0.00,0.00,0.00,"",0.0,0.0,0,0,-66,0,100,10,0,9,25,-49,100,10,-2,8,-1024,3,-1,-1,-1,-1,-1,-1,0x0000000000000000,1500,1500,988,1529,988,988,988,988,988,988,1500,1500,1500,1500,1500,1500,1500,1500,1500,1500,1500,1500,1500,1500,1500,1500,1500,1500,1500,1500,1500,1500,7.4
2000-01-01,00:27:21.130,0.00,0.00,0.00,"",0.0,0.0,0,0,-63,0,100,10,0,9,25,-48,100,12,-2,8,-1024,3,-1,-1,-1,-1,-1,-1,0x0000000000000000,1500,1500,988,1529,988,988,988,988,988,988,1500,1500,1500,1500,1500,1500,1500,1500,1500,1500,1500,1500,1500,1500,1500,1500,1500,1500,1500,1500,1500,1500,7.4
2000-01-01,00:27:21.330,0.00,0.00,0.00,"",0.0,0.0,0,0,-66,0,100,10,0,9,25,-54,100,10,-2,8,-1024,3,-1,-1,-1,-1,-1,-1,0x0000000000000000,1500,1500,988,1529,988,988,988,988,988,988,1500,1500,1500,1500,1500,1500,1500,1500,1500,1500,1500,1500,1500,1500,1500,1500,1500,1500,1500,1500,1500,1500,7.4
2000-01-01,00:27:21.530,0.00,0.00,0.00,"",0.0,0.0,0,0,-66,0,100,10,0,9,25,-51,100,10,-2,8,-1024,3,-1,-1,-1,-1,-1,-1,0x0000000000000000,1500,1500,988,1529,988,988,988,988,988,988,1500,1500,1500,1500,1500,1500,1500,1500,1500,1500,1500,1500,1500,1500,1500,1500,1500,1500,1500,1500,1500,1500,7.4
2000-01-01,00:27:21.730,0.00,0.00,0.00,"",0.0,0.0,0,0,-66,0,100,10,0,9,25,-51,100,11,-2,8,-1024,3,-1,-1,-1,-1,-1,-1,0x0000000000000000,1500,1500,988,1529,988,988,988,988,988,988,1500,1500,1500,1500,1500,1500,1500,1500,1500,1500,1500,1500,1500,1500,1500,1500,1500,1500,1500,1500,1500,1500,7.4
2000-01-01,00:27:21.930,0.00,0.00,0.00,"",0.0,0.0,0,0,-66,0,100,10,0,9,25,-51,100,11,-2,8,-1024,3,-1,-1,-1,-1,-1,-1,0x0000000000000000,1500,1500,988,1529,988,988,988,988,988,988,1500,1500,1500,1500,1500,1500,1500,1500,1500,1500,1500,1500,1500,1500,1500,1500,1500,1500,1500,1500,1500,1500,7.4
2000-01-01,00:27:22.130,0.00,0.00,0.00,"",0.0,0.0,0,0,-66,0,100,10,0,9,25,-53,100,10,-2,8,-1024,3,-1,-1,-1,-1,-1,-1,0x0000000000000000,1500,1500,988,1529,988,988,988,988,988,988,1500,1500,1500,1500,1500,1500,1500,1500,1500,1500,1500,1500,1500,1500,1500,1500,1500,1500,1500,1500,1500,1500,7.4
2000-01-01,00:27:22.330,0.00,0.00,0.00,"",0.0,0.0,0,0,-66,0,100,10,0,9,25,-58,100,12,-2,8,-1024,3,-1,-1,-1,-1,-1,-1,0x0000000000000000,1500,1500,988,1529,988,988,988,988,988,988,1500,1500,1500,1500,1500,1500,1500,1500,1500,1500,1500,1500,1500,1500,1500,1500,1500,1500,1500,1500,1500,1500,7.4
2000-01-01,00:27:22.530,0.00,0.00,0.00,"",0.0,0.0,0,0,-66,0,100,11,0,9,25,-56,100,11,-2,8,-1024,4,-1,-1,-1,-1,-1,-1,0x0000000000000000,1500,1500,988,1529,988,988,988,988,988,988,1500,1500,1500,1500,1500,1500,1500,1500,1500,1500,1500,1500,1500,1500,1500,1500,1500,1500,1500,1500,1500,1500,7.4
2000-01-01,00:27:22.730,0.00,0.00,0.00,"",0.0,0.0,0,0,-66,0,100,11,0,9,25,-53,100,11,-2,8,-1024,3,-1,-1,-1,-1,-1,-1,0x0000000000000000,1500,1500,988,1529,988,988,988,988,988,988,1500,1500,1500,1500,1500,1500,1500,1500,1500,1500,1500,1500,1500,1500,1500,1500,1500,1500,1500,1500,1500,1500,7.4
2000-01-01,00:27:22.930,0.00,0.00,0.00,"",0.0,0.0,0,0,-66,0,100,10,0,9,25,-52,100,10,-1,8,-1024,3,-1,-1,-1,-1,-1,-1,0x0000000000000000,1500,1500,988,1530,988,988,988,988,988,988,1500,1500,1500,1500,1500,1500,1500,1500,1500,1500,1500,1500,1500,1500,1500,1500,1500,1500,1500,1500,1500,1500,7.4
2000-01-01,00:27:23.130,0.00,0.00,0.00,"",0.0,0.0,0,0,-66,0,100,10,0,9,25,-52,100,10,-2,8,-1024,3,-1,-1,-1,-1,-1,-1,0x0000000000000000,1500,1500,988,1529,988,988,988,988,988,988,1500,1500,1500,1500,1500,1500,1500,1500,1500,1500,1500,1500,1500,1500,1500,1500,1500,1500,1500,1500,1500,1500,7.4
2000-01-01,00:27:23.330,0.00,0.00,0.00,"",0.0,0.0,0,0,-66,0,99,9,0,9,25,-53,100,11,-2,8,-1024,3,-1,-1,-1,-1,-1,-1,0x0000000000000000,1500,1500,988,1529,988,988,988,988,988,988,1500,1500,1500,1500,1500,1500,1500,1500,1500,1500,1500,1500,1500,1500,1500,1500,1500,1500,1500,1500,1500,1500,7.4
2000-01-01,00:27:23.530,0.00,0.00,0.00,"",0.0,0.0,0,0,-66,0,100,10,0,9,25,-52,100,12,-2,8,-1024,3,-1,-1,-1,-1,-1,-1,0x0000000000000000,1500,1500,988,1529,988,988,988,988,988,988,1500,1500,1500,1500,1500,1500,1500,1500,1500,1500,1500,1500,1500,1500,1500,1500,1500,1500,1500,1500,1500,1500,7.4
2000-01-01,00:27:23.730,0.00,0.00,0.00,"",0.0,0.0,0,0,-66,0,100,11,0,9,25,-52,100,11,-1,8,-1024,3,-1,-1,-1,-1,-1,-1,0x0000000000000000,1500,1500,988,1530,988,988,988,988,988,988,1500,1500,1500,1500,1500,1500,1500,1500,1500,1500,1500,1500,1500,1500,1500,1500,1500,1500,1500,1500,1500,1500,7.4
2000-01-01,00:27:23.930,0.00,0.00,0.00,"",0.0,0.0,0,0,-67,0,99,10,0,9,25,-53,100,11,-2,8,-1024,3,-1,-1,-1,-1,-1,-1,0x0000000000000000,1500,1500,988,1529,988,988,988,988,988,988,1500,1500,1500,1500,1500,1500,1500,1500,1500,1500,1500,1500,1500,1500,1500,1500,1500,1500,1500,1500,1500,1500,7.4
2000-01-01,00:27:24.130,0.00,0.00,0.00,"",0.0,0.0,0,0,-67,0,99,11,0,9,25,-59,100,13,-2,8,-1024,3,-1,-1,-1,-1,-1,-1,0x0000000000000000,1500,1500,988,1529,988,988,988,988,988,988,1500,1500,1500,1500,1500,1500,1500,1500,1500,1500,1500,1500,1500,1500,1500,1500,1500,1500,1500,1500,1500,1500,7.4
2000-01-01,00:27:24.330,0.00,0.00,0.00,"",0.0,0.0,0,0,-67,0,99,11,0,9,25,-59,100,13,-2,8,-1024,3,-1,-1,-1,-1,-1,-1,0x0000000000000000,1500,1500,988,1529,988,988,988,988,988,988,1500,1500,1500,1500,1500,1500,1500,1500,1500,1500,1500,1500,1500,1500,1500,1500,1500,1500,1500,1500,1500,1500,7.4
2000-01-01,00:27:24.530,0.00,0.00,0.00,"",0.0,0.0,0,0,-67,0,99,10,0,9,25,-58,100,11,-2,8,-1024,3,-1,-1,-1,-1,-1,-1,0x0000000000000000,1500,1500,988,1529,988,988,988,988,988,988,1500,1500,1500,1500,1500,1500,1500,1500,1500,1500,1500,1500,1500,1500,1500,1500,1500,1500,1500,1500,1500,1500,7.4
2000-01-01,00:27:24.730,0.00,0.00,0.00,"",0.0,0.0,0,0,-66,0,99,10,0,9,25,-53,100,12,-2,8,-1024,3,-1,-1,-1,-1,-1,-1,0x0000000000000000,1500,1500,988,1529,988,988,988,988,988,988,1500,1500,1500,1500,1500,1500,1500,1500,1500,1500,1500,1500,1500,1500,1500,1500,1500,1500,1500,1500,1500,1500,7.4
2000-01-01,00:27:24.930,0.00,0.00,0.00,"",0.0,0.0,0,0,-66,0,98,11,0,9,25,-51,100,11,-2,8,-1024,2,-1,-1,-1,-1,-1,-1,0x0000000000000000,1500,1500,988,1529,988,988,988,988,988,988,1500,1500,1500,1500,1500,1500,1500,1500,1500,1500,1500,1500,1500,1500,1500,1500,1500,1500,1500,1500,1500,1500,7.4
2000-01-01,00:27:25.130,0.00,0.00,0.00,"",0.0,0.0,0,0,-66,0,99,10,0,9,25,-53,100,11,-2,8,-1024,3,-1,-1,-1,-1,-1,-1,0x0000000000000000,1500,1500,988,1529,988,988,988,988,988,988,1500,1500,1500,1500,1500,1500,1500,1500,1500,1500,1500,1500,1500,1500,1500,1500,1500,1500,1500,1500,1500,1500,7.4
2000-01-01,00:27:25.330,0.00,0.00,0.00,"",0.0,0.0,0,0,-66,0,99,10,0,9,25,-51,100,11,-2,8,-1024,3,-1,-1,-1,-1,-1,-1,0x0000000000000000,1500,1500,988,1529,988,988,988,988,988,988,1500,1500,1500,1500,1500,1500,1500,1500,1500,1500,1500,1500,1500,1500,1500,1500,1500,1500,1500,1500,1500,1500,7.4
2000-01-01,00:27:25.530,0.00,0.00,0.00,"",0.0,0.0,0,0,-66,0,99,10,0,9,25,-51,100,11,-1,8,-1024,3,-1,-1,-1,-1,-1,-1,0x0000000000000000,1500,1500,988,1530,988,988,988,988,988,988,1500,1500,1500,1500,1500,1500,1500,1500,1500,1500,1500,1500,1500,1500,1500,1500,1500,1500,1500,1500,1500,1500,7.4
2000-01-01,00:27:25.730,0.00,0.00,0.00,"",0.0,0.0,0,0,-66,0,99,9,0,9,25,-51,100,10,-2,7,-1024,3,-1,-1,-1,-1,-1,-1,0x0000000000000000,1500,1500,988,1529,988,988,988,988,988,988,1500,1500,1500,1500,1500,1500,1500,1500,1500,1500,1500,1500,1500,1500,1500,1500,1500,1500,1500,1500,1500,1500,7.4
2000-01-01,00:27:25.930,0.00,0.00,0.00,"",0.0,0.0,0,0,-66,0,100,11,0,9,25,-54,100,11,-1,8,-1024,3,-1,-1,-1,-1,-1,-1,0x0000000000000000,1500,1500,988,1530,988,988,988,988,988,988,1500,1500,1500,1500,1500,1500,1500,1500,1500,1500,1500,1500,1500,1500,1500,1500,1500,1500,1500,1500,1500,1500,7.4
2000-01-01,00:27:26.130,0.00,0.00,0.00,"",0.0,0.0,0,0,-66,0,100,10,0,9,25,-59,100,11,-3,8,-1024,2,-1,-1,-1,-1,-1,-1,0x0000000000000000,1500,1500,988,1529,988,988,988,988,988,988,1500,1500,1500,1500,1500,1500,1500,1500,1500,1500,1500,1500,1500,1500,1500,1500,1500,1500,1500,1500,1500,1500,7.4
2000-01-01,00:27:26.330,0.00,0.00,0.00,"",0.0,0.0,0,0,-66,0,100,10,0,9,25,-57,100,11,-2,8,-1024,3,-1,-1,-1,-1,-1,-1,0x0000000000000000,1500,1500,988,1529,988,988,988,988,988,988,1500,1500,1500,1500,1500,1500,1500,1500,1500,1500,1500,1500,1500,1500,1500,1500,1500,1500,1500,1500,1500,1500,7.4
2000-01-01,00:27:26.530,0.00,0.00,0.00,"",0.0,0.0,0,0,-66,0,100,10,0,9,25,-53,100,10,-2,8,-1024,3,-1,-1,-1,-1,-1,-1,0x0000000000000000,1500,1500,988,1529,988,988,988,988,988,988,1500,1500,1500,1500,1500,1500,1500,1500,1500,1500,1500,1500,1500,1500,1500,1500,1500,1500,1500,1500,1500,1500,7.4
2000-01-01,00:27:26.730,0.00,0.00,0.00,"",0.0,0.0,0,0,-66,0,100,10,0,9,25,-53,100,10,-2,8,-1024,1,-1,-1,-1,-1,-1,-1,0x0000000000000000,1500,1500,988,1529,988,988,988,988,988,988,1500,1500,1500,1500,1500,1500,1500,1500,1500,1500,1500,1500,1500,1500,1500,1500,1500,1500,1500,1500,1500,1500,7.4
2000-01-01,00:27:26.930,0.00,0.00,0.00,"",0.0,0.0,0,0,-67,0,99,11,0,9,25,-50,100,11,-2,8,-1024,3,-1,-1,-1,-1,-1,-1,0x0000000000000000,1500,1500,988,1529,988,988,988,988,988,988,1500,1500,1500,1500,1500,1500,1500,1500,1500,1500,1500,1500,1500,1500,1500,1500,1500,1500,1500,1500,1500,1500,7.4
2000-01-01,00:27:27.130,0.00,0.00,0.00,"",0.0,0.0,0,0,-65,0,99,10,0,9,25,-53,100,11,-2,9,-1024,2,-1,-1,-1,-1,-1,-1,0x0000000000000000,1500,1500,988,1529,988,988,988,988,988,988,1500,1500,1500,1500,1500,1500,1500,1500,1500,1500,1500,1500,1500,1500,1500,1500,1500,1500,1500,1500,1500,1500,7.4
2000-01-01,00:27:27.330,0.00,0.00,0.00,"",0.0,0.0,0,0,-66,0,100,10,0,9,25,-50,100,11,-1,8,-1024,2,-1,-1,-1,-1,-1,-1,0x0000000000000000,1500,1500,988,1530,988,988,988,988,988,988,1500,1500,1500,1500,1500,1500,1500,1500,1500,1500,1500,1500,1500,1500,1500,1500,1500,1500,1500,1500,1500,1500,7.4
2000-01-01,00:27:27.530,0.00,0.00,0.00,"",0.0,0.0,0,0,-66,0,99,11,0,9,25,-51,100,10,-2,8,-1024,2,-1,-1,-1,-1,-1,-1,0x0000000000000000,1500,1500,988,1529,988,988,988,988,988,988,1500,1500,1500,1500,1500,1500,1500,1500,1500,1500,1500,1500,1500,1500,1500,1500,1500,1500,1500,1500,1500,1500,7.4
2000-01-01,00:27:27.730,0.00,0.00,0.00,"",0.0,0.0,0,0,-66,0,99,10,0,9,25,-53,100,11,-1,8,-1024,2,-1,-1,-1,-1,-1,-1,0x0000000000000000,1500,1500,988,1530,988,988,988,988,988,988,1500,1500,1500,1500,1500,1500,1500,1500,1500,1500,1500,1500,1500,1500,1500,1500,1500,1500,1500,1500,1500,1500,7.4
2000-01-01,00:27:27.930,0.00,0.00,0.00,"",0.0,0.0,0,0,-66,0,99,10,0,9,25,-53,100,11,-3,7,-1024,3,-1,-1,-1,-1,-1,-1,0x0000000000000000,1500,1500,988,1529,988,988,988,988,988,988,1500,1500,1500,1500,1500,1500,1500,1500,1500,1500,1500,1500,1500,1500,1500,1500,1500,1500,1500,1500,1500,1500,7.4
2000-01-01,00:27:28.130,0.00,0.00,0.00,"",0.0,0.0,0,0,-66,0,98,11,0,9,25,-58,100,11,-2,8,-1024,1,-1,-1,-1,-1,-1,-1,0x0000000000000000,1500,1500,988,1529,988,988,988,988,988,988,1500,1500,1500,1500,1500,1500,1500,1500,1500,1500,1500,1500,1500,1500,1500,1500,1500,1500,1500,1500,1500,1500,7.4
2000-01-01,00:27:28.330,0.00,0.00,0.00,"",0.0,0.0,0,0,-66,0,98,11,0,9,25,-57,100,10,-2,7,-1024,2,-1,-1,-1,-1,-1,-1,0x0000000000000000,1500,1500,988,1529,988,988,988,988,988,988,1500,1500,1500,1500,1500,1500,1500,1500,1500,1500,1500,1500,1500,1500,1500,1500,1500,1500,1500,1500,1500,1500,7.4
2000-01-01,00:27:28.530,0.00,0.00,0.00,"",0.0,0.0,0,0,-66,0,100,10,0,9,25,-54,100,10,-2,7,-1024,2,-1,-1,-1,-1,-1,-1,0x0000000000000000,1500,1500,988,1529,988,988,988,988,988,988,1500,1500,1500,1500,1500,1500,1500,1500,1500,1500,1500,1500,1500,1500,1500,1500,1500,1500,1500,1500,1500,1500,7.4
2000-01-01,00:27:28.730,0.00,0.00,0.00,"",0.0,0.0,0,0,-67,0,100,10,0,9,25,-51,100,10,-2,8,-1024,3,-1,-1,-1,-1,-1,-1,0x0000000000000000,1500,1500,988,1529,988,988,988,988,988,988,1500,1500,1500,1500,1500,1500,1500,1500,1500,1500,1500,1500,1500,1500,1500,1500,1500,1500,1500,1500,1500,1500,7.4
2000-01-01,00:27:28.930,0.00,0.00,0.00,"",0.0,0.0,0,0,-66,0,100,10,0,9,25,-54,100,10,-2,7,-1024,2,-1,-1,-1,-1,-1,-1,0x0000000000000000,1500,1500,988,1529,988,988,988,988,988,988,1500,1500,1500,1500,1500,1500,1500,1500,1500,1500,1500,1500,1500,1500,1500,1500,1500,1500,1500,1500,1500,1500,7.4
2000-01-01,00:27:29.130,0.00,0.00,0.00,"",0.0,0.0,0,0,-66,0,100,10,0,9,25,-54,100,10,-1,8,-1024,3,-1,-1,-1,-1,-1,-1,0x0000000000000000,1500,1500,988,1530,988,988,988,988,988,988,1500,1500,1500,1500,1500,1500,1500,1500,1500,1500,1500,1500,1500,1500,1500,1500,1500,1500,1500,1500,1500,1500,7.4
2000-01-01,00:27:29.330,0.00,0.00,0.00,"",0.0,0.0,0,0,-67,0,100,11,0,9,25,-52,100,11,-2,8,-1024,2,-1,-1,-1,-1,-1,-1,0x0000000000000000,1500,1500,988,1529,988,988,988,988,988,988,1500,1500,1500,1500,1500,1500,1500,1500,1500,1500,1500,1500,1500,1500,1500,1500,1500,1500,1500,1500,1500,1500,7.4
2000-01-01,00:27:29.530,0.00,0.00,0.00,"",0.0,0.0,0,0,-67,0,100,10,0,9,25,-52,100,12,-2,9,-1024,2,-1,-1,-1,-1,-1,-1,0x0000000000000000,1500,1500,988,1529,988,988,988,988,988,988,1500,1500,1500,1500,1500,1500,1500,1500,1500,1500,1500,1500,1500,1500,1500,1500,1500,1500,1500,1500,1500,1500,7.4
2000-01-01,00:27:29.730,0.00,0.00,0.00,"",0.0,0.0,0,0,-67,0,100,11,0,9,25,-54,100,11,-2,7,-1024,3,-1,-1,-1,-1,-1,-1,0x0000000000000000,1500,1500,988,1529,988,988,988,988,988,988,1500,1500,1500,1500,1500,1500,1500,1500,1500,1500,1500,1500,1500,1500,1500,1500,1500,1500,1500,1500,1500,1500,7.4
2000-01-01,00:27:29.930,0.00,0.00,0.00,"",0.0,0.0,0,0,-67,0,100,10,0,9,25,-60,100,10,-2,8,-1024,3,-1,-1,-1,-1,-1,-1,0x0000000000000000,1500,1500,988,1529,988,988,988,988,988,988,1500,1500,1500,1500,1500,1500,1500,1500,1500,1500,1500,1500,1500,1500,1500,1500,1500,1500,1500,1500,1500,1500,7.4
2000-01-01,00:27:30.130,0.00,0.00,0.00,"",0.0,0.0,0,0,-67,0,100,10,0,9,25,-57,100,10,-2,8,-1024,3,-1,-1,-1,-1,-1,-1,0x0000000000000000,1500,1500,988,1529,988,988,988,988,988,988,1500,1500,1500,1500,1500,1500,1500,1500,1500,1500,1500,1500,1500,1500,1500,1500,1500,1500,1500,1500,1500,1500,7.4
2000-01-01,00:27:30.330,0.00,0.00,0.00,"",0.0,0.0,0,0,-67,0,100,10,0,9,25,-57,100,10,-2,8,-1024,3,-1,-1,-1,-1,-1,-1,0x0000000000000000,1500,1500,988,1529,988,988,988,988,988,988,1500,1500,1500,1500,1500,1500,1500,1500,1500,1500,1500,1500,1500,1500,1500,1500,1500,1500,1500,1500,1500,1500,7.4
2000-01-01,00:27:30.530,0.00,0.00,0.00,"",0.0,0.0,0,0,-66,0,100,10,0,9,25,-53,100,10,-2,8,-1024,3,-1,-1,-1,-1,-1,-1,0x0000000000000000,1500,1500,988,1529,988,988,988,988,988,988,1500,1500,1500,1500,1500,1500,1500,1500,1500,1500,1500,1500,1500,1500,1500,1500,1500,1500,1500,1500,1500,1500,7.4
2000-01-01,00:27:30.730,0.00,0.00,0.00,"",0.0,0.0,0,0,-66,0,100,10,0,9,25,-52,100,10,-2,8,-1024,4,-1,-1,-1,-1,-1,-1,0x0000000000000000,1500,1500,988,1529,988,988,988,988,988,988,1500,1500,1500,1500,1500,1500,1500,1500,1500,1500,1500,1500,1500,1500,1500,1500,1500,1500,1500,1500,1500,1500,7.4
2000-01-01,00:27:30.930,0.00,0.00,0.00,"",0.0,0.0,0,0,-66,0,99,9,0,9,25,-53,100,11,-2,8,-1024,3,-1,-1,-1,-1,-1,-1,0x0000000000000000,1500,1500,988,1529,988,988,988,988,988,988,1500,1500,1500,1500,1500,1500,1500,1500,1500,1500,1500,1500,1500,1500,1500,1500,1500,1500,1500,1500,1500,1500,7.4
2000-01-01,00:27:31.130,0.00,0.00,0.00,"",0.0,0.0,0,0,-66,0,99,10,0,9,25,-51,100,11,-2,8,-1024,3,-1,-1,-1,-1,-1,-1,0x0000000000000000,1500,1500,988,1529,988,988,988,988,988,988,1500,1500,1500,1500,1500,1500,1500,1500,1500,1500,1500,1500,1500,1500,1500,1500,1500,1500,1500,1500,1500,1500,7.4
2000-01-01,00:27:31.330,0.00,0.00,0.00,"",0.0,0.0,0,0,-66,0,100,11,0,9,25,-51,100,11,-2,8,-1024,2,-1,-1,-1,-1,-1,-1,0x0000000000000000,1500,1500,988,1529,988,988,988,988,988,988,1500,1500,1500,1500,1500,1500,1500,1500,1500,1500,1500,1500,1500,1500,1500,1500,1500,1500,1500,1500,1500,1500,7.4
2000-01-01,00:27:31.530,0.00,0.00,0.00,"",0.0,0.0,0,0,-66,0,100,11,0,9,25,-51,100,11,-2,8,-1024,2,-1,-1,-1,-1,-1,-1,0x0000000000000000,1500,1500,988,1529,988,988,988,988,988,988,1500,1500,1500,1500,1500,1500,1500,1500,1500,1500,1500,1500,1500,1500,1500,1500,1500,1500,1500,1500,1500,1500,7.4
2000-01-01,00:27:31.730,0.00,0.00,0.00,"",0.0,0.0,0,0,-66,0,99,10,0,9,25,-53,100,11,-2,8,-1024,2,-1,-1,-1,-1,-1,-1,0x0000000000000000,1500,1500,988,1529,988,988,988,988,988,988,1500,1500,1500,1500,1500,1500,1500,1500,1500,1500,1500,1500,1500,1500,1500,1500,1500,1500,1500,1500,1500,1500,7.4
2000-01-01,00:27:31.930,0.00,0.00,0.00,"",0.0,0.0,0,0,-66,0,99,10,0,9,25,-58,100,11,-2,8,-1024,3,-1,-1,-1,-1,-1,-1,0x0000000000000000,1500,1500,988,1529,988,988,988,988,988,988,1500,1500,1500,1500,1500,1500,1500,1500,1500,1500,1500,1500,1500,1500,1500,1500,1500,1500,1500,1500,1500,1500,7.4
2000-01-01,00:27:32.130,0.00,0.00,0.00,"",0.0,0.0,0,0,-66,0,99,10,0,9,25,-56,100,11,-2,8,-1024,3,-1,-1,-1,-1,-1,-1,0x0000000000000000,1500,1500,988,1529,988,988,988,988,988,988,1500,1500,1500,1500,1500,1500,1500,1500,1500,1500,1500,1500,1500,1500,1500,1500,1500,1500,1500,1500,1500,1500,7.4
2000-01-01,00:27:32.330,0.00,0.00,0.00,"",0.0,0.0,0,0,-65,0,99,10,0,9,25,-51,100,10,-2,8,-1024,3,-1,-1,-1,-1,-1,-1,0x0000000000000000,1500,1500,988,1529,988,988,988,988,988,988,1500,1500,1500,1500,1500,1500,1500,1500,1500,1500,1500,1500,1500,1500,1500,1500,1500,1500,1500,1500,1500,1500,7.4
2000-01-01,00:27:32.530,0.00,0.00,0.00,"",0.0,0.0,0,0,-65,0,98,10,0,9,25,-50,100,12,-3,8,-1024,3,-1,-1,-1,-1,-1,-1,0x0000000000000000,1500,1500,988,1529,988,988,988,988,988,988,1500,1500,1500,1500,1500,1500,1500,1500,1500,1500,1500,1500,1500,1500,1500,1500,1500,1500,1500,1500,1500,1500,7.4
2000-01-01,00:27:32.730,0.00,0.00,0.00,"",0.0,0.0,0,0,-65,0,98,10,0,9,25,-50,100,12,-3,8,-1024,3,-1,-1,-1,-1,-1,-1,0x0000000000000000,1500,1500,988,1529,988,988,988,988,988,988,1500,1500,1500,1500,1500,1500,1500,1500,1500,1500,1500,1500,1500,1500,1500,1500,1500,1500,1500,1500,1500,1500,7.4
2000-01-01,00:27:32.930,0.00,0.00,0.00,"",0.0,0.0,0,0,-65,0,96,10,0,9,25,-53,100,9,-2,8,-1024,2,-1,-1,-1,-1,-1,-1,0x0000000000000000,1500,1500,988,1529,988,988,988,988,988,988,1500,1500,1500,1500,1500,1500,1500,1500,1500,1500,1500,1500,1500,1500,1500,1500,1500,1500,1500,1500,1500,1500,7.4
2000-01-01,00:27:33.130,0.00,0.00,0.00,"",0.0,0.0,0,0,-66,0,98,10,0,9,25,-52,100,11,-2,8,-1024,3,-1,-1,-1,-1,-1,-1,0x0000000000000000,1500,1500,988,1529,988,988,988,988,988,988,1500,1500,1500,1500,1500,1500,1500,1500,1500,1500,1500,1500,1500,1500,1500,1500,1500,1500,1500,1500,1500,1500,7.4
2000-01-01,00:27:33.330,0.00,0.00,0.00,"",0.0,0.0,0,0,-66,0,99,10,0,9,25,-51,100,11,-2,7,-1024,3,-1,-1,-1,-1,-1,-1,0x0000000000000000,1500,1500,988,1529,988,988,988,988,988,988,1500,1500,1500,1500,1500,1500,1500,1500,1500,1500,1500,1500,1500,1500,1500,1500,1500,1500,1500,1500,1500,1500,7.4
2000-01-01,00:27:33.530,0.00,0.00,0.00,"",0.0,0.0,0,0,-66,0,100,11,0,9,25,-53,100,10,-2,8,-1024,3,-1,-1,-1,-1,-1,-1,0x0000000000000000,1500,1500,988,1529,988,988,988,988,988,988,1500,1500,1500,1500,1500,1500,1500,1500,1500,1500,1500,1500,1500,1500,1500,1500,1500,1500,1500,1500,1500,1500,7.4
2000-01-01,00:27:33.730,0.00,0.00,0.00,"",0.0,0.0,0,0,-66,0,99,10,0,9,25,-58,100,11,-2,7,-1024,3,-1,-1,-1,-1,-1,-1,0x0000000000000000,1500,1500,988,1529,988,988,988,988,988,988,1500,1500,1500,1500,1500,1500,1500,1500,1500,1500,1500,1500,1500,1500,1500,1500,1500,1500,1500,1500,1500,1500,7.4
2000-01-01,00:27:33.930,0.00,0.00,0.00,"",0.0,0.0,0,0,-66,0,99,10,0,9,25,-58,100,11,-2,8,-1024,3,-1,-1,-1,-1,-1,-1,0x0000000000000000,1500,1500,988,1529,988,988,988,988,988,988,1500,1500,1500,1500,1500,1500,1500,1500,1500,1500,1500,1500,1500,1500,1500,1500,1500,1500,1500,1500,1500,1500,7.4
2000-01-01,00:27:34.130,0.00,0.00,0.00,"",0.0,0.0,0,0,-66,0,100,10,0,9,25,-56,100,10,-2,8,-1024,3,-1,-1,-1,-1,-1,-1,0x0000000000000000,1500,1500,988,1529,988,988,988,988,988,988,1500,1500,1500,1500,1500,1500,1500,1500,1500,1500,1500,1500,1500,1500,1500,1500,1500,1500,1500,1500,1500,1500,7.4
2000-01-01,00:27:34.330,0.00,0.00,0.00,"",0.0,0.0,0,0,-65,0,100,10,0,9,25,-51,100,11,-2,8,-1024,3,-1,-1,-1,-1,-1,-1,0x0000000000000000,1500,1500,988,1529,988,988,988,988,988,988,1500,1500,1500,1500,1500,1500,1500,1500,1500,1500,1500,1500,1500,1500,1500,1500,1500,1500,1500,1500,1500,1500,7.4
2000-01-01,00:27:34.530,0.00,0.00,0.00,"",0.0,0.0,0,0,-66,0,99,9,0,9,25,-52,100,11,-2,8,-1024,3,-1,-1,-1,-1,-1,-1,0x0000000000000000,1500,1500,988,1529,988,988,988,988,988,988,1500,1500,1500,1500,1500,1500,1500,1500,1500,1500,1500,1500,1500,1500,1500,1500,1500,1500,1500,1500,1500,1500,7.4
2000-01-01,00:27:34.730,0.00,0.00,0.00,"",0.0,0.0,0,0,-68,0,99,10,0,9,25,-55,100,11,-2,8,-1024,3,1,-1,-1,-1,-1,-1,0x0000000000000000,1500,1500,988,1529,2012,988,988,988,988,988,1500,1500,1500,1500,1500,1500,1500,1500,1500,1500,1500,1500,1500,1500,1500,1500,1500,1500,1500,1500,1500,1500,7.4
2000-01-01,00:27:34.930,0.00,0.00,0.00,"",0.0,0.0,0,0,-69,0,100,11,0,9,25,-55,100,11,-2,8,-1024,3,1,-1,-1,-1,-1,-1,0x0000000000000000,1500,1500,988,1529,2012,988,988,988,988,988,1500,1500,1500,1500,1500,1500,1500,1500,1500,1500,1500,1500,1500,1500,1500,1500,1500,1500,1500,1500,1500,1500,7.4
2000-01-01,00:27:35.130,0.00,0.00,0.00,"",0.0,0.0,0,0,-69,0,100,11,0,9,25,-55,100,11,-2,8,-1024,3,1,-1,-1,-1,-1,-1,0x0000000000000000,1500,1500,988,1529,2012,988,988,988,988,988,1500,1500,1500,1500,1500,1500,1500,1500,1500,1500,1500,1500,1500,1500,1500,1500,1500,1500,1500,1500,1500,1500,7.4
2000-01-01,00:27:35.330,0.00,0.00,0.00,"",0.0,0.0,0,0,-68,0,98,10,0,9,25,-54,100,10,-2,8,-1024,2,1,-1,-1,-1,-1,-1,0x0000000000000000,1500,1500,988,1529,2012,988,988,988,988,988,1500,1500,1500,1500,1500,1500,1500,1500,1500,1500,1500,1500,1500,1500,1500,1500,1500,1500,1500,1500,1500,1500,7.4
2000-01-01,00:27:35.530,0.00,0.00,0.00,"",0.0,0.0,0,0,-69,0,98,11,0,9,25,-57,100,12,-3,8,-1024,3,1,-1,-1,-1,-1,-1,0x0000000000000000,1500,1500,988,1529,2012,988,988,988,988,988,1500,1500,1500,1500,1500,1500,1500,1500,1500,1500,1500,1500,1500,1500,1500,1500,1500,1500,1500,1500,1500,1500,7.4
2000-01-01,00:27:35.730,0.00,0.00,0.00,"",0.0,0.0,0,0,-69,0,98,10,0,9,25,-64,100,11,-2,8,-1024,3,1,-1,-1,-1,-1,-1,0x0000000000000000,1500,1500,988,1529,2012,988,988,988,988,988,1500,1500,1500,1500,1500,1500,1500,1500,1500,1500,1500,1500,1500,1500,1500,1500,1500,1500,1500,1500,1500,1500,7.4
2000-01-01,00:27:35.930,0.00,0.00,0.00,"",0.0,0.0,0,0,-69,0,98,8,0,9,25,-62,100,11,-2,8,-1024,3,1,-1,-1,-1,-1,-1,0x0000000000000000,1500,1500,988,1529,2012,988,988,988,988,988,1500,1500,1500,1500,1500,1500,1500,1500,1500,1500,1500,1500,1500,1500,1500,1500,1500,1500,1500,1500,1500,1500,7.4
2000-01-01,00:27:36.130,0.00,0.00,0.00,"",0.0,0.0,0,0,-70,0,100,10,0,9,25,-59,100,10,-2,8,-1024,3,-1,-1,-1,-1,-1,-1,0x0000000000000000,1500,1500,988,1529,2012,988,988,988,988,988,1500,1500,1500,1500,1500,1500,1500,1500,1500,1500,1500,1500,1500,1500,1500,1500,1500,1500,1500,1500,1500,1500,7.4
2000-01-01,00:27:36.330,0.00,0.00,0.00,"",0.0,0.0,0,0,-70,0,100,10,0,9,25,-59,100,10,-3,8,-1024,3,-1,-1,-1,-1,-1,-1,0x0000000000000000,1500,1500,988,1529,988,988,988,988,988,988,1500,1500,1500,1500,1500,1500,1500,1500,1500,1500,1500,1500,1500,1500,1500,1500,1500,1500,1500,1500,1500,1500,7.4
2000-01-01,00:27:36.530,0.00,0.00,0.00,"",0.0,0.0,0,0,-71,0,100,10,0,9,25,-56,100,10,-2,8,-1024,3,-1,-1,-1,-1,-1,-1,0x0000000000000000,1500,1500,988,1529,988,988,988,988,988,988,1500,1500,1500,1500,1500,1500,1500,1500,1500,1500,1500,1500,1500,1500,1500,1500,1500,1500,1500,1500,1500,1500,7.4
2000-01-01,00:27:36.730,0.00,0.00,0.00,"",0.0,0.0,0,0,-70,0,100,10,0,9,25,-60,100,9,-2,8,-1024,4,-1,-1,-1,-1,-1,-1,0x0000000000000000,1500,1500,988,1529,988,988,988,988,988,988,1500,1500,1500,1500,1500,1500,1500,1500,1500,1500,1500,1500,1500,1500,1500,1500,1500,1500,1500,1500,1500,1500,7.4
2000-01-01,00:27:36.930,0.00,0.00,0.00,"",0.0,0.0,0,0,-69,0,100,10,0,9,25,-56,100,12,-2,9,-1024,3,-1,-1,-1,-1,-1,-1,0x0000000000000000,1500,1500,988,1529,988,988,988,988,988,988,1500,1500,1500,1500,1500,1500,1500,1500,1500,1500,1500,1500,1500,1500,1500,1500,1500,1500,1500,1500,1500,1500,7.4
2000-01-01,00:27:37.130,0.00,0.00,0.00,"",0.0,0.0,0,0,-69,0,100,10,0,9,25,-55,100,12,-2,9,-1024,3,-1,-1,-1,-1,-1,-1,0x0000000000000000,1500,1500,988,1529,988,988,988,988,988,988,1500,1500,1500,1500,1500,1500,1500,1500,1500,1500,1500,1500,1500,1500,1500,1500,1500,1500,1500,1500,1500,1500,7.4
2000-01-01,00:27:37.330,0.00,0.00,0.00,"",0.0,0.0,0,0,-69,0,100,11,0,9,25,-58,100,11,-2,8,-1024,2,-1,-1,-1,-1,-1,-1,0x0000000000000000,1500,1500,988,1529,988,988,988,988,988,988,1500,1500,1500,1500,1500,1500,1500,1500,1500,1500,1500,1500,1500,1500,1500,1500,1500,1500,1500,1500,1500,1500,7.4
2000-01-01,00:27:37.530,0.00,0.00,0.00,"",0.0,0.0,0,0,-69,0,100,11,0,9,25,-58,100,11,-3,8,-1024,3,-1,-1,-1,-1,-1,-1,0x0000000000000000,1500,1500,988,1529,988,988,988,988,988,988,1500,1500,1500,1500,1500,1500,1500,1500,1500,1500,1500,1500,1500,1500,1500,1500,1500,1500,1500,1500,1500,1500,7.4
2000-01-01,00:27:37.730,0.00,0.00,0.00,"",0.0,0.0,0,0,-68,0,100,11,0,9,25,-60,100,11,-2,8,-1024,4,-1,-1,-1,-1,-1,-1,0x0000000000000000,1500,1500,988,1529,988,988,988,988,988,988,1500,1500,1500,1500,1500,1500,1500,1500,1500,1500,1500,1500,1500,1500,1500,1500,1500,1500,1500,1500,1500,1500,7.4
2000-01-01,00:27:37.930,0.00,0.00,0.00,"",0.0,0.0,0,0,-68,0,100,11,0,9,25,-58,100,11,-2,8,-1024,3,-1,-1,-1,-1,-1,-1,0x0000000000000000,1500,1500,988,1529,988,988,988,988,988,988,1500,1500,1500,1500,1500,1500,1500,1500,1500,1500,1500,1500,1500,1500,1500,1500,1500,1500,1500,1500,1500,1500,7.4
2000-01-01,00:27:38.130,0.00,0.00,0.00,"",0.0,0.0,0,0,-67,0,100,10,0,9,25,-54,100,10,-2,9,-1024,3,-1,-1,-1,-1,-1,-1,0x0000000000000000,1500,1500,988,1529,988,988,988,988,988,988,1500,1500,1500,1500,1500,1500,1500,1500,1500,1500,1500,1500,1500,1500,1500,1500,1500,1500,1500,1500,1500,1500,7.4
2000-01-01,00:27:38.330,0.00,0.00,0.00,"",0.0,0.0,0,0,-67,0,100,10,0,9,25,-52,100,10,-2,8,-1024,3,-1,-1,-1,-1,-1,-1,0x0000000000000000,1500,1500,988,1529,988,988,988,988,988,988,1500,1500,1500,1500,1500,1500,1500,1500,1500,1500,1500,1500,1500,1500,1500,1500,1500,1500,1500,1500,1500,1500,7.4
2000-01-01,00:27:38.530,0.00,0.00,0.00,"",0.0,0.0,0,0,-66,0,100,10,0,9,25,-55,100,10,-2,9,-1024,3,-1,-1,-1,-1,-1,-1,0x0000000000000000,1500,1500,988,1529,988,988,988,988,988,988,1500,1500,1500,1500,1500,1500,1500,1500,1500,1500,1500,1500,1500,1500,1500,1500,1500,1500,1500,1500,1500,1500,7.4
2000-01-01,00:27:38.730,0.00,0.00,0.00,"",0.0,0.0,0,0,-66,0,100,10,0,9,25,-55,100,10,-2,8,-1024,2,-1,0,-1,-1,-1,-1,0x0000000000000000,1500,1500,988,1529,988,1500,988,988,988,988,1500,1500,1500,1500,1500,1500,1500,1500,1500,1500,1500,1500,1500,1500,1500,1500,1500,1500,1500,1500,1500,1500,7.4
2000-01-01,00:27:38.930,0.00,0.00,0.00,"",0.0,0.0,0,0,-66,0,100,10,0,9,25,-51,100,12,-2,8,-1024,3,-1,1,-1,-1,-1,-1,0x0000000000000000,1500,1500,988,1529,988,2012,988,988,988,988,1500,1500,1500,1500,1500,1500,1500,1500,1500,1500,1500,1500,1500,1500,1500,1500,1500,1500,1500,1500,1500,1500,7.4
2000-01-01,00:27:39.130,0.00,0.00,0.00,"",0.0,0.0,0,0,-64,0,100,10,0,9,25,-51,100,11,-1,8,-1024,2,-1,1,-1,-1,-1,-1,0x0000000000000000,1500,1500,988,1530,988,2012,988,988,988,988,1500,1500,1500,1500,1500,1500,1500,1500,1500,1500,1500,1500,1500,1500,1500,1500,1500,1500,1500,1500,1500,1500,7.4
2000-01-01,00:27:39.330,0.00,0.00,0.00,"",0.0,0.0,0,0,-66,0,99,10,0,9,25,-56,100,10,-2,8,-1024,3,-1,0,-1,-1,-1,-1,0x0000000000000000,1500,1500,988,1529,988,1500,988,988,988,988,1500,1500,1500,1500,1500,1500,1500,1500,1500,1500,1500,1500,1500,1500,1500,1500,1500,1500,1500,1500,1500,1500,7.4
2000-01-01,00:27:39.530,0.00,0.00,0.00,"",0.0,0.0,0,0,-67,0,99,11,0,9,25,-60,100,10,-2,9,-1024,3,-1,0,-1,-1,-1,-1,0x0000000000000000,1500,1500,988,1529,988,1500,988,988,988,988,1500,1500,1500,1500,1500,1500,1500,1500,1500,1500,1500,1500,1500,1500,1500,1500,1500,1500,1500,1500,1500,1500,7.4
2000-01-01,00:27:39.730,0.00,0.00,0.00,"",0.0,0.0,0,0,-68,0,99,10,0,9,25,-59,100,10,-2,8,-1024,3,-1,-1,-1,-1,-1,-1,0x0000000000000000,1500,1500,988,1529,988,988,988,988,988,988,1500,1500,1500,1500,1500,1500,1500,1500,1500,1500,1500,1500,1500,1500,1500,1500,1500,1500,1500,1500,1500,1500,7.4
2000-01-01,00:27:39.930,0.00,0.00,0.00,"",0.0,0.0,0,0,-68,0,99,10,0,9,25,-59,100,10,-2,7,-1024,3,-1,-1,-1,-1,-1,-1,0x0000000000000000,1500,1500,988,1529,988,988,988,988,988,988,1500,1500,1500,1500,1500,1500,1500,1500,1500,1500,1500,1500,1500,1500,1500,1500,1500,1500,1500,1500,1500,1500,7.4
2000-01-01,00:27:40.130,0.00,0.00,0.00,"",0.0,0.0,0,0,-67,0,99,11,0,9,25,-54,100,12,-2,9,-1024,2,-1,1,-1,-1,-1,-1,0x0000000000000000,1500,1500,988,1529,988,2012,988,988,988,988,1500,1500,1500,1500,1500,1500,1500,1500,1500,1500,1500,1500,1500,1500,1500,1500,1500,1500,1500,1500,1500,1500,7.4
2000-01-01,00:27:40.330,0.00,0.00,0.00,"",0.0,0.0,0,0,-64,0,96,10,0,9,25,-49,100,11,-3,8,-1024,3,-1,1,-1,-1,-1,-1,0x0000000000000000,1500,1500,988,1529,988,2012,988,988,988,988,1500,1500,1500,1500,1500,1500,1500,1500,1500,1500,1500,1500,1500,1500,1500,1500,1500,1500,1500,1500,1500,1500,7.4
2000-01-01,00:27:40.530,0.00,0.00,0.00,"",0.0,0.0,0,0,-65,0,96,10,0,9,25,-55,100,9,-3,7,-1024,4,-1,1,-1,-1,-1,-1,0x0000000000000000,1500,1500,988,1529,988,2012,988,988,988,988,1500,1500,1500,1500,1500,1500,1500,1500,1500,1500,1500,1500,1500,1500,1500,1500,1500,1500,1500,1500,1500,1500,7.4
2000-01-01,00:27:40.730,0.00,0.00,0.00,"",0.0,0.0,0,0,-67,0,99,11,0,9,25,-54,100,12,-2,7,-1024,3,-1,1,-1,-1,-1,-1,0x0000000000000000,1500,1500,988,1529,988,2012,988,988,988,988,1500,1500,1500,1500,1500,1500,1500,1500,1500,1500,1500,1500,1500,1500,1500,1500,1500,1500,1500,1500,1500,1500,7.4
2000-01-01,00:27:40.930,0.00,0.00,0.00,"",0.0,0.0,0,0,-68,0,99,10,0,9,25,-55,100,11,-2,8,-1024,2,-1,1,-1,-1,-1,-1,0x0000000000000000,1500,1500,988,1529,988,2012,988,988,988,988,1500,1500,1500,1500,1500,1500,1500,1500,1500,1500,1500,1500,1500,1500,1500,1500,1500,1500,1500,1500,1500,1500,7.4
2000-01-01,00:27:41.130,0.00,0.00,0.00,"",0.0,0.0,0,0,-68,0,99,10,0,9,25,-55,100,11,-2,7,-1024,3,-1,1,-1,-1,-1,-1,0x0000000000000000,1500,1500,988,1529,988,2012,988,988,988,988,1500,1500,1500,1500,1500,1500,1500,1500,1500,1500,1500,1500,1500,1500,1500,1500,1500,1500,1500,1500,1500,1500,7.4
2000-01-01,00:27:41.330,0.00,0.00,0.00,"",0.0,0.0,0,0,-68,0,100,10,0,9,25,-56,100,11,-2,8,-1024,3,-1,1,-1,-1,-1,-1,0x0000000000000000,1500,1500,988,1529,988,2012,988,988,988,988,1500,1500,1500,1500,1500,1500,1500,1500,1500,1500,1500,1500,1500,1500,1500,1500,1500,1500,1500,1500,1500,1500,7.4
2000-01-01,00:27:41.530,0.00,0.00,0.00,"",0.0,0.0,0,0,-69,0,100,11,0,9,25,-62,100,12,-2,8,-1024,2,-1,1,-1,-1,-1,-1,0x0000000000000000,1500,1500,988,1529,988,2012,988,988,988,988,1500,1500,1500,1500,1500,1500,1500,1500,1500,1500,1500,1500,1500,1500,1500,1500,1500,1500,1500,1500,1500,1500,7.4
2000-01-01,00:27:41.730,0.00,0.00,0.00,"",0.0,0.0,0,0,-63,0,100,10,0,9,25,-51,100,11,-2,8,-1024,3,-1,1,-1,-1,-1,-1,0x0000000000000000,1500,1500,988,1529,988,2012,988,988,988,988,1500,1500,1500,1500,1500,1500,1500,1500,1500,1500,1500,1500,1500,1500,1500,1500,1500,1500,1500,1500,1500,1500,7.4
2000-01-01,00:27:41.930,0.00,0.00,0.00,"",0.0,0.0,0,0,-58,0,100,10,0,9,25,-46,100,9,-2,8,-1024,2,-1,1,-1,-1,-1,-1,0x0000000000000000,1500,1500,988,1529,988,2012,988,988,988,988,1500,1500,1500,1500,1500,1500,1500,1500,1500,1500,1500,1500,1500,1500,1500,1500,1500,1500,1500,1500,1500,1500,7.4
2000-01-01,00:27:42.130,0.00,0.00,0.00,"",0.0,0.0,0,0,-58,0,99,10,0,9,25,-45,100,11,-1,9,-1024,3,-1,1,-1,-1,-1,-1,0x0000000000000000,1500,1500,988,1530,988,2012,988,988,988,988,1500,1500,1500,1500,1500,1500,1500,1500,1500,1500,1500,1500,1500,1500,1500,1500,1500,1500,1500,1500,1500,1500,7.4
2000-01-01,00:27:42.330,0.00,0.00,0.00,"",0.0,0.0,0,0,-58,0,99,10,0,9,25,-45,100,11,-2,8,-1024,3,-1,1,-1,-1,-1,-1,0x0000000000000000,1500,1500,988,1529,988,2012,988,988,988,988,1500,1500,1500,1500,1500,1500,1500,1500,1500,1500,1500,1500,1500,1500,1500,1500,1500,1500,1500,1500,1500,1500,7.4
2000-01-01,00:27:42.530,0.00,0.00,0.00,"",0.0,0.0,0,0,-58,0,99,11,0,9,25,-47,100,10,-1,8,-1024,3,-1,1,-1,-1,-1,-1,0x0000000000000000,1500,1500,988,1530,988,2012,988,988,988,988,1500,1500,1500,1500,1500,1500,1500,1500,1500,1500,1500,1500,1500,1500,1500,1500,1500,1500,1500,1500,1500,1500,7.4
2000-01-01,00:27:42.730,0.00,0.00,0.00,"",0.0,0.0,0,0,-59,0,100,10,0,9,25,-48,100,11,-2,8,-1024,3,-1,1,-1,-1,-1,-1,0x0000000000000000,1500,1500,988,1529,988,2012,988,988,988,988,1500,1500,1500,1500,1500,1500,1500,1500,1500,1500,1500,1500,1500,1500,1500,1500,1500,1500,1500,1500,1500,1500,7.4
2000-01-01,00:27:42.930,0.00,0.00,0.00,"",0.0,0.0,0,0,-59,0,100,10,0,9,25,-47,100,12,-2,8,-1024,2,-1,1,-1,-1,-1,-1,0x0000000000000000,1500,1500,988,1529,988,2012,988,988,988,988,1500,1500,1500,1500,1500,1500,1500,1500,1500,1500,1500,1500,1500,1500,1500,1500,1500,1500,1500,1500,1500,1500,7.4
2000-01-01,00:27:43.130,0.00,0.00,0.00,"",0.0,0.0,0,0,-60,0,100,10,0,9,25,-48,100,11,-2,8,-1024,3,-1,1,-1,-1,-1,-1,0x0000000000000000,1500,1500,988,1529,988,2012,988,988,988,988,1500,1500,1500,1500,1500,1500,1500,1500,1500,1500,1500,1500,1500,1500,1500,1500,1500,1500,1500,1500,1500,1500,7.4
2000-01-01,00:27:43.330,0.00,0.00,0.00,"",0.0,0.0,0,0,-60,0,100,10,0,9,25,-53,100,10,-2,8,-1024,2,-1,1,-1,-1,-1,-1,0x0000000000000000,1500,1500,988,1529,988,2012,988,988,988,988,1500,1500,1500,1500,1500,1500,1500,1500,1500,1500,1500,1500,1500,1500,1500,1500,1500,1500,1500,1500,1500,1500,7.4
2000-01-01,00:27:43.530,0.00,0.00,0.00,"",0.0,0.0,0,0,-60,0,100,10,0,9,25,-53,100,10,-2,8,-1024,3,-1,1,-1,-1,-1,-1,0x0000000000000000,1500,1500,988,1529,988,2012,988,988,988,988,1500,1500,1500,1500,1500,1500,1500,1500,1500,1500,1500,1500,1500,1500,1500,1500,1500,1500,1500,1500,1500,1500,7.4
2000-01-01,00:27:43.730,0.00,0.00,0.00,"",0.0,0.0,0,0,-61,0,100,10,0,9,25,-52,100,8,-2,8,-1024,3,-1,1,-1,-1,-1,-1,0x0000000000000000,1500,1500,988,1529,988,2012,988,988,988,988,1500,1500,1500,1500,1500,1500,1500,1500,1500,1500,1500,1500,1500,1500,1500,1500,1500,1500,1500,1500,1500,1500,7.4
2000-01-01,00:27:43.930,0.00,0.00,0.00,"",0.0,0.0,0,0,-60,0,100,10,0,9,25,-47,100,10,-1,8,-1024,2,-1,1,-1,-1,-1,-1,0x0000000000000000,1500,1500,988,1530,988,2012,988,988,988,988,1500,1500,1500,1500,1500,1500,1500,1500,1500,1500,1500,1500,1500,1500,1500,1500,1500,1500,1500,1500,1500,1500,7.4
2000-01-01,00:27:44.130,0.00,0.00,0.00,"",0.0,0.0,0,0,-60,0,100,11,0,9,25,-47,100,10,-2,8,-1024,4,-1,1,-1,-1,-1,-1,0x0000000000000000,1500,1500,988,1529,988,2012,988,988,988,988,1500,1500,1500,1500,1500,1500,1500,1500,1500,1500,1500,1500,1500,1500,1500,1500,1500,1500,1500,1500,1500,1500,7.4
2000-01-01,00:27:44.330,0.00,0.00,0.00,"",0.0,0.0,0,0,-60,0,100,9,0,9,25,-48,100,10,-2,8,-1024,3,-1,1,-1,-1,-1,-1,0x0000000000000000,1500,1500,988,1529,988,2012,988,988,988,988,1500,1500,1500,1500,1500,1500,1500,1500,1500,1500,1500,1500,1500,1500,1500,1500,1500,1500,1500,1500,1500,1500,7.4
2000-01-01,00:27:44.530,0.00,0.00,0.00,"",0.0,0.0,0,0,-60,0,100,11,0,9,25,-48,100,11,-2,8,-1024,2,-1,1,-1,-1,-1,-1,0x0000000000000000,1500,1500,988,1529,988,2012,988,988,988,988,1500,1500,1500,1500,1500,1500,1500,1500,1500,1500,1500,1500,1500,1500,1500,1500,1500,1500,1500,1500,1500,1500,7.4
2000-01-01,00:27:44.730,0.00,0.00,0.00,"",0.0,0.0,0,0,-60,0,100,11,0,9,25,-48,100,11,-2,8,-1024,3,-1,1,-1,-1,-1,-1,0x0000000000000000,1500,1500,988,1529,988,2012,988,988,988,988,1500,1500,1500,1500,1500,1500,1500,1500,1500,1500,1500,1500,1500,1500,1500,1500,1500,1500,1500,1500,1500,1500,7.4
2000-01-01,00:27:44.930,0.00,0.00,0.00,"",0.0,0.0,0,0,-60,0,100,10,0,9,25,-47,100,12,-2,7,-1024,3,-1,1,-1,-1,-1,-1,0x0000000000000000,1500,1500,988,1529,988,2012,988,988,988,988,1500,1500,1500,1500,1500,1500,1500,1500,1500,1500,1500,1500,1500,1500,1500,1500,1500,1500,1500,1500,1500,1500,7.4
2000-01-01,00:27:45.130,0.00,0.00,0.00,"",0.0,0.0,0,0,-60,0,100,11,0,9,25,-49,100,10,-2,7,-1024,3,-1,1,-1,-1,-1,-1,0x0000000000000000,1500,1500,988,1529,988,2012,988,988,988,988,1500,1500,1500,1500,1500,1500,1500,1500,1500,1500,1500,1500,1500,1500,1500,1500,1500,1500,1500,1500,1500,1500,7.4
2000-01-01,00:27:45.330,0.00,0.00,0.00,"",0.0,0.0,0,0,-60,0,100,10,0,9,25,-52,100,11,-2,8,-1024,3,-1,1,-1,-1,-1,-1,0x0000000000000000,1500,1500,988,1529,988,2012,988,988,988,988,1500,1500,1500,1500,1500,1500,1500,1500,1500,1500,1500,1500,1500,1500,1500,1500,1500,1500,1500,1500,1500,1500,7.4
2000-01-01,00:27:45.530,0.00,0.00,0.00,"",0.0,0.0,0,0,-60,0,100,10,0,9,25,-52,100,10,-2,8,-1024,4,-1,1,-1,-1,-1,-1,0x0000000000000000,1500,1500,988,1529,988,2012,988,988,988,988,1500,1500,1500,1500,1500,1500,1500,1500,1500,1500,1500,1500,1500,1500,1500,1500,1500,1500,1500,1500,1500,1500,7.4
2000-01-01,00:27:45.730,0.00,0.00,0.00,"",0.0,0.0,0,0,-60,0,100,10,0,9,25,-47,100,12,-2,7,-1024,4,-1,1,-1,-1,-1,-1,0x0000000000000000,1500,1500,988,1529,988,2012,988,988,988,988,1500,1500,1500,1500,1500,1500,1500,1500,1500,1500,1500,1500,1500,1500,1500,1500,1500,1500,1500,1500,1500,1500,7.4
2000-01-01,00:27:45.930,0.00,0.00,0.00,"",0.0,0.0,0,0,-60,0,100,10,0,9,25,-47,100,12,-1,7,-1024,4,-1,1,-1,-1,-1,-1,0x0000000000000000,1500,1500,988,1530,988,2012,988,988,988,988,1500,1500,1500,1500,1500,1500,1500,1500,1500,1500,1500,1500,1500,1500,1500,1500,1500,1500,1500,1500,1500,1500,7.4
2000-01-01,00:27:46.130,0.00,0.00,0.00,"",0.0,0.0,0,0,-60,0,100,10,0,9,25,-47,100,10,-2,8,-1024,3,-1,1,-1,-1,-1,-1,0x0000000000000000,1500,1500,988,1529,988,2012,988,988,988,988,1500,1500,1500,1500,1500,1500,1500,1500,1500,1500,1500,1500,1500,1500,1500,1500,1500,1500,1500,1500,1500,1500,7.4
2000-01-01,00:27:46.330,0.00,0.00,0.00,"",0.0,0.0,0,0,-60,0,100,11,0,9,25,-48,100,10,-2,8,-1024,3,-1,1,-1,-1,-1,-1,0x0000000000000000,1500,1500,988,1529,988,2012,988,988,988,988,1500,1500,1500,1500,1500,1500,1500,1500,1500,1500,1500,1500,1500,1500,1500,1500,1500,1500,1500,1500,1500,1500,7.4
2000-01-01,00:27:46.530,0.00,0.00,0.00,"",0.0,0.0,0,0,-60,0,100,9,0,9,25,-47,100,10,-2,7,-1024,3,-1,1,-1,-1,-1,-1,0x0000000000000000,1500,1500,988,1529,988,2012,988,988,988,988,1500,1500,1500,1500,1500,1500,1500,1500,1500,1500,1500,1500,1500,1500,1500,1500,1500,1500,1500,1500,1500,1500,7.4
2000-01-01,00:27:46.730,0.00,0.00,0.00,"",0.0,0.0,0,0,-60,0,100,11,0,9,25,-48,100,10,-2,8,-1024,3,-1,1,-1,-1,-1,-1,0x0000000000000000,1500,1500,988,1529,988,2012,988,988,988,988,1500,1500,1500,1500,1500,1500,1500,1500,1500,1500,1500,1500,1500,1500,1500,1500,1500,1500,1500,1500,1500,1500,7.4
2000-01-01,00:27:46.930,0.00,0.00,0.00,"",0.0,0.0,0,0,-60,0,100,11,0,9,25,-48,100,10,-2,8,-1024,3,-1,1,-1,-1,-1,-1,0x0000000000000000,1500,1500,988,1529,988,2012,988,988,988,988,1500,1500,1500,1500,1500,1500,1500,1500,1500,1500,1500,1500,1500,1500,1500,1500,1500,1500,1500,1500,1500,1500,7.4
2000-01-01,00:27:47.130,0.00,0.00,0.00,"",0.0,0.0,0,0,-60,0,100,11,0,9,25,-48,100,10,-2,8,-1024,3,-1,1,-1,-1,-1,-1,0x0000000000000000,1500,1500,988,1529,988,2012,988,988,988,988,1500,1500,1500,1500,1500,1500,1500,1500,1500,1500,1500,1500,1500,1500,1500,1500,1500,1500,1500,1500,1500,1500,7.4
2000-01-01,00:27:47.330,0.00,0.00,0.00,"",0.0,0.0,0,0,-60,0,100,10,0,9,25,-52,100,11,-2,7,-1024,4,-1,1,-1,-1,-1,-1,0x0000000000000000,1500,1500,988,1529,988,2012,988,988,988,988,1500,1500,1500,1500,1500,1500,1500,1500,1500,1500,1500,1500,1500,1500,1500,1500,1500,1500,1500,1500,1500,1500,7.4
2000-01-01,00:27:47.530,0.00,0.00,0.00,"",0.0,0.0,0,0,-58,0,99,10,0,9,25,-46,100,11,-2,8,-1024,4,-1,1,-1,-1,-1,-1,0x0000000000000000,1500,1500,988,1529,988,2012,988,988,988,988,1500,1500,1500,1500,1500,1500,1500,1500,1500,1500,1500,1500,1500,1500,1500,1500,1500,1500,1500,1500,1500,1500,7.4
2000-01-01,00:27:47.730,0.00,0.00,0.00,"",0.0,0.0,0,0,-57,0,99,10,0,9,25,-48,100,12,-2,7,-1024,4,-1,1,-1,-1,-1,-1,0x0000000000000000,1500,1500,988,1529,988,2012,988,988,988,988,1500,1500,1500,1500,1500,1500,1500,1500,1500,1500,1500,1500,1500,1500,1500,1500,1500,1500,1500,1500,1500,1500,7.4
2000-01-01,00:27:47.930,0.00,0.00,0.00,"",0.0,0.0,0,0,-56,0,99,11,0,9,25,-46,100,12,-2,7,-1024,4,-1,1,-1,-1,-1,-1,0x0000000000000000,1500,1500,988,1529,988,2012,988,988,988,988,1500,1500,1500,1500,1500,1500,1500,1500,1500,1500,1500,1500,1500,1500,1500,1500,1500,1500,1500,1500,1500,1500,7.4
2000-01-01,00:27:48.130,0.00,0.00,0.00,"",0.0,0.0,0,0,-59,0,99,10,0,9,25,-51,100,10,-2,7,-1024,4,-1,1,-1,-1,-1,-1,0x0000000000000000,1500,1500,988,1529,988,2012,988,988,988,988,1500,1500,1500,1500,1500,1500,1500,1500,1500,1500,1500,1500,1500,1500,1500,1500,1500,1500,1500,1500,1500,1500,7.4
2000-01-01,00:27:48.330,0.00,0.00,0.00,"",0.0,0.0,0,0,-59,0,99,10,0,9,25,-51,100,10,-2,7,-1024,3,-1,1,-1,-1,-1,-1,0x0000000000000000,1500,1500,988,1529,988,2012,988,988,988,988,1500,1500,1500,1500,1500,1500,1500,1500,1500,1500,1500,1500,1500,1500,1500,1500,1500,1500,1500,1500,1500,1500,7.4
2000-01-01,00:27:48.530,0.00,0.00,0.00,"",0.0,0.0,0,0,-59,0,99,10,0,9,25,-48,100,11,-1,8,-1024,3,-1,1,-1,-1,-1,-1,0x0000000000000000,1500,1500,988,1530,988,2012,988,988,988,988,1500,1500,1500,1500,1500,1500,1500,1500,1500,1500,1500,1500,1500,1500,1500,1500,1500,1500,1500,1500,1500,1500,7.4
2000-01-01,00:27:48.730,0.00,0.00,0.00,"",0.0,0.0,0,0,-59,0,99,10,0,9,25,-47,100,10,-2,8,-1024,3,-1,1,-1,-1,-1,-1,0x0000000000000000,1500,1500,988,1529,988,2012,988,988,988,988,1500,1500,1500,1500,1500,1500,1500,1500,1500,1500,1500,1500,1500,1500,1500,1500,1500,1500,1500,1500,1500,1500,7.4
2000-01-01,00:27:48.930,0.00,0.00,0.00,"",0.0,0.0,0,0,-59,0,100,11,0,9,25,-47,100,11,-2,7,-1024,3,-1,1,-1,-1,-1,-1,0x0000000000000000,1500,1500,988,1529,988,2012,988,988,988,988,1500,1500,1500,1500,1500,1500,1500,1500,1500,1500,1500,1500,1500,1500,1500,1500,1500,1500,1500,1500,1500,1500,7.4
2000-01-01,00:27:49.130,0.00,0.00,0.00,"",0.0,0.0,0,0,-59,0,100,10,0,9,25,-51,100,11,-2,8,-1024,3,-1,1,-1,-1,-1,-1,0x0000000000000000,1500,1500,988,1529,988,2012,988,988,988,988,1500,1500,1500,1500,1500,1500,1500,1500,1500,1500,1500,1500,1500,1500,1500,1500,1500,1500,1500,1500,1500,1500,7.4
2000-01-01,00:27:49.330,0.00,0.00,0.00,"",0.0,0.0,0,0,-59,0,100,10,0,9,25,-50,100,10,-2,7,-1024,3,-1,1,-1,-1,-1,-1,0x0000000000000000,1500,1500,988,1529,988,2012,988,988,988,988,1500,1500,1500,1500,1500,1500,1500,1500,1500,1500,1500,1500,1500,1500,1500,1500,1500,1500,1500,1500,1500,1500,7.4
2000-01-01,00:27:49.530,0.00,0.00,0.00,"",0.0,0.0,0,0,-59,0,100,10,0,9,25,-50,100,10,-2,7,-1024,3,-1,1,-1,-1,-1,-1,0x0000000000000000,1500,1500,988,1529,988,2012,988,988,988,988,1500,1500,1500,1500,1500,1500,1500,1500,1500,1500,1500,1500,1500,1500,1500,1500,1500,1500,1500,1500,1500,1500,7.4
2000-01-01,00:27:49.730,0.00,0.00,0.00,"",0.0,0.0,0,0,-59,0,100,10,0,9,25,-46,100,10,-2,8,-1024,3,-1,1,-1,-1,-1,-1,0x0000000000000000,1500,1500,988,1529,988,2012,988,988,988,988,1500,1500,1500,1500,1500,1500,1500,1500,1500,1500,1500,1500,1500,1500,1500,1500,1500,1500,1500,1500,1500,1500,7.4
2000-01-01,00:27:49.930,0.00,0.00,0.00,"",0.0,0.0,0,0,-58,0,100,10,0,9,25,-46,100,10,-2,8,-1024,3,-1,1,-1,-1,-1,-1,0x0000000000000000,1500,1500,988,1529,988,2012,988,988,988,988,1500,1500,1500,1500,1500,1500,1500,1500,1500,1500,1500,1500,1500,1500,1500,1500,1500,1500,1500,1500,1500,1500,7.4
2000-01-01,00:27:50.130,0.00,0.00,0.00,"",0.0,0.0,0,0,-58,0,100,11,0,9,25,-47,100,10,-2,8,-1024,3,-1,1,-1,-1,-1,-1,0x0000000000000000,1500,1500,988,1529,988,2012,988,988,988,988,1500,1500,1500,1500,1500,1500,1500,1500,1500,1500,1500,1500,1500,1500,1500,1500,1500,1500,1500,1500,1500,1500,7.4
2000-01-01,00:27:50.330,0.00,0.00,0.00,"",0.0,0.0,0,0,-59,0,100,10,0,9,25,-47,100,10,-2,7,-1024,2,-1,1,-1,-1,-1,-1,0x0000000000000000,1500,1500,988,1529,988,2012,988,988,988,988,1500,1500,1500,1500,1500,1500,1500,1500,1500,1500,1500,1500,1500,1500,1500,1500,1500,1500,1500,1500,1500,1500,7.4
2000-01-01,00:27:50.530,0.00,0.00,0.00,"",0.0,0.0,0,0,-59,0,100,10,0,9,25,-46,100,11,-2,8,-1024,3,-1,1,-1,-1,-1,-1,0x0000000000000000,1500,1500,988,1529,988,2012,988,988,988,988,1500,1500,1500,1500,1500,1500,1500,1500,1500,1500,1500,1500,1500,1500,1500,1500,1500,1500,1500,1500,1500,1500,7.4
2000-01-01,00:27:50.730,0.00,0.00,0.00,"",0.0,0.0,0,0,-59,0,100,10,0,9,25,-46,100,11,-3,8,-1024,3,-1,1,-1,-1,-1,-1,0x0000000000000000,1500,1500,988,1529,988,2012,988,988,988,988,1500,1500,1500,1500,1500,1500,1500,1500,1500,1500,1500,1500,1500,1500,1500,1500,1500,1500,1500,1500,1500,1500,7.4
2000-01-01,00:27:50.930,0.00,0.00,0.00,"",0.0,0.0,0,0,-59,0,100,10,0,9,25,-48,100,10,-2,8,-1024,3,-1,1,-1,-1,-1,-1,0x0000000000000000,1500,1500,988,1529,988,2012,988,988,988,988,1500,1500,1500,1500,1500,1500,1500,1500,1500,1500,1500,1500,1500,1500,1500,1500,1500,1500,1500,1500,1500,1500,7.4
2000-01-01,00:27:51.130,0.00,0.00,0.00,"",0.0,0.0,0,0,-59,0,100,11,0,9,25,-52,100,10,-2,8,-1024,3,-1,1,-1,-1,-1,-1,0x0000000000000000,1500,1500,988,1529,988,2012,988,988,988,988,1500,1500,1500,1500,1500,1500,1500,1500,1500,1500,1500,1500,1500,1500,1500,1500,1500,1500,1500,1500,1500,1500,7.4
2000-01-01,00:27:51.330,0.00,0.00,0.00,"",0.0,0.0,0,0,-59,0,100,10,0,9,25,-50,100,12,-2,7,-1024,2,-1,1,-1,-1,-1,-1,0x0000000000000000,1500,1500,988,1529,988,2012,988,988,988,988,1500,1500,1500,1500,1500,1500,1500,1500,1500,1500,1500,1500,1500,1500,1500,1500,1500,1500,1500,1500,1500,1500,7.4
2000-01-01,00:27:51.530,0.00,0.00,0.00,"",0.0,0.0,0,0,-59,0,100,10,0,9,25,-46,100,11,-2,8,-1024,3,-1,1,-1,-1,-1,-1,0x0000000000000000,1500,1500,988,1529,988,2012,988,988,988,988,1500,1500,1500,1500,1500,1500,1500,1500,1500,1500,1500,1500,1500,1500,1500,1500,1500,1500,1500,1500,1500,1500,7.4
2000-01-01,00:27:51.730,0.00,0.00,0.00,"",0.0,0.0,0,0,-59,0,100,10,0,9,25,-46,100,9,-2,8,-1024,3,-1,1,-1,-1,-1,-1,0x0000000000000000,1500,1500,988,1529,988,2012,988,988,988,988,1500,1500,1500,1500,1500,1500,1500,1500,1500,1500,1500,1500,1500,1500,1500,1500,1500,1500,1500,1500,1500,1500,7.4
2000-01-01,00:27:51.930,0.00,0.00,0.00,"",0.0,0.0,0,0,-59,0,100,10,0,9,25,-46,100,9,-2,8,-1024,3,-1,1,-1,-1,-1,-1,0x0000000000000000,1500,1500,988,1529,988,2012,988,988,988,988,1500,1500,1500,1500,1500,1500,1500,1500,1500,1500,1500,1500,1500,1500,1500,1500,1500,1500,1500,1500,1500,1500,7.4
2000-01-01,00:27:52.130,0.00,0.00,0.00,"",0.0,0.0,0,0,-59,0,99,10,0,9,25,-47,100,11,-2,7,-1024,2,-1,1,-1,-1,-1,-1,0x0000000000000000,1500,1500,988,1529,988,2012,988,988,988,988,1500,1500,1500,1500,1500,1500,1500,1500,1500,1500,1500,1500,1500,1500,1500,1500,1500,1500,1500,1500,1500,1500,7.4
2000-01-01,00:27:52.330,0.00,0.00,0.00,"",0.0,0.0,0,0,-58,0,99,10,0,9,25,-46,100,10,-2,8,-1024,3,-1,1,-1,-1,-1,-1,0x0000000000000000,1500,1500,988,1529,988,2012,988,988,988,988,1500,1500,1500,1500,1500,1500,1500,1500,1500,1500,1500,1500,1500,1500,1500,1500,1500,1500,1500,1500,1500,1500,7.4
2000-01-01,00:27:52.530,0.00,0.00,0.00,"",0.0,0.0,0,0,-59,0,100,11,0,9,25,-47,100,11,-2,8,-1024,2,-1,1,-1,-1,-1,-1,0x0000000000000000,1500,1500,988,1529,988,2012,988,988,988,988,1500,1500,1500,1500,1500,1500,1500,1500,1500,1500,1500,1500,1500,1500,1500,1500,1500,1500,1500,1500,1500,1500,7.4
2000-01-01,00:27:52.730,0.00,0.00,0.00,"",0.0,0.0,0,0,-59,0,100,10,0,9,25,-47,100,10,-2,8,-1024,3,-1,1,-1,-1,-1,-1,0x0000000000000000,1500,1500,988,1529,988,2012,988,988,988,988,1500,1500,1500,1500,1500,1500,1500,1500,1500,1500,1500,1500,1500,1500,1500,1500,1500,1500,1500,1500,1500,1500,7.4
2000-01-01,00:27:52.930,0.00,0.00,0.00,"",0.0,0.0,0,0,-59,0,100,10,0,9,25,-51,100,11,-2,8,-1024,3,-1,1,-1,-1,-1,-1,0x0000000000000000,1500,1500,988,1529,988,2012,988,988,988,988,1500,1500,1500,1500,1500,1500,1500,1500,1500,1500,1500,1500,1500,1500,1500,1500,1500,1500,1500,1500,1500,1500,7.4
2000-01-01,00:27:53.130,0.00,0.00,0.00,"",0.0,0.0,0,0,-59,0,100,10,0,9,25,-51,100,11,-2,8,-1024,2,-1,1,-1,-1,-1,-1,0x0000000000000000,1500,1500,988,1529,988,2012,988,988,988,988,1500,1500,1500,1500,1500,1500,1500,1500,1500,1500,1500,1500,1500,1500,1500,1500,1500,1500,1500,1500,1500,1500,7.5
2000-01-01,00:27:53.330,0.00,0.00,0.00,"",0.0,0.0,0,0,-59,0,100,10,0,9,25,-50,100,11,-2,8,-1024,3,-1,1,-1,-1,-1,-1,0x0000000000000000,1500,1500,988,1529,988,2012,988,988,988,988,1500,1500,1500,1500,1500,1500,1500,1500,1500,1500,1500,1500,1500,1500,1500,1500,1500,1500,1500,1500,1500,1500,7.5
2000-01-01,00:27:53.530,0.00,0.00,0.00,"",0.0,0.0,0,0,-59,0,100,11,0,9,25,-47,100,10,-1,8,-1024,2,-1,1,-1,-1,-1,-1,0x0000000000000000,1500,1500,988,1530,988,2012,988,988,988,988,1500,1500,1500,1500,1500,1500,1500,1500,1500,1500,1500,1500,1500,1500,1500,1500,1500,1500,1500,1500,1500,1500,7.5
2000-01-01,00:27:53.730,0.00,0.00,0.00,"",0.0,0.0,0,0,-59,0,100,10,0,9,25,-46,100,11,-2,7,-1024,3,-1,1,-1,-1,-1,-1,0x0000000000000000,1500,1500,988,1529,988,2012,988,988,988,988,1500,1500,1500,1500,1500,1500,1500,1500,1500,1500,1500,1500,1500,1500,1500,1500,1500,1500,1500,1500,1500,1500,7.5
2000-01-01,00:27:53.930,0.00,0.00,0.00,"",0.0,0.0,0,0,-59,0,100,11,0,9,25,-48,100,11,-3,8,-1024,3,-1,1,-1,-1,-1,-1,0x0000000000000000,1500,1500,988,1529,988,2012,988,988,988,988,1500,1500,1500,1500,1500,1500,1500,1500,1500,1500,1500,1500,1500,1500,1500,1500,1500,1500,1500,1500,1500,1500,7.5
2000-01-01,00:27:54.130,0.00,0.00,0.00,"",0.0,0.0,0,0,-59,0,100,10,0,9,25,-46,100,10,-2,8,-1024,2,-1,1,-1,-1,-1,-1,0x0000000000000000,1500,1500,988,1529,988,2012,988,988,988,988,1500,1500,1500,1500,1500,1500,1500,1500,1500,1500,1500,1500,1500,1500,1500,1500,1500,1500,1500,1500,1500,1500,7.5
2000-01-01,00:27:54.330,0.00,0.00,0.00,"",0.0,0.0,0,0,-59,0,100,10,0,9,25,-46,100,10,-2,7,-1024,3,-1,1,-1,-1,-1,-1,0x0000000000000000,1500,1500,988,1529,988,2012,988,988,988,988,1500,1500,1500,1500,1500,1500,1500,1500,1500,1500,1500,1500,1500,1500,1500,1500,1500,1500,1500,1500,1500,1500,7.5
2000-01-01,00:27:54.530,0.00,0.00,0.00,"",0.0,0.0,0,0,-59,0,100,10,0,9,25,-47,100,9,-2,7,-1024,3,-1,1,-1,-1,-1,-1,0x0000000000000000,1500,1500,988,1529,988,2012,988,988,988,988,1500,1500,1500,1500,1500,1500,1500,1500,1500,1500,1500,1500,1500,1500,1500,1500,1500,1500,1500,1500,1500,1500,7.5
2000-01-01,00:27:54.730,0.00,0.00,0.00,"",0.0,0.0,0,0,-59,0,100,10,0,9,25,-47,100,12,-2,7,-1024,3,-1,1,-1,-1,-1,-1,0x0000000000000000,1500,1500,988,1529,988,2012,988,988,988,988,1500,1500,1500,1500,1500,1500,1500,1500,1500,1500,1500,1500,1500,1500,1500,1500,1500,1500,1500,1500,1500,1500,7.5
2000-01-01,00:27:54.930,0.00,0.00,0.00,"",0.0,0.0,0,0,-59,0,100,9,0,9,25,-52,100,9,-2,8,-1024,3,-1,1,-1,-1,-1,-1,0x0000000000000000,1500,1500,988,1529,988,2012,988,988,988,988,1500,1500,1500,1500,1500,1500,1500,1500,1500,1500,1500,1500,1500,1500,1500,1500,1500,1500,1500,1500,1500,1500,7.5
2000-01-01,00:27:55.130,0.00,0.00,0.00,"",0.0,0.0,0,0,-59,0,100,10,0,9,25,-50,100,10,-3,8,-1024,3,-1,1,-1,-1,-1,-1,0x0000000000000000,1500,1500,988,1529,988,2012,988,988,988,988,1500,1500,1500,1500,1500,1500,1500,1500,1500,1500,1500,1500,1500,1500,1500,1500,1500,1500,1500,1500,1500,1500,7.5
2000-01-01,00:27:55.330,0.00,0.00,0.00,"",0.0,0.0,0,0,-59,0,100,10,0,9,25,-47,100,11,-2,8,-1024,3,-1,1,-1,-1,-1,-1,0x0000000000000000,1500,1500,988,1529,988,2012,988,988,988,988,1500,1500,1500,1500,1500,1500,1500,1500,1500,1500,1500,1500,1500,1500,1500,1500,1500,1500,1500,1500,1500,1500,7.5
2000-01-01,00:27:55.530,0.00,0.00,0.00,"",0.0,0.0,0,0,-59,0,100,10,0,9,25,-47,100,11,-2,8,-1024,3,-1,1,-1,-1,-1,-1,0x0000000000000000,1500,1500,988,1529,988,2012,988,988,988,988,1500,1500,1500,1500,1500,1500,1500,1500,1500,1500,1500,1500,1500,1500,1500,1500,1500,1500,1500,1500,1500,1500,7.5
2000-01-01,00:27:55.730,0.00,0.00,0.00,"",0.0,0.0,0,0,-60,0,100,10,0,9,25,-47,100,11,-2,8,-1024,2,-1,1,-1,-1,-1,-1,0x0000000000000000,1500,1500,988,1529,988,2012,988,988,988,988,1500,1500,1500,1500,1500,1500,1500,1500,1500,1500,1500,1500,1500,1500,1500,1500,1500,1500,1500,1500,1500,1500,7.5
2000-01-01,00:27:55.930,0.00,0.00,0.00,"",0.0,0.0,0,0,-65,0,99,10,0,9,25,-52,100,11,-2,7,-1024,3,-1,1,-1,-1,-1,-1,0x0000000000000000,1500,1500,988,1529,988,2012,988,988,988,988,1500,1500,1500,1500,1500,1500,1500,1500,1500,1500,1500,1500,1500,1500,1500,1500,1500,1500,1500,1500,1500,1500,7.5
2000-01-01,00:27:56.130,0.00,0.00,0.00,"",0.0,0.0,0,0,-65,0,98,10,0,9,25,-50,100,10,-2,8,-1024,3,-1,1,-1,-1,-1,-1,0x0000000000000000,1500,1500,988,1529,988,2012,988,988,988,988,1500,1500,1500,1500,1500,1500,1500,1500,1500,1500,1500,1500,1500,1500,1500,1500,1500,1500,1500,1500,1500,1500,7.5
2000-01-01,00:27:56.330,0.00,0.00,0.00,"",0.0,0.0,0,0,-63,0,97,11,0,9,25,-51,100,10,-2,8,-1024,3,-1,1,-1,-1,-1,-1,0x0000000000000000,1500,1500,988,1529,988,2012,988,988,988,988,1500,1500,1500,1500,1500,1500,1500,1500,1500,1500,1500,1500,1500,1500,1500,1500,1500,1500,1500,1500,1500,1500,7.5
2000-01-01,00:27:56.530,0.00,0.00,0.00,"",0.0,0.0,0,0,-63,0,100,10,0,9,25,-50,100,11,-2,8,-1024,4,-1,1,-1,-1,-1,-1,0x0000000000000000,1500,1500,988,1529,988,2012,988,988,988,988,1500,1500,1500,1500,1500,1500,1500,1500,1500,1500,1500,1500,1500,1500,1500,1500,1500,1500,1500,1500,1500,1500,7.5
2000-01-01,00:27:56.730,0.00,0.00,0.00,"",0.0,0.0,0,0,-63,0,100,10,0,9,25,-50,100,11,-2,14,-1024,-2,-1,1,-1,-1,-1,-1,0x0000000000000000,1500,1500,988,1529,988,2012,988,988,988,988,1500,1500,1500,1500,1500,1500,1500,1500,1500,1500,1500,1500,1500,1500,1500,1500,1500,1500,1500,1500,1500,1500,7.5
2000-01-01,00:27:56.930,0.00,0.00,0.00,"",0.0,0.0,0,0,-64,0,100,10,0,9,25,-54,100,12,-2,4,-1024,3,-1,1,-1,-1,-1,-1,0x0000000000000000,1500,1500,988,1529,988,2012,988,988,988,988,1500,1500,1500,1500,1500,1500,1500,1500,1500,1500,1500,1500,1500,1500,1500,1500,1500,1500,1500,1500,1500,1500,7.5
2000-01-01,00:27:57.130,0.00,0.00,0.00,"",0.0,0.0,0,0,-65,0,100,10,0,9,25,-55,100,10,-2,2,-1024,2,1,1,-1,-1,-1,-1,0x0000000000000000,1500,1500,988,1529,2012,2012,988,988,988,988,1500,1500,1500,1500,1500,1500,1500,1500,1500,1500,1500,1500,1500,1500,1500,1500,1500,1500,1500,1500,1500,1500,7.5
2000-01-01,00:27:57.330,0.00,0.00,0.00,"",0.0,0.0,0,0,-66,0,100,9,0,9,25,-55,100,11,-2,2,-1024,3,1,1,-1,-1,-1,-1,0x0000000000000000,1500,1500,988,1529,2012,2012,988,988,988,988,1500,1500,1500,1500,1500,1500,1500,1500,1500,1500,1500,1500,1500,1500,1500,1500,1500,1500,1500,1500,1500,1500,7.5
2000-01-01,00:27:57.530,0.00,0.00,0.00,"",0.0,0.0,0,0,-66,0,99,10,0,9,25,-54,100,11,-2,2,-1024,4,1,1,-1,-1,-1,-1,0x0000000000000000,1500,1500,988,1529,2012,2012,988,988,988,988,1500,1500,1500,1500,1500,1500,1500,1500,1500,1500,1500,1500,1500,1500,1500,1500,1500,1500,1500,1500,1500,1500,7.5
2000-01-01,00:27:57.730,0.00,0.00,0.00,"",0.0,0.0,0,0,-65,0,99,11,0,9,25,-52,100,11,-2,5,-1024,3,1,1,-1,-1,-1,-1,0x0000000000000000,1500,1500,988,1529,2012,2012,988,988,988,988,1500,1500,1500,1500,1500,1500,1500,1500,1500,1500,1500,1500,1500,1500,1500,1500,1500,1500,1500,1500,1500,1500,7.5
2000-01-01,00:27:57.930,0.00,0.00,0.00,"",0.0,0.0,0,0,-65,0,99,11,0,9,25,-52,100,11,-2,6,-1024,4,1,1,-1,-1,-1,-1,0x0000000000000000,1500,1500,988,1529,2012,2012,988,988,988,988,1500,1500,1500,1500,1500,1500,1500,1500,1500,1500,1500,1500,1500,1500,1500,1500,1500,1500,1500,1500,1500,1500,7.5
2000-01-01,00:27:58.130,0.00,0.00,0.00,"",0.0,0.0,0,0,-64,0,100,9,0,9,25,-51,100,10,-3,8,-1024,4,1,1,-1,-1,-1,-1,0x0000000000000000,1500,1500,988,1529,2012,2012,988,988,988,988,1500,1500,1500,1500,1500,1500,1500,1500,1500,1500,1500,1500,1500,1500,1500,1500,1500,1500,1500,1500,1500,1500,7.5
2000-01-01,00:27:58.330,0.00,0.00,0.00,"",0.0,0.0,0,0,-64,0,97,10,0,9,25,-50,100,9,-2,8,-1024,3,1,1,-1,-1,-1,-1,0x0000000000000000,1500,1500,988,1529,2012,2012,988,988,988,988,1500,1500,1500,1500,1500,1500,1500,1500,1500,1500,1500,1500,1500,1500,1500,1500,1500,1500,1500,1500,1500,1500,7.5
2000-01-01,00:27:58.530,0.00,0.00,0.00,"",0.0,0.0,0,0,-62,0,98,10,0,9,25,-50,100,12,-2,8,-1024,3,1,1,-1,-1,-1,-1,0x0000000000000000,1500,1500,988,1529,2012,2012,988,988,988,988,1500,1500,1500,1500,1500,1500,1500,1500,1500,1500,1500,1500,1500,1500,1500,1500,1500,1500,1500,1500,1500,1500,7.5
2000-01-01,00:27:58.730,0.00,0.00,0.00,"",0.0,0.0,0,0,-63,0,99,10,0,9,25,-52,100,11,-3,8,-1024,3,1,1,-1,-1,-1,-1,0x0000000000000000,1500,1500,988,1529,2012,2012,988,988,988,988,1500,1500,1500,1500,1500,1500,1500,1500,1500,1500,1500,1500,1500,1500,1500,1500,1500,1500,1500,1500,1500,1500,7.5
2000-01-01,00:27:58.930,0.00,0.00,0.00,"",0.0,0.0,0,0,-62,0,99,10,0,9,25,-49,100,12,-106,7,-1024,3,1,1,-1,-1,-1,-1,0x0000000000000000,1500,1500,988,1497,2012,2012,988,988,988,988,1500,1500,1500,1500,1500,1500,1500,1500,1500,1500,1500,1500,1500,1500,1500,1500,1500,1500,1500,1500,1500,1500,7.5
2000-01-01,00:27:59.130,0.00,0.00,0.00,"",0.0,0.0,0,0,-62,0,99,10,0,9,25,-49,100,12,-4,7,-1024,3,1,1,-1,-1,-1,-1,0x0000000000000000,1500,1500,988,1528,2012,2012,988,988,988,988,1500,1500,1500,1500,1500,1500,1500,1500,1500,1500,1500,1500,1500,1500,1500,1500,1500,1500,1500,1500,1500,1500,7.5
2000-01-01,00:27:59.330,0.00,0.00,0.00,"",0.0,0.0,0,0,-60,0,100,11,0,9,25,-47,100,11,-3,8,-1024,3,1,1,-1,-1,-1,-1,0x0000000000000000,1500,1500,988,1529,2012,2012,988,988,988,988,1500,1500,1500,1500,1500,1500,1500,1500,1500,1500,1500,1500,1500,1500,1500,1500,1500,1500,1500,1500,1500,1500,7.5
2000-01-01,00:27:59.530,0.00,0.00,0.00,"",0.0,0.0,0,0,-60,0,100,10,0,9,25,-47,100,10,-2,7,-1024,3,1,1,-1,-1,-1,-1,0x0000000000000000,1500,1500,988,1529,2012,2012,988,988,988,988,1500,1500,1500,1500,1500,1500,1500,1500,1500,1500,1500,1500,1500,1500,1500,1500,1500,1500,1500,1500,1500,1500,7.5
2000-01-01,00:27:59.730,0.00,0.00,0.00,"",0.0,0.0,0,0,-59,0,100,9,0,9,25,-48,100,11,-2,7,-1024,2,1,1,-1,-1,-1,-1,0x0000000000000000,1500,1500,988,1529,2012,2012,988,988,988,988,1500,1500,1500,1500,1500,1500,1500,1500,1500,1500,1500,1500,1500,1500,1500,1500,1500,1500,1500,1500,1500,1500,7.5
2000-01-01,00:27:59.930,0.00,0.00,0.00,"",0.0,0.0,0,0,-59,0,100,10,0,9,25,-47,100,11,-2,8,-1024,3,1,1,-1,-1,-1,-1,0x0000000000000000,1500,1500,988,1529,2012,2012,988,988,988,988,1500,1500,1500,1500,1500,1500,1500,1500,1500,1500,1500,1500,1500,1500,1500,1500,1500,1500,1500,1500,1500,1500,7.5
2000-01-01,00:28:00.130,0.00,0.00,0.00,"",0.0,0.0,0,0,-60,0,100,10,0,9,25,-48,100,11,-2,8,-1024,3,1,1,-1,-1,-1,-1,0x0000000000000000,1500,1500,988,1529,2012,2012,988,988,988,988,1500,1500,1500,1500,1500,1500,1500,1500,1500,1500,1500,1500,1500,1500,1500,1500,1500,1500,1500,1500,1500,1500,7.5
2000-01-01,00:28:00.330,0.00,0.00,0.00,"",0.0,0.0,0,0,-60,0,100,10,0,9,25,-48,100,11,-2,7,-1024,3,1,1,-1,-1,-1,-1,0x0000000000000000,1500,1500,988,1529,2012,2012,988,988,988,988,1500,1500,1500,1500,1500,1500,1500,1500,1500,1500,1500,1500,1500,1500,1500,1500,1500,1500,1500,1500,1500,1500,7.5
2000-01-01,00:28:00.530,0.00,0.00,0.00,"",0.0,0.0,0,0,-60,0,100,10,0,9,25,-48,100,11,-2,8,-1024,4,1,1,-1,-1,-1,-1,0x0000000000000000,1500,1500,988,1529,2012,2012,988,988,988,988,1500,1500,1500,1500,1500,1500,1500,1500,1500,1500,1500,1500,1500,1500,1500,1500,1500,1500,1500,1500,1500,1500,7.5
2000-01-01,00:28:00.730,0.00,0.00,0.00,"",0.0,0.0,0,0,-60,0,100,10,0,9,25,-50,100,10,-2,8,-1024,3,1,1,-1,-1,-1,-1,0x0000000000000000,1500,1500,988,1529,2012,2012,988,988,988,988,1500,1500,1500,1500,1500,1500,1500,1500,1500,1500,1500,1500,1500,1500,1500,1500,1500,1500,1500,1500,1500,1500,7.5
2000-01-01,00:28:00.930,0.00,0.00,0.00,"",0.0,0.0,0,0,-60,0,100,9,0,9,25,-49,100,10,-2,8,-1024,3,1,1,-1,-1,-1,-1,0x0000000000000000,1500,1500,988,1529,2012,2012,988,988,988,988,1500,1500,1500,1500,1500,1500,1500,1500,1500,1500,1500,1500,1500,1500,1500,1500,1500,1500,1500,1500,1500,1500,7.5
2000-01-01,00:28:01.130,0.00,0.00,0.00,"",0.0,0.0,0,0,-60,0,100,10,0,9,25,-48,100,9,-2,8,-1024,3,1,1,-1,-1,-1,-1,0x0000000000000000,1500,1500,988,1529,2012,2012,988,988,988,988,1500,1500,1500,1500,1500,1500,1500,1500,1500,1500,1500,1500,1500,1500,1500,1500,1500,1500,1500,1500,1500,1500,7.5
2000-01-01,00:28:01.330,0.00,0.00,0.00,"",0.0,0.0,0,0,-60,0,100,11,0,9,25,-48,100,11,-2,9,-1024,3,1,1,-1,-1,-1,-1,0x0000000000000000,1500,1500,988,1529,2012,2012,988,988,988,988,1500,1500,1500,1500,1500,1500,1500,1500,1500,1500,1500,1500,1500,1500,1500,1500,1500,1500,1500,1500,1500,1500,7.5
2000-01-01,00:28:01.530,0.00,0.00,0.00,"",0.0,0.0,0,0,-60,0,100,11,0,9,25,-48,100,11,-3,8,-1024,4,1,1,-1,-1,-1,-1,0x0000000000000000,1500,1500,988,1529,2012,2012,988,988,988,988,1500,1500,1500,1500,1500,1500,1500,1500,1500,1500,1500,1500,1500,1500,1500,1500,1500,1500,1500,1500,1500,1500,7.5
2000-01-01,00:28:01.730,0.00,0.00,0.00,"",0.0,0.0,0,0,-60,0,100,10,0,9,25,-49,100,11,-2,8,-1024,3,1,1,-1,-1,-1,-1,0x0000000000000000,1500,1500,988,1529,2012,2012,988,988,988,988,1500,1500,1500,1500,1500,1500,1500,1500,1500,1500,1500,1500,1500,1500,1500,1500,1500,1500,1500,1500,1500,1500,7.5
2000-01-01,00:28:01.930,0.00,0.00,0.00,"",0.0,0.0,0,0,-60,0,100,9,0,9,25,-48,100,10,-3,8,-1024,3,1,1,-1,-1,-1,-1,0x0000000000000000,1500,1500,988,1529,2012,2012,988,988,988,988,1500,1500,1500,1500,1500,1500,1500,1500,1500,1500,1500,1500,1500,1500,1500,1500,1500,1500,1500,1500,1500,1500,7.5
2000-01-01,00:28:02.130,0.00,0.00,0.00,"",0.0,0.0,0,0,-61,0,100,10,0,9,25,-48,100,10,-2,8,-1024,3,1,1,-1,-1,-1,-1,0x0000000000000000,1500,1500,988,1529,2012,2012,988,988,988,988,1500,1500,1500,1500,1500,1500,1500,1500,1500,1500,1500,1500,1500,1500,1500,1500,1500,1500,1500,1500,1500,1500,7.5
2000-01-01,00:28:02.330,0.00,0.00,0.00,"",0.0,0.0,0,0,-60,0,99,10,0,9,25,-48,100,10,-3,8,-1024,3,1,1,-1,-1,-1,-1,0x0000000000000000,1500,1500,988,1529,2012,2012,988,988,988,988,1500,1500,1500,1500,1500,1500,1500,1500,1500,1500,1500,1500,1500,1500,1500,1500,1500,1500,1500,1500,1500,1500,7.5
2000-01-01,00:28:02.530,0.00,0.00,0.00,"",0.0,0.0,0,0,-60,0,99,10,0,9,25,-49,100,11,-2,7,-1024,3,1,1,-1,-1,-1,-1,0x0000000000000000,1500,1500,988,1529,2012,2012,988,988,988,988,1500,1500,1500,1500,1500,1500,1500,1500,1500,1500,1500,1500,1500,1500,1500,1500,1500,1500,1500,1500,1500,1500,7.5
2000-01-01,00:28:02.730,0.00,0.00,0.00,"",0.0,0.0,0,0,-60,0,99,10,0,9,25,-49,100,11,-2,8,-1024,4,1,1,-1,-1,-1,-1,0x0000000000000000,1500,1500,988,1529,2012,2012,988,988,988,988,1500,1500,1500,1500,1500,1500,1500,1500,1500,1500,1500,1500,1500,1500,1500,1500,1500,1500,1500,1500,1500,1500,7.5
2000-01-01,00:28:02.930,0.00,0.00,0.00,"",0.0,0.0,0,0,-60,0,99,9,0,9,25,-50,100,11,-2,8,-1024,3,1,1,-1,-1,-1,-1,0x0000000000000000,1500,1500,988,1529,2012,2012,988,988,988,988,1500,1500,1500,1500,1500,1500,1500,1500,1500,1500,1500,1500,1500,1500,1500,1500,1500,1500,1500,1500,1500,1500,7.5
2000-01-01,00:28:03.130,0.00,0.00,0.00,"",0.0,0.0,0,0,-60,0,99,10,0,9,25,-48,100,10,-2,8,-1024,3,1,1,-1,-1,-1,-1,0x0000000000000000,1500,1500,988,1529,2012,2012,988,988,988,988,1500,1500,1500,1500,1500,1500,1500,1500,1500,1500,1500,1500,1500,1500,1500,1500,1500,1500,1500,1500,1500,1500,7.5
2000-01-01,00:28:03.330,0.00,0.00,0.00,"",0.0,0.0,0,0,-60,0,100,10,0,9,25,-47,100,11,-2,8,-1024,3,1,1,-1,-1,-1,-1,0x0000000000000000,1500,1500,988,1529,2012,2012,988,988,988,988,1500,1500,1500,1500,1500,1500,1500,1500,1500,1500,1500,1500,1500,1500,1500,1500,1500,1500,1500,1500,1500,1500,7.5
2000-01-01,00:28:03.530,0.00,0.00,0.00,"",0.0,0.0,0,0,-60,0,100,8,0,9,25,-49,100,11,-2,8,-1024,3,1,1,-1,-1,-1,-1,0x0000000000000000,1500,1500,988,1529,2012,2012,988,988,988,988,1500,1500,1500,1500,1500,1500,1500,1500,1500,1500,1500,1500,1500,1500,1500,1500,1500,1500,1500,1500,1500,1500,7.5
2000-01-01,00:28:03.730,0.00,0.00,0.00,"",0.0,0.0,0,0,-60,0,98,11,0,9,25,-47,100,11,-2,8,-1024,3,1,1,-1,-1,-1,-1,0x0000000000000000,1500,1500,988,1529,2012,2012,988,988,988,988,1500,1500,1500,1500,1500,1500,1500,1500,1500,1500,1500,1500,1500,1500,1500,1500,1500,1500,1500,1500,1500,1500,7.5
2000-01-01,00:28:03.930,0.00,0.00,0.00,"",0.0,0.0,0,0,-60,0,98,11,0,9,25,-47,100,11,-2,7,-1024,3,1,1,-1,-1,-1,-1,0x0000000000000000,1500,1500,988,1529,2012,2012,988,988,988,988,1500,1500,1500,1500,1500,1500,1500,1500,1500,1500,1500,1500,1500,1500,1500,1500,1500,1500,1500,1500,1500,1500,7.5
2000-01-01,00:28:04.130,0.00,0.00,0.00,"",0.0,0.0,0,0,-61,0,98,10,0,9,25,-48,100,10,-2,8,-1024,3,1,1,-1,-1,-1,-1,0x0000000000000000,1500,1500,988,1529,2012,2012,988,988,988,988,1500,1500,1500,1500,1500,1500,1500,1500,1500,1500,1500,1500,1500,1500,1500,1500,1500,1500,1500,1500,1500,1500,7.5
2000-01-01,00:28:04.330,0.00,0.00,0.00,"",0.0,0.0,0,0,-60,0,99,1,0,9,500,-49,100,8,-3,7,-1024,2,1,1,-1,-1,-1,-1,0x0000000000000000,1500,1500,988,1529,2012,2012,988,988,988,988,1500,1500,1500,1500,1500,1500,1500,1500,1500,1500,1500,1500,1500,1500,1500,1500,1500,1500,1500,1500,1500,1500,7.5
2000-01-01,00:28:04.530,0.00,0.00,0.00,"",0.0,0.0,0,0,-60,0,98,10,0,9,25,-49,100,10,-2,8,-1024,4,1,1,-1,-1,-1,-1,0x0000000000000000,1500,1500,988,1529,2012,2012,988,988,988,988,1500,1500,1500,1500,1500,1500,1500,1500,1500,1500,1500,1500,1500,1500,1500,1500,1500,1500,1500,1500,1500,1500,7.5
2000-01-01,00:28:04.730,0.00,0.00,0.00,"",0.0,0.0,0,0,-60,0,100,11,0,9,25,-50,100,9,-2,7,-1024,3,1,1,-1,-1,-1,-1,0x0000000000000000,1500,1500,988,1529,2012,2012,988,988,988,988,1500,1500,1500,1500,1500,1500,1500,1500,1500,1500,1500,1500,1500,1500,1500,1500,1500,1500,1500,1500,1500,1500,7.5
2000-01-01,00:28:04.930,0.00,0.00,0.00,"",0.0,0.0,0,0,-60,0,100,10,0,9,25,-48,100,11,-3,8,-1024,3,1,1,-1,-1,-1,-1,0x0000000000000000,1500,1500,988,1529,2012,2012,988,988,988,988,1500,1500,1500,1500,1500,1500,1500,1500,1500,1500,1500,1500,1500,1500,1500,1500,1500,1500,1500,1500,1500,1500,7.5
2000-01-01,00:28:05.130,0.00,0.00,0.00,"",0.0,0.0,0,0,-60,0,100,10,0,9,25,-48,100,11,-2,8,-1024,3,1,1,-1,-1,-1,-1,0x0000000000000000,1500,1500,988,1529,2012,2012,988,988,988,988,1500,1500,1500,1500,1500,1500,1500,1500,1500,1500,1500,1500,1500,1500,1500,1500,1500,1500,1500,1500,1500,1500,7.5
2000-01-01,00:28:05.330,0.00,0.00,0.00,"",0.0,0.0,0,0,-60,0,99,9,0,9,25,-47,100,10,-2,8,-1024,3,1,1,-1,-1,-1,-1,0x0000000000000000,1500,1500,988,1529,2012,2012,988,988,988,988,1500,1500,1500,1500,1500,1500,1500,1500,1500,1500,1500,1500,1500,1500,1500,1500,1500,1500,1500,1500,1500,1500,7.5
2000-01-01,00:28:05.530,0.00,0.00,0.00,"",0.0,0.0,0,0,-60,0,99,11,0,9,25,-50,100,10,-2,8,-1024,3,1,1,-1,-1,-1,-1,0x0000000000000000,1500,1500,988,1529,2012,2012,988,988,988,988,1500,1500,1500,1500,1500,1500,1500,1500,1500,1500,1500,1500,1500,1500,1500,1500,1500,1500,1500,1500,1500,1500,7.5
2000-01-01,00:28:05.730,0.00,0.00,0.00,"",0.0,0.0,0,0,-60,0,100,9,0,9,25,-47,100,9,-2,7,-1024,3,1,1,-1,-1,-1,-1,0x0000000000000000,1500,1500,988,1529,2012,2012,988,988,988,988,1500,1500,1500,1500,1500,1500,1500,1500,1500,1500,1500,1500,1500,1500,1500,1500,1500,1500,1500,1500,1500,1500,7.5
2000-01-01,00:28:05.930,0.00,0.00,0.00,"",0.0,0.0,0,0,-61,0,99,10,0,9,25,-49,100,12,-2,7,-1024,3,1,1,-1,-1,-1,-1,0x0000000000000000,1500,1500,988,1529,2012,2012,988,988,988,988,1500,1500,1500,1500,1500,1500,1500,1500,1500,1500,1500,1500,1500,1500,1500,1500,1500,1500,1500,1500,1500,1500,7.5
2000-01-01,00:28:06.130,0.00,0.00,0.00,"",0.0,0.0,0,0,-60,0,99,11,0,9,25,-49,100,10,-2,8,-1024,3,1,1,-1,-1,-1,-1,0x0000000000000000,1500,1500,988,1529,2012,2012,988,988,988,988,1500,1500,1500,1500,1500,1500,1500,1500,1500,1500,1500,1500,1500,1500,1500,1500,1500,1500,1500,1500,1500,1500,7.5
2000-01-01,00:28:06.330,0.00,0.00,0.00,"",0.0,0.0,0,0,-60,0,99,11,0,9,25,-49,100,10,-2,8,-1024,3,1,1,-1,-1,-1,-1,0x0000000000000000,1500,1500,988,1529,2012,2012,988,988,988,988,1500,1500,1500,1500,1500,1500,1500,1500,1500,1500,1500,1500,1500,1500,1500,1500,1500,1500,1500,1500,1500,1500,7.5
2000-01-01,00:28:06.530,0.00,0.00,0.00,"",0.0,0.0,0,0,-61,0,99,10,0,9,25,-50,100,10,-2,7,-1024,3,1,1,-1,-1,-1,-1,0x0000000000000000,1500,1500,988,1529,2012,2012,988,988,988,988,1500,1500,1500,1500,1500,1500,1500,1500,1500,1500,1500,1500,1500,1500,1500,1500,1500,1500,1500,1500,1500,1500,7.5
2000-01-01,00:28:06.730,0.00,0.00,0.00,"",0.0,0.0,0,0,-60,0,99,10,0,9,25,-49,100,10,-2,7,-1024,3,1,1,-1,-1,-1,-1,0x0000000000000000,1500,1500,988,1529,2012,2012,988,988,988,988,1500,1500,1500,1500,1500,1500,1500,1500,1500,1500,1500,1500,1500,1500,1500,1500,1500,1500,1500,1500,1500,1500,7.5
2000-01-01,00:28:06.930,0.00,0.00,0.00,"",0.0,0.0,0,0,-60,0,100,11,0,9,25,-48,100,10,-3,8,-1024,3,1,1,-1,-1,-1,-1,0x0000000000000000,1500,1500,988,1529,2012,2012,988,988,988,988,1500,1500,1500,1500,1500,1500,1500,1500,1500,1500,1500,1500,1500,1500,1500,1500,1500,1500,1500,1500,1500,1500,7.5
2000-01-01,00:28:07.130,0.00,0.00,0.00,"",0.0,0.0,0,0,-60,0,100,10,0,9,25,-48,100,10,-3,8,-1024,3,1,1,-1,-1,-1,-1,0x0000000000000000,1500,1500,988,1529,2012,2012,988,988,988,988,1500,1500,1500,1500,1500,1500,1500,1500,1500,1500,1500,1500,1500,1500,1500,1500,1500,1500,1500,1500,1500,1500,7.5
2000-01-01,00:28:07.330,0.00,0.00,0.00,"",0.0,0.0,0,0,-60,0,100,9,0,9,25,-49,100,10,-2,8,-1024,3,1,1,-1,-1,-1,-1,0x0000000000000000,1500,1500,988,1529,2012,2012,988,988,988,988,1500,1500,1500,1500,1500,1500,1500,1500,1500,1500,1500,1500,1500,1500,1500,1500,1500,1500,1500,1500,1500,1500,7.5
2000-01-01,00:28:07.530,0.00,0.00,0.00,"",0.0,0.0,0,0,-60,0,100,9,0,9,25,-49,100,10,-2,7,-1024,3,1,1,-1,-1,-1,-1,0x0000000000000000,1500,1500,988,1529,2012,2012,988,988,988,988,1500,1500,1500,1500,1500,1500,1500,1500,1500,1500,1500,1500,1500,1500,1500,1500,1500,1500,1500,1500,1500,1500,7.5
2000-01-01,00:28:07.730,0.00,0.00,0.00,"",0.0,0.0,0,0,-60,0,100,10,0,9,25,-47,100,12,-3,8,-1024,3,1,1,-1,-1,-1,-1,0x0000000000000000,1500,1500,988,1529,2012,2012,988,988,988,988,1500,1500,1500,1500,1500,1500,1500,1500,1500,1500,1500,1500,1500,1500,1500,1500,1500,1500,1500,1500,1500,1500,7.5
2000-01-01,00:28:07.930,0.00,0.00,0.00,"",0.0,0.0,0,0,-61,0,100,11,0,9,25,-48,100,10,-2,7,-1024,3,1,1,-1,-1,-1,-1,0x0000000000000000,1500,1500,988,1529,2012,2012,988,988,988,988,1500,1500,1500,1500,1500,1500,1500,1500,1500,1500,1500,1500,1500,1500,1500,1500,1500,1500,1500,1500,1500,1500,7.5
2000-01-01,00:28:08.130,0.00,0.00,0.00,"",0.0,0.0,0,0,-60,0,100,10,0,9,25,-49,100,11,-2,8,-1024,3,1,1,-1,-1,-1,-1,0x0000000000000000,1500,1500,988,1529,2012,2012,988,988,988,988,1500,1500,1500,1500,1500,1500,1500,1500,1500,1500,1500,1500,1500,1500,1500,1500,1500,1500,1500,1500,1500,1500,7.5
2000-01-01,00:28:08.330,0.00,0.00,0.00,"",0.0,0.0,0,0,-61,0,100,9,0,9,25,-50,100,11,-3,8,-1024,3,1,1,-1,-1,-1,-1,0x0000000000000000,1500,1500,988,1529,2012,2012,988,988,988,988,1500,1500,1500,1500,1500,1500,1500,1500,1500,1500,1500,1500,1500,1500,1500,1500,1500,1500,1500,1500,1500,1500,7.5
2000-01-01,00:28:08.530,0.00,0.00,0.00,"",0.0,0.0,0,0,-60,0,100,11,0,9,25,-49,100,10,-2,8,-1024,3,1,1,-1,-1,-1,-1,0x0000000000000000,1500,1500,988,1529,2012,2012,988,988,988,988,1500,1500,1500,1500,1500,1500,1500,1500,1500,1500,1500,1500,1500,1500,1500,1500,1500,1500,1500,1500,1500,1500,7.5
2000-01-01,00:28:08.730,0.00,0.00,0.00,"",0.0,0.0,0,0,-60,0,100,11,0,9,25,-49,100,10,-2,7,-1024,3,1,1,-1,-1,-1,-1,0x0000000000000000,1500,1500,988,1529,2012,2012,988,988,988,988,1500,1500,1500,1500,1500,1500,1500,1500,1500,1500,1500,1500,1500,1500,1500,1500,1500,1500,1500,1500,1500,1500,7.5
2000-01-01,00:28:08.930,0.00,0.00,0.00,"",0.0,0.0,0,0,-60,0,100,10,0,9,25,-48,100,11,-3,8,-1024,3,1,1,-1,-1,-1,-1,0x0000000000000000,1500,1500,988,1529,2012,2012,988,988,988,988,1500,1500,1500,1500,1500,1500,1500,1500,1500,1500,1500,1500,1500,1500,1500,1500,1500,1500,1500,1500,1500,1500,7.5
2000-01-01,00:28:09.130,0.00,0.00,0.00,"",0.0,0.0,0,0,-60,0,100,9,0,9,25,-47,100,10,-3,8,-1024,4,1,1,-1,-1,-1,-1,0x0000000000000000,1500,1500,988,1529,2012,2012,988,988,988,988,1500,1500,1500,1500,1500,1500,1500,1500,1500,1500,1500,1500,1500,1500,1500,1500,1500,1500,1500,1500,1500,1500,7.5
2000-01-01,00:28:09.330,0.00,0.00,0.00,"",0.0,0.0,0,0,-60,0,100,10,0,9,25,-49,100,11,-2,8,-1024,3,1,1,-1,-1,-1,-1,0x0000000000000000,1500,1500,988,1529,2012,2012,988,988,988,988,1500,1500,1500,1500,1500,1500,1500,1500,1500,1500,1500,1500,1500,1500,1500,1500,1500,1500,1500,1500,1500,1500,7.5
2000-01-01,00:28:09.530,0.00,0.00,0.00,"",0.0,0.0,0,0,-60,0,100,10,0,9,25,-47,100,11,-2,8,-1024,3,1,1,-1,-1,-1,-1,0x0000000000000000,1500,1500,988,1529,2012,2012,988,988,988,988,1500,1500,1500,1500,1500,1500,1500,1500,1500,1500,1500,1500,1500,1500,1500,1500,1500,1500,1500,1500,1500,1500,7.5
2000-01-01,00:28:09.730,0.00,0.00,0.00,"",0.0,0.0,0,0,-61,0,100,10,0,9,25,-48,100,9,-2,8,-1024,4,1,1,-1,-1,-1,-1,0x0000000000000000,1500,1500,988,1529,2012,2012,988,988,988,988,1500,1500,1500,1500,1500,1500,1500,1500,1500,1500,1500,1500,1500,1500,1500,1500,1500,1500,1500,1500,1500,1500,7.5
2000-01-01,00:28:09.930,0.00,0.00,0.00,"",0.0,0.0,0,0,-61,0,100,10,0,9,25,-48,100,9,-2,8,-1024,2,1,1,-1,-1,-1,-1,0x0000000000000000,1500,1500,988,1529,2012,2012,988,988,988,988,1500,1500,1500,1500,1500,1500,1500,1500,1500,1500,1500,1500,1500,1500,1500,1500,1500,1500,1500,1500,1500,1500,7.5
2000-01-01,00:28:10.130,0.00,0.00,0.00,"",0.0,0.0,0,0,-61,0,100,10,0,9,25,-49,100,9,-2,8,-1024,3,1,1,-1,-1,-1,-1,0x0000000000000000,1500,1500,988,1529,2012,2012,988,988,988,988,1500,1500,1500,1500,1500,1500,1500,1500,1500,1500,1500,1500,1500,1500,1500,1500,1500,1500,1500,1500,1500,1500,7.5
2000-01-01,00:28:10.330,0.00,0.00,0.00,"",0.0,0.0,0,0,-60,0,100,11,0,9,25,-50,100,11,-2,8,-1024,4,1,1,-1,-1,-1,-1,0x0000000000000000,1500,1500,988,1529,2012,2012,988,988,988,988,1500,1500,1500,1500,1500,1500,1500,1500,1500,1500,1500,1500,1500,1500,1500,1500,1500,1500,1500,1500,1500,1500,7.5
2000-01-01,00:28:10.530,0.00,0.00,0.00,"",0.0,0.0,0,0,-60,0,98,11,0,9,25,-50,100,11,-2,8,-1024,4,1,1,-1,-1,-1,-1,0x0000000000000000,1500,1500,988,1529,2012,2012,988,988,988,988,1500,1500,1500,1500,1500,1500,1500,1500,1500,1500,1500,1500,1500,1500,1500,1500,1500,1500,1500,1500,1500,1500,7.5
2000-01-01,00:28:10.730,0.00,0.00,0.00,"",0.0,0.0,0,0,-60,0,99,10,0,9,25,-48,100,10,-2,7,-1024,3,1,1,-1,-1,-1,-1,0x0000000000000000,1500,1500,988,1529,2012,2012,988,988,988,988,1500,1500,1500,1500,1500,1500,1500,1500,1500,1500,1500,1500,1500,1500,1500,1500,1500,1500,1500,1500,1500,1500,7.5
2000-01-01,00:28:10.930,0.00,0.00,0.00,"",0.0,0.0,0,0,-60,0,100,10,0,9,25,-48,100,11,-2,8,-1024,3,1,1,-1,-1,-1,-1,0x0000000000000000,1500,1500,988,1529,2012,2012,988,988,988,988,1500,1500,1500,1500,1500,1500,1500,1500,1500,1500,1500,1500,1500,1500,1500,1500,1500,1500,1500,1500,1500,1500,7.5
2000-01-01,00:28:11.130,0.00,0.00,0.00,"",0.0,0.0,0,0,-60,0,100,10,0,9,25,-48,100,11,-2,8,-1024,3,1,1,-1,-1,-1,-1,0x0000000000000000,1500,1500,988,1529,2012,2012,988,988,988,988,1500,1500,1500,1500,1500,1500,1500,1500,1500,1500,1500,1500,1500,1500,1500,1500,1500,1500,1500,1500,1500,1500,7.5
2000-01-01,00:28:11.330,0.00,0.00,0.00,"",0.0,0.0,0,0,-60,0,100,9,0,9,25,-49,100,11,-2,8,-1024,3,1,1,-1,-1,-1,-1,0x0000000000000000,1500,1500,988,1529,2012,2012,988,988,988,988,1500,1500,1500,1500,1500,1500,1500,1500,1500,1500,1500,1500,1500,1500,1500,1500,1500,1500,1500,1500,1500,1500,7.5
2000-01-01,00:28:11.530,0.00,0.00,0.00,"",0.0,0.0,0,0,-60,0,99,10,0,9,25,-48,100,10,-3,7,-1024,3,1,1,-1,-1,-1,-1,0x0000000000000000,1500,1500,988,1529,2012,2012,988,988,988,988,1500,1500,1500,1500,1500,1500,1500,1500,1500,1500,1500,1500,1500,1500,1500,1500,1500,1500,1500,1500,1500,1500,7.5
2000-01-01,00:28:11.730,0.00,0.00,0.00,"",0.0,0.0,0,0,-61,0,99,11,0,9,25,-48,100,10,-2,7,-1024,3,1,1,-1,-1,-1,-1,0x0000000000000000,1500,1500,988,1529,2012,2012,988,988,988,988,1500,1500,1500,1500,1500,1500,1500,1500,1500,1500,1500,1500,1500,1500,1500,1500,1500,1500,1500,1500,1500,1500,7.5
2000-01-01,00:28:11.930,0.00,0.00,0.00,"",0.0,0.0,0,0,-60,0,100,10,0,9,25,-50,100,11,-2,8,-1024,4,1,1,-1,-1,-1,-1,0x0000000000000000,1500,1500,988,1529,2012,2012,988,988,988,988,1500,1500,1500,1500,1500,1500,1500,1500,1500,1500,1500,1500,1500,1500,1500,1500,1500,1500,1500,1500,1500,1500,7.5
2000-01-01,00:28:12.130,0.00,0.00,0.00,"",0.0,0.0,0,0,-61,0,100,9,0,9,25,-50,100,10,-3,7,-1024,2,1,1,-1,-1,-1,-1,0x0000000000000000,1500,1500,988,1529,2012,2012,988,988,988,988,1500,1500,1500,1500,1500,1500,1500,1500,1500,1500,1500,1500,1500,1500,1500,1500,1500,1500,1500,1500,1500,1500,7.5
2000-01-01,00:28:12.330,0.00,0.00,0.00,"",0.0,0.0,0,0,-61,0,100,9,0,9,25,-50,100,10,-2,7,-1024,2,1,1,-1,-1,-1,-1,0x0000000000000000,1500,1500,988,1529,2012,2012,988,988,988,988,1500,1500,1500,1500,1500,1500,1500,1500,1500,1500,1500,1500,1500,1500,1500,1500,1500,1500,1500,1500,1500,1500,7.5
2000-01-01,00:28:12.530,0.00,0.00,0.00,"",0.0,0.0,0,0,-60,0,100,10,0,9,25,-50,100,10,-2,8,-1024,3,1,1,-1,-1,-1,-1,0x0000000000000000,1500,1500,988,1529,2012,2012,988,988,988,988,1500,1500,1500,1500,1500,1500,1500,1500,1500,1500,1500,1500,1500,1500,1500,1500,1500,1500,1500,1500,1500,1500,7.5
2000-01-01,00:28:12.730,0.00,0.00,0.00,"",0.0,0.0,0,0,-61,0,100,11,0,9,25,-48,100,12,-2,8,-1024,3,1,1,-1,-1,-1,-1,0x0000000000000000,1500,1500,988,1529,2012,2012,988,988,988,988,1500,1500,1500,1500,1500,1500,1500,1500,1500,1500,1500,1500,1500,1500,1500,1500,1500,1500,1500,1500,1500,1500,7.5
2000-01-01,00:28:12.930,0.00,0.00,0.00,"",0.0,0.0,0,0,-60,0,99,9,0,9,25,-48,100,10,-2,7,-1024,3,1,1,-1,-1,-1,-1,0x0000000000000000,1500,1500,988,1529,2012,2012,988,988,988,988,1500,1500,1500,1500,1500,1500,1500,1500,1500,1500,1500,1500,1500,1500,1500,1500,1500,1500,1500,1500,1500,1500,7.5
2000-01-01,00:28:13.130,0.00,0.00,0.00,"",0.0,0.0,0,0,-60,0,99,10,0,9,25,-49,100,10,-2,8,-1024,3,1,1,-1,-1,-1,-1,0x0000000000000000,1500,1500,988,1529,2012,2012,988,988,988,988,1500,1500,1500,1500,1500,1500,1500,1500,1500,1500,1500,1500,1500,1500,1500,1500,1500,1500,1500,1500,1500,1500,7.5
2000-01-01,00:28:13.330,0.00,0.00,0.00,"",0.0,0.0,0,0,-60,0,100,10,0,9,25,-48,100,11,-1,8,-1024,3,1,1,-1,-1,-1,-1,0x0000000000000000,1500,1500,988,1530,2012,2012,988,988,988,988,1500,1500,1500,1500,1500,1500,1500,1500,1500,1500,1500,1500,1500,1500,1500,1500,1500,1500,1500,1500,1500,1500,7.5
2000-01-01,00:28:13.530,0.00,0.00,0.00,"",0.0,0.0,0,0,-60,0,100,10,0,9,25,-48,100,11,-3,7,-1024,3,1,1,-1,-1,-1,-1,0x0000000000000000,1500,1500,988,1529,2012,2012,988,988,988,988,1500,1500,1500,1500,1500,1500,1500,1500,1500,1500,1500,1500,1500,1500,1500,1500,1500,1500,1500,1500,1500,1500,7.5
2000-01-01,00:28:13.730,0.00,0.00,0.00,"",0.0,0.0,0,0,-61,0,99,11,0,9,25,-48,100,10,-3,8,-1024,3,1,1,-1,-1,-1,-1,0x0000000000000000,1500,1500,988,1529,2012,2012,988,988,988,988,1500,1500,1500,1500,1500,1500,1500,1500,1500,1500,1500,1500,1500,1500,1500,1500,1500,1500,1500,1500,1500,1500,7.5
2000-01-01,00:28:13.930,0.00,0.00,0.00,"",0.0,0.0,0,0,-61,0,99,10,0,9,25,-49,100,10,-3,7,-1024,3,1,1,-1,-1,-1,-1,0x0000000000000000,1500,1500,988,1529,2012,2012,988,988,988,988,1500,1500,1500,1500,1500,1500,1500,1500,1500,1500,1500,1500,1500,1500,1500,1500,1500,1500,1500,1500,1500,1500,7.5
2000-01-01,00:28:14.130,0.00,0.00,0.00,"",0.0,0.0,0,0,-62,0,99,10,0,9,25,-50,100,12,-3,8,-1024,3,1,1,-1,-1,-1,-1,0x0000000000000000,1500,1500,988,1529,2012,2012,988,988,988,988,1500,1500,1500,1500,1500,1500,1500,1500,1500,1500,1500,1500,1500,1500,1500,1500,1500,1500,1500,1500,1500,1500,7.5
2000-01-01,00:28:14.330,0.00,0.00,0.00,"",0.0,0.0,0,0,-61,0,99,10,0,9,25,-49,100,9,-2,8,-1024,3,1,1,-1,-1,-1,-1,0x0000000000000000,1500,1500,988,1529,2012,2012,988,988,988,988,1500,1500,1500,1500,1500,1500,1500,1500,1500,1500,1500,1500,1500,1500,1500,1500,1500,1500,1500,1500,1500,1500,7.5
2000-01-01,00:28:14.530,0.00,0.00,0.00,"",0.0,0.0,0,0,-61,0,100,9,0,9,25,-49,100,11,-3,8,-1024,3,1,1,-1,-1,-1,-1,0x0000000000000000,1500,1500,988,1529,2012,2012,988,988,988,988,1500,1500,1500,1500,1500,1500,1500,1500,1500,1500,1500,1500,1500,1500,1500,1500,1500,1500,1500,1500,1500,1500,7.5
2000-01-01,00:28:14.730,0.00,0.00,0.00,"",0.0,0.0,0,0,-61,0,100,9,0,9,25,-49,100,11,-3,8,-1024,4,1,1,-1,-1,-1,-1,0x0000000000000000,1500,1500,988,1529,2012,2012,988,988,988,988,1500,1500,1500,1500,1500,1500,1500,1500,1500,1500,1500,1500,1500,1500,1500,1500,1500,1500,1500,1500,1500,1500,7.5
2000-01-01,00:28:14.930,0.00,0.00,0.00,"",0.0,0.0,0,0,-61,0,100,10,0,9,25,-48,100,10,-2,8,-1024,3,1,1,-1,-1,-1,-1,0x0000000000000000,1500,1500,988,1529,2012,2012,988,988,988,988,1500,1500,1500,1500,1500,1500,1500,1500,1500,1500,1500,1500,1500,1500,1500,1500,1500,1500,1500,1500,1500,1500,7.5
2000-01-01,00:28:15.130,0.00,0.00,0.00,"",0.0,0.0,0,0,-61,0,100,10,0,9,25,-49,100,11,-3,7,-1024,3,1,1,-1,-1,-1,-1,0x0000000000000000,1500,1500,988,1529,2012,2012,988,988,988,988,1500,1500,1500,1500,1500,1500,1500,1500,1500,1500,1500,1500,1500,1500,1500,1500,1500,1500,1500,1500,1500,1500,7.5
2000-01-01,00:28:15.330,0.00,0.00,0.00,"",0.0,0.0,0,0,-61,0,100,10,0,9,25,-48,100,10,-3,8,-1024,3,1,1,-1,-1,-1,-1,0x0000000000000000,1500,1500,988,1529,2012,2012,988,988,988,988,1500,1500,1500,1500,1500,1500,1500,1500,1500,1500,1500,1500,1500,1500,1500,1500,1500,1500,1500,1500,1500,1500,7.5
2000-01-01,00:28:15.530,0.00,0.00,0.00,"",0.0,0.0,0,0,-61,0,100,10,0,9,25,-48,100,12,-3,7,-1024,2,1,1,-1,-1,-1,-1,0x0000000000000000,1500,1500,988,1529,2012,2012,988,988,988,988,1500,1500,1500,1500,1500,1500,1500,1500,1500,1500,1500,1500,1500,1500,1500,1500,1500,1500,1500,1500,1500,1500,7.5
2000-01-01,00:28:15.730,0.00,0.00,0.00,"",0.0,0.0,0,0,-61,0,100,10,0,9,25,-49,100,9,-3,8,-1024,2,1,1,-1,-1,-1,-1,0x0000000000000000,1500,1500,988,1529,2012,2012,988,988,988,988,1500,1500,1500,1500,1500,1500,1500,1500,1500,1500,1500,1500,1500,1500,1500,1500,1500,1500,1500,1500,1500,1500,7.5
2000-01-01,00:28:15.930,0.00,0.00,0.00,"",0.0,0.0,0,0,-61,0,100,10,0,9,25,-49,100,9,-3,8,-1024,2,1,1,-1,-1,-1,-1,0x0000000000000000,1500,1500,988,1529,2012,2012,988,988,988,988,1500,1500,1500,1500,1500,1500,1500,1500,1500,1500,1500,1500,1500,1500,1500,1500,1500,1500,1500,1500,1500,1500,7.5
2000-01-01,00:28:16.130,0.00,0.00,0.00,"",0.0,0.0,0,0,-61,0,100,10,0,9,25,-50,100,12,-3,8,-1024,3,1,1,-1,-1,-1,-1,0x0000000000000000,1500,1500,988,1529,2012,2012,988,988,988,988,1500,1500,1500,1500,1500,1500,1500,1500,1500,1500,1500,1500,1500,1500,1500,1500,1500,1500,1500,1500,1500,1500,7.5
2000-01-01,00:28:16.330,0.00,0.00,0.00,"",0.0,0.0,0,0,-61,0,100,11,0,9,25,-49,100,11,-2,7,-1024,2,1,1,-1,-1,-1,-1,0x0000000000000000,1500,1500,988,1529,2012,2012,988,988,988,988,1500,1500,1500,1500,1500,1500,1500,1500,1500,1500,1500,1500,1500,1500,1500,1500,1500,1500,1500,1500,1500,1500,7.5
2000-01-01,00:28:16.530,0.00,0.00,0.00,"",0.0,0.0,0,0,-61,0,100,10,0,9,25,-49,100,11,-3,7,-1024,3,1,1,-1,-1,-1,-1,0x0000000000000000,1500,1500,988,1529,2012,2012,988,988,988,988,1500,1500,1500,1500,1500,1500,1500,1500,1500,1500,1500,1500,1500,1500,1500,1500,1500,1500,1500,1500,1500,1500,7.5
2000-01-01,00:28:16.730,0.00,0.00,0.00,"",0.0,0.0,0,0,-61,0,100,9,0,9,25,-48,100,10,-2,7,-1024,2,1,1,-1,-1,-1,-1,0x0000000000000000,1500,1500,988,1529,2012,2012,988,988,988,988,1500,1500,1500,1500,1500,1500,1500,1500,1500,1500,1500,1500,1500,1500,1500,1500,1500,1500,1500,1500,1500,1500,7.5
2000-01-01,00:28:16.930,0.00,0.00,0.00,"",0.0,0.0,0,0,-61,0,100,9,0,9,25,-49,100,11,-3,8,-1024,2,1,1,-1,-1,-1,-1,0x0000000000000000,1500,1500,988,1529,2012,2012,988,988,988,988,1500,1500,1500,1500,1500,1500,1500,1500,1500,1500,1500,1500,1500,1500,1500,1500,1500,1500,1500,1500,1500,1500,7.5
2000-01-01,00:28:17.130,0.00,0.00,0.00,"",0.0,0.0,0,0,-61,0,100,9,0,9,25,-49,100,11,-3,8,-1024,3,1,1,-1,-1,-1,-1,0x0000000000000000,1500,1500,988,1529,2012,2012,988,988,988,988,1500,1500,1500,1500,1500,1500,1500,1500,1500,1500,1500,1500,1500,1500,1500,1500,1500,1500,1500,1500,1500,1500,7.5
2000-01-01,00:28:17.330,0.00,0.00,0.00,"",0.0,0.0,0,0,-61,0,100,10,0,9,25,-48,100,11,-3,7,-1024,2,1,1,-1,-1,-1,-1,0x0000000000000000,1500,1500,988,1529,2012,2012,988,988,988,988,1500,1500,1500,1500,1500,1500,1500,1500,1500,1500,1500,1500,1500,1500,1500,1500,1500,1500,1500,1500,1500,1500,7.5
2000-01-01,00:28:17.530,0.00,0.00,0.00,"",0.0,0.0,0,0,-62,0,100,11,0,9,25,-49,100,10,-2,8,-1024,2,1,1,-1,-1,-1,-1,0x0000000000000000,1500,1500,988,1529,2012,2012,988,988,988,988,1500,1500,1500,1500,1500,1500,1500,1500,1500,1500,1500,1500,1500,1500,1500,1500,1500,1500,1500,1500,1500,1500,7.5
2000-01-01,00:28:17.730,0.00,0.00,0.00,"",0.0,0.0,0,0,-61,0,100,10,0,9,25,-49,100,12,-2,9,-1024,2,1,1,-1,-1,-1,-1,0x0000000000000000,1500,1500,988,1529,2012,2012,988,988,988,988,1500,1500,1500,1500,1500,1500,1500,1500,1500,1500,1500,1500,1500,1500,1500,1500,1500,1500,1500,1500,1500,1500,7.5
2000-01-01,00:28:17.930,0.00,0.00,0.00,"",0.0,0.0,0,0,-61,0,100,11,0,9,25,-50,100,10,-2,8,-1024,2,1,1,-1,-1,-1,-1,0x0000000000000000,1500,1500,988,1529,2012,2012,988,988,988,988,1500,1500,1500,1500,1500,1500,1500,1500,1500,1500,1500,1500,1500,1500,1500,1500,1500,1500,1500,1500,1500,1500,7.5
2000-01-01,00:28:18.130,0.00,0.00,0.00,"",0.0,0.0,0,0,-61,0,99,10,0,9,25,-49,100,10,-2,8,-1024,3,1,1,-1,-1,-1,-1,0x0000000000000000,1500,1500,988,1529,2012,2012,988,988,988,988,1500,1500,1500,1500,1500,1500,1500,1500,1500,1500,1500,1500,1500,1500,1500,1500,1500,1500,1500,1500,1500,1500,7.5
2000-01-01,00:28:18.330,0.00,0.00,0.00,"",0.0,0.0,0,0,-61,0,99,10,0,9,25,-49,100,10,-2,7,-1024,1,1,1,-1,-1,-1,-1,0x0000000000000000,1500,1500,988,1529,2012,2012,988,988,988,988,1500,1500,1500,1500,1500,1500,1500,1500,1500,1500,1500,1500,1500,1500,1500,1500,1500,1500,1500,1500,1500,1500,7.5
2000-01-01,00:28:18.530,0.00,0.00,0.00,"",0.0,0.0,0,0,-61,0,99,9,0,9,25,-49,100,11,-3,8,-1024,3,1,1,-1,-1,-1,-1,0x0000000000000000,1500,1500,988,1529,2012,2012,988,988,988,988,1500,1500,1500,1500,1500,1500,1500,1500,1500,1500,1500,1500,1500,1500,1500,1500,1500,1500,1500,1500,1500,1500,7.5
2000-01-01,00:28:18.730,0.00,0.00,0.00,"",0.0,0.0,0,0,-61,0,99,10,0,9,25,-48,100,12,-2,7,-1024,2,1,1,-1,-1,-1,-1,0x0000000000000000,1500,1500,988,1529,2012,2012,988,988,988,988,1500,1500,1500,1500,1500,1500,1500,1500,1500,1500,1500,1500,1500,1500,1500,1500,1500,1500,1500,1500,1500,1500,7.5
2000-01-01,00:28:18.930,0.00,0.00,0.00,"",0.0,0.0,0,0,-61,0,100,11,0,9,25,-49,100,10,-3,8,-1024,3,1,1,-1,-1,-1,-1,0x0000000000000000,1500,1500,988,1529,2012,2012,988,988,988,988,1500,1500,1500,1500,1500,1500,1500,1500,1500,1500,1500,1500,1500,1500,1500,1500,1500,1500,1500,1500,1500,1500,7.5
2000-01-01,00:28:19.130,0.00,0.00,0.00,"",0.0,0.0,0,0,-61,0,99,10,0,9,25,-48,100,10,-3,9,-1024,3,1,1,-1,-1,-1,-1,0x0000000000000000,1500,1500,988,1529,2012,2012,988,988,988,988,1500,1500,1500,1500,1500,1500,1500,1500,1500,1500,1500,1500,1500,1500,1500,1500,1500,1500,1500,1500,1500,1500,7.5
2000-01-01,00:28:19.330,0.00,0.00,0.00,"",0.0,0.0,0,0,-62,0,99,10,0,9,25,-49,100,12,-3,8,-1024,3,1,1,-1,-1,-1,-1,0x0000000000000000,1500,1500,988,1529,2012,2012,988,988,988,988,1500,1500,1500,1500,1500,1500,1500,1500,1500,1500,1500,1500,1500,1500,1500,1500,1500,1500,1500,1500,1500,1500,7.5
2000-01-01,00:28:19.530,0.00,0.00,0.00,"",0.0,0.0,0,0,-62,0,99,10,0,9,25,-49,100,12,-3,8,-1024,2,1,1,-1,-1,-1,-1,0x0000000000000000,1500,1500,988,1529,2012,2012,988,988,988,988,1500,1500,1500,1500,1500,1500,1500,1500,1500,1500,1500,1500,1500,1500,1500,1500,1500,1500,1500,1500,1500,1500,7.5
2000-01-01,00:28:19.730,0.00,0.00,0.00,"",0.0,0.0,0,0,-61,0,100,10,0,9,25,-49,100,9,-2,7,-1024,3,1,1,-1,-1,-1,-1,0x0000000000000000,1500,1500,988,1529,2012,2012,988,988,988,988,1500,1500,1500,1500,1500,1500,1500,1500,1500,1500,1500,1500,1500,1500,1500,1500,1500,1500,1500,1500,1500,1500,7.5
2000-01-01,00:28:19.930,0.00,0.00,0.00,"",0.0,0.0,0,0,-61,0,100,10,0,9,25,-50,100,12,-3,8,-1024,4,1,1,-1,-1,-1,-1,0x0000000000000000,1500,1500,988,1529,2012,2012,988,988,988,988,1500,1500,1500,1500,1500,1500,1500,1500,1500,1500,1500,1500,1500,1500,1500,1500,1500,1500,1500,1500,1500,1500,7.5
2000-01-01,00:28:20.130,0.00,0.00,0.00,"",0.0,0.0,0,0,-61,0,100,8,0,9,25,-50,100,10,-3,8,-1024,3,1,1,-1,-1,-1,-1,0x0000000000000000,1500,1500,988,1529,2012,2012,988,988,988,988,1500,1500,1500,1500,1500,1500,1500,1500,1500,1500,1500,1500,1500,1500,1500,1500,1500,1500,1500,1500,1500,1500,7.5
2000-01-01,00:28:20.330,0.00,0.00,0.00,"",0.0,0.0,0,0,-61,0,100,10,0,9,25,-49,100,11,-2,7,-1024,3,1,1,-1,-1,-1,-1,0x0000000000000000,1500,1500,988,1529,2012,2012,988,988,988,988,1500,1500,1500,1500,1500,1500,1500,1500,1500,1500,1500,1500,1500,1500,1500,1500,1500,1500,1500,1500,1500,1500,7.5
2000-01-01,00:28:20.530,0.00,0.00,0.00,"",0.0,0.0,0,0,-61,0,99,10,0,9,25,-48,100,9,-3,8,-1024,3,1,1,-1,-1,-1,-1,0x0000000000000000,1500,1500,988,1529,2012,2012,988,988,988,988,1500,1500,1500,1500,1500,1500,1500,1500,1500,1500,1500,1500,1500,1500,1500,1500,1500,1500,1500,1500,1500,1500,7.5
2000-01-01,00:28:20.730,0.00,0.00,0.00,"",0.0,0.0,0,0,-61,0,99,10,0,9,25,-48,100,9,-3,8,-1024,3,1,1,-1,-1,-1,-1,0x0000000000000000,1500,1500,988,1529,2012,2012,988,988,988,988,1500,1500,1500,1500,1500,1500,1500,1500,1500,1500,1500,1500,1500,1500,1500,1500,1500,1500,1500,1500,1500,1500,7.5
2000-01-01,00:28:20.930,0.00,0.00,0.00,"",0.0,0.0,0,0,-61,0,99,10,0,9,25,-49,100,9,-3,7,-1024,3,1,1,-1,-1,-1,-1,0x0000000000000000,1500,1500,988,1529,2012,2012,988,988,988,988,1500,1500,1500,1500,1500,1500,1500,1500,1500,1500,1500,1500,1500,1500,1500,1500,1500,1500,1500,1500,1500,1500,7.5
2000-01-01,00:28:21.130,0.00,0.00,0.00,"",0.0,0.0,0,0,-61,0,100,10,0,9,25,-48,100,12,-2,7,-1024,4,1,1,-1,-1,-1,-1,0x0000000000000000,1500,1500,988,1529,2012,2012,988,988,988,988,1500,1500,1500,1500,1500,1500,1500,1500,1500,1500,1500,1500,1500,1500,1500,1500,1500,1500,1500,1500,1500,1500,7.5
2000-01-01,00:28:21.330,0.00,0.00,0.00,"",0.0,0.0,0,0,-62,0,99,10,0,9,25,-49,100,11,-2,8,-1024,3,1,1,-1,-1,-1,-1,0x0000000000000000,1500,1500,988,1529,2012,2012,988,988,988,988,1500,1500,1500,1500,1500,1500,1500,1500,1500,1500,1500,1500,1500,1500,1500,1500,1500,1500,1500,1500,1500,1500,7.5
2000-01-01,00:28:21.530,0.00,0.00,0.00,"",0.0,0.0,0,0,-61,0,99,9,0,9,25,-49,100,10,-2,8,-1024,3,1,1,-1,-1,-1,-1,0x0000000000000000,1500,1500,988,1529,2012,2012,988,988,988,988,1500,1500,1500,1500,1500,1500,1500,1500,1500,1500,1500,1500,1500,1500,1500,1500,1500,1500,1500,1500,1500,1500,7.5
2000-01-01,00:28:21.730,0.00,0.00,0.00,"",0.0,0.0,0,0,-61,0,99,11,0,9,25,-50,100,11,-3,8,-1024,3,1,1,-1,-1,-1,-1,0x0000000000000000,1500,1500,988,1529,2012,2012,988,988,988,988,1500,1500,1500,1500,1500,1500,1500,1500,1500,1500,1500,1500,1500,1500,1500,1500,1500,1500,1500,1500,1500,1500,7.5
2000-01-01,00:28:21.930,0.00,0.00,0.00,"",0.0,0.0,0,0,-61,0,99,11,0,9,25,-50,100,11,-3,8,-1024,3,1,1,-1,-1,-1,-1,0x0000000000000000,1500,1500,988,1529,2012,2012,988,988,988,988,1500,1500,1500,1500,1500,1500,1500,1500,1500,1500,1500,1500,1500,1500,1500,1500,1500,1500,1500,1500,1500,1500,7.5
2000-01-01,00:28:22.130,0.00,0.00,0.00,"",0.0,0.0,0,0,-61,0,99,10,0,9,25,-49,100,12,-3,8,-1024,3,1,1,-1,-1,-1,-1,0x0000000000000000,1500,1500,988,1529,2012,2012,988,988,988,988,1500,1500,1500,1500,1500,1500,1500,1500,1500,1500,1500,1500,1500,1500,1500,1500,1500,1500,1500,1500,1500,1500,7.5
2000-01-01,00:28:22.330,0.00,0.00,0.00,"",0.0,0.0,0,0,-61,0,100,9,0,9,25,-49,100,11,-3,7,-1024,3,1,1,-1,-1,-1,-1,0x0000000000000000,1500,1500,988,1529,2012,2012,988,988,988,988,1500,1500,1500,1500,1500,1500,1500,1500,1500,1500,1500,1500,1500,1500,1500,1500,1500,1500,1500,1500,1500,1500,7.5
2000-01-01,00:28:22.530,0.00,0.00,0.00,"",0.0,0.0,0,0,-62,0,100,10,0,9,25,-48,100,11,-3,8,-1024,2,1,1,-1,-1,-1,-1,0x0000000000000000,1500,1500,988,1529,2012,2012,988,988,988,988,1500,1500,1500,1500,1500,1500,1500,1500,1500,1500,1500,1500,1500,1500,1500,1500,1500,1500,1500,1500,1500,1500,7.5
2000-01-01,00:28:22.730,0.00,0.00,0.00,"",0.0,0.0,0,0,-61,0,100,11,0,9,25,-49,100,10,-3,8,-1024,3,1,1,-1,-1,-1,-1,0x0000000000000000,1500,1500,988,1529,2012,2012,988,988,988,988,1500,1500,1500,1500,1500,1500,1500,1500,1500,1500,1500,1500,1500,1500,1500,1500,1500,1500,1500,1500,1500,1500,7.5
2000-01-01,00:28:22.930,0.00,0.00,0.00,"",0.0,0.0,0,0,-61,0,100,10,0,9,25,-48,100,11,-3,8,-1024,3,1,1,-1,-1,-1,-1,0x0000000000000000,1500,1500,988,1529,2012,2012,988,988,988,988,1500,1500,1500,1500,1500,1500,1500,1500,1500,1500,1500,1500,1500,1500,1500,1500,1500,1500,1500,1500,1500,1500,7.5
2000-01-01,00:28:23.130,0.00,0.00,0.00,"",0.0,0.0,0,0,-61,0,100,10,0,9,25,-48,100,11,-2,8,-1024,3,1,1,-1,-1,-1,-1,0x0000000000000000,1500,1500,988,1529,2012,2012,988,988,988,988,1500,1500,1500,1500,1500,1500,1500,1500,1500,1500,1500,1500,1500,1500,1500,1500,1500,1500,1500,1500,1500,1500,7.5
2000-01-01,00:28:23.330,0.00,0.00,0.00,"",0.0,0.0,0,0,-62,0,100,10,0,9,25,-49,100,11,-3,8,-1024,3,1,1,-1,-1,-1,-1,0x0000000000000000,1500,1500,988,1529,2012,2012,988,988,988,988,1500,1500,1500,1500,1500,1500,1500,1500,1500,1500,1500,1500,1500,1500,1500,1500,1500,1500,1500,1500,1500,1500,7.5
2000-01-01,00:28:23.530,0.00,0.00,0.00,"",0.0,0.0,0,0,-61,0,100,11,0,9,25,-49,100,12,-3,8,-1024,3,1,1,-1,-1,-1,-1,0x0000000000000000,1500,1500,988,1529,2012,2012,988,988,988,988,1500,1500,1500,1500,1500,1500,1500,1500,1500,1500,1500,1500,1500,1500,1500,1500,1500,1500,1500,1500,1500,1500,7.5
2000-01-01,00:28:23.730,0.00,0.00,0.00,"",0.0,0.0,0,0,-62,0,100,10,0,9,25,-50,100,10,-3,8,-1024,3,1,1,-1,-1,-1,-1,0x0000000000000000,1500,1500,988,1529,2012,2012,988,988,988,988,1500,1500,1500,1500,1500,1500,1500,1500,1500,1500,1500,1500,1500,1500,1500,1500,1500,1500,1500,1500,1500,1500,7.5
2000-01-01,00:28:23.930,0.00,0.00,0.00,"",0.0,0.0,0,0,-61,0,100,9,0,9,25,-50,100,11,-3,8,-1024,3,1,1,-1,-1,-1,-1,0x0000000000000000,1500,1500,988,1529,2012,2012,988,988,988,988,1500,1500,1500,1500,1500,1500,1500,1500,1500,1500,1500,1500,1500,1500,1500,1500,1500,1500,1500,1500,1500,1500,7.5
2000-01-01,00:28:24.130,0.00,0.00,0.00,"",0.0,0.0,0,0,-61,0,100,10,0,9,25,-49,100,11,-2,7,-1024,3,1,1,-1,-1,-1,-1,0x0000000000000000,1500,1500,988,1529,2012,2012,988,988,988,988,1500,1500,1500,1500,1500,1500,1500,1500,1500,1500,1500,1500,1500,1500,1500,1500,1500,1500,1500,1500,1500,1500,7.5
2000-01-01,00:28:24.330,0.00,0.00,0.00,"",0.0,0.0,0,0,-61,0,100,10,0,9,25,-49,100,11,-2,8,-1024,4,1,1,-1,-1,-1,-1,0x0000000000000000,1500,1500,988,1529,2012,2012,988,988,988,988,1500,1500,1500,1500,1500,1500,1500,1500,1500,1500,1500,1500,1500,1500,1500,1500,1500,1500,1500,1500,1500,1500,7.5
2000-01-01,00:28:24.530,0.00,0.00,0.00,"",0.0,0.0,0,0,-61,0,100,11,0,9,25,-49,100,10,-3,8,-1024,3,1,1,-1,-1,-1,-1,0x0000000000000000,1500,1500,988,1529,2012,2012,988,988,988,988,1500,1500,1500,1500,1500,1500,1500,1500,1500,1500,1500,1500,1500,1500,1500,1500,1500,1500,1500,1500,1500,1500,7.5
2000-01-01,00:28:24.730,0.00,0.00,0.00,"",0.0,0.0,0,0,-61,0,100,10,0,9,25,-50,100,11,-3,8,-1024,3,1,1,-1,-1,-1,-1,0x0000000000000000,1500,1500,988,1529,2012,2012,988,988,988,988,1500,1500,1500,1500,1500,1500,1500,1500,1500,1500,1500,1500,1500,1500,1500,1500,1500,1500,1500,1500,1500,1500,7.5
2000-01-01,00:28:24.930,0.00,0.00,0.00,"",0.0,0.0,0,0,-61,0,100,9,0,9,25,-49,100,11,-3,7,-1024,3,1,1,-1,-1,-1,-1,0x0000000000000000,1500,1500,988,1529,2012,2012,988,988,988,988,1500,1500,1500,1500,1500,1500,1500,1500,1500,1500,1500,1500,1500,1500,1500,1500,1500,1500,1500,1500,1500,1500,7.5
2000-01-01,00:28:25.130,0.00,0.00,0.00,"",0.0,0.0,0,0,-62,0,100,11,0,9,25,-49,100,10,-3,8,-1024,3,1,1,-1,-1,-1,-1,0x0000000000000000,1500,1500,988,1529,2012,2012,988,988,988,988,1500,1500,1500,1500,1500,1500,1500,1500,1500,1500,1500,1500,1500,1500,1500,1500,1500,1500,1500,1500,1500,1500,7.5
2000-01-01,00:28:25.330,0.00,0.00,0.00,"",0.0,0.0,0,0,-62,0,100,11,0,9,25,-49,100,11,-3,8,-1024,3,1,1,-1,-1,-1,-1,0x0000000000000000,1500,1500,988,1529,2012,2012,988,988,988,988,1500,1500,1500,1500,1500,1500,1500,1500,1500,1500,1500,1500,1500,1500,1500,1500,1500,1500,1500,1500,1500,1500,7.5
2000-01-01,00:28:25.530,0.00,0.00,0.00,"",0.0,0.0,0,0,-62,0,100,11,0,9,25,-49,100,11,-3,8,-1024,3,1,1,-1,-1,-1,-1,0x0000000000000000,1500,1500,988,1529,2012,2012,988,988,988,988,1500,1500,1500,1500,1500,1500,1500,1500,1500,1500,1500,1500,1500,1500,1500,1500,1500,1500,1500,1500,1500,1500,7.5
2000-01-01,00:28:25.730,0.00,0.00,0.00,"",0.0,0.0,0,0,-62,0,100,9,0,9,25,-50,100,10,-3,8,-1024,3,1,1,-1,-1,-1,-1,0x0000000000000000,1500,1500,988,1529,2012,2012,988,988,988,988,1500,1500,1500,1500,1500,1500,1500,1500,1500,1500,1500,1500,1500,1500,1500,1500,1500,1500,1500,1500,1500,1500,7.5
2000-01-01,00:28:25.930,0.00,0.00,0.00,"",0.0,0.0,0,0,-61,0,99,10,0,9,25,-50,100,11,-3,8,-1024,3,1,1,-1,-1,-1,-1,0x0000000000000000,1500,1500,988,1529,2012,2012,988,988,988,988,1500,1500,1500,1500,1500,1500,1500,1500,1500,1500,1500,1500,1500,1500,1500,1500,1500,1500,1500,1500,1500,1500,7.5
2000-01-01,00:28:26.130,-3,8,-1024,3,1,1,-1,-1,-1,-1,0x0000000000000000,1500,1500,988,1529,2012,2012,988,988,988,988,1500,1500,1500,1500,1500,1500,1500,1500,1500,1500,1500,1500,1500,1500,1500,1500,1500,1500,1500,1500,1500,1500,7.5
2000-01-01,00:28:26.330,-62,0,98,10,0,9,25,-48,100,11,-3,8,-1024,3,1,1,-1,-1,-1,-1,0x0000000000000000,1500,1500,988,1529,2012,2012,988,988,988,988,1500,1500,1500,1500,1500,1500,1500,1500,1500,1500,1500,1500,1500,1500,1500,1500,1500,1500,1500,1500,1500,1500,7.5
2000-01-01,00:28:26.530,-61,0,99,11,0,9,25,-49,100,10,-3,8,-1024,3,1,1,-1,-1,-1,-1,0x0000000000000000,1500,1500,988,1529,2012,2012,988,988,988,988,1500,1500,1500,1500,1500,1500,1500,1500,1500,1500,1500,1500,1500,1500,1500,1500,1500,1500,1500,1500,1500,1500,7.5
2000-01-01,00:28:26.730,-61,0,99,11,0,9,25,-49,100,10,-3,7,-1024,3,1,1,-1,-1,-1,-1,0x0000000000000000,1500,1500,988,1529,2012,2012,988,988,988,988,1500,1500,1500,1500,1500,1500,1500,1500,1500,1500,1500,1500,1500,1500,1500,1500,1500,1500,1500,1500,1500,1500,7.5
2000-01-01,00:28:26.930,-61,0,99,10,0,9,25,-48,100,10,-2,8,-1024,4,1,1,-1,-1,-1,-1,0x0000000000000000,1500,1500,988,1529,2012,2012,988,988,988,988,1500,1500,1500,1500,1500,1500,1500,1500,1500,1500,1500,1500,1500,1500,1500,1500,1500,1500,1500,1500,1500,1500,7.5
2000-01-01,00:28:27.130,-62,0,99,10,0,9,25,-49,100,11,-3,8,-1024,3,1,1,-1,-1,-1,-1,0x0000000000000000,1500,1500,988,1529,2012,2012,988,988,988,988,1500,1500,1500,1500,1500,1500,1500,1500,1500,1500,1500,1500,1500,1500,1500,1500,1500,1500,1500,1500,1500,1500,7.5
2000-01-01,00:28:27.330,-61,0,100,10,0,9,25,-49,100,11,-2,7,-1024,3,1,1,-1,-1,-1,-1,0x0000000000000000,1500,1500,988,1529,2012,2012,988,988,988,988,1500,1500,1500,1500,1500,1500,1500,1500,1500,1500,1500,1500,1500,1500,1500,1500,1500,1500,1500,1500,1500,1500,7.5
2000-01-01,00:28:27.530,-62,0,100,10,0,9,25,-50,100,10,-3,7,-1024,3,1,1,-1,-1,-1,-1,0x0000000000000000,1500,1500,988,1529,2012,2012,988,988,988,988,1500,1500,1500,1500,1500,1500,1500,1500,1500,1500,1500,1500,1500,1500,1500,1500,1500,1500,1500,1500,1500,1500,7.5
2000-01-01,00:28:27.730,-61,0,100,9,0,9,25,-50,100,11,-2,8,-1024,3,1,1,-1,-1,-1,-1,0x0000000000000000,1500,1500,988,1529,2012,2012,988,988,988,988,1500,1500,1500,1500,1500,1500,1500,1500,1500,1500,1500,1500,1500,1500,1500,1500,1500,1500,1500,1500,1500,1500,7.5
2000-01-01,00:28:27.930,-61,0,100,9,0,9,25,-50,100,11,-3,8,-1024,3,1,1,-1,-1,-1,-1,0x0000000000000000,1500,1500,988,1529,2012,2012,988,988,988,988,1500,1500,1500,1500,1500,1500,1500,1500,1500,1500,1500,1500,1500,1500,1500,1500,1500,1500,1500,1500,1500,1500,7.5
2000-01-01,00:28:28.130,-61,0,100,10,0,9,25,-49,100,9,-2,8,-1024,2,1,1,-1,-1,-1,-1,0x0000000000000000,1500,1500,988,1529,2012,2012,988,988,988,988,1500,1500,1500,1500,1500,1500,1500,1500,1500,1500,1500,1500,1500,1500,1500,1500,1500,1500,1500,1500,1500,1500,7.5
2000-01-01,00:28:28.330,-61,0,99,10,0,9,25,-48,100,10,-3,7,-1024,3,1,1,-1,-1,-1,-1,0x0000000000000000,1500,1500,988,1529,2012,2012,988,988,988,988,1500,1500,1500,1500,1500,1500,1500,1500,1500,1500,1500,1500,1500,1500,1500,1500,1500,1500,1500,1500,1500,1500,7.5
2000-01-01,00:28:28.530,-61,0,99,10,0,9,25,-50,100,12,-3,8,-1024,3,1,1,-1,-1,-1,-1,0x0000000000000000,1500,1500,988,1529,2012,2012,988,988,988,988,1500,1500,1500,1500,1500,1500,1500,1500,1500,1500,1500,1500,1500,1500,1500,1500,1500,1500,1500,1500,1500,1500,7.5
2000-01-01,00:28:28.730,-61,0,100,9,0,9,25,-48,100,11,-3,7,-1024,3,1,1,-1,-1,-1,-1,0x0000000000000000,1500,1500,988,1529,2012,2012,988,988,988,988,1500,1500,1500,1500,1500,1500,1500,1500,1500,1500,1500,1500,1500,1500,1500,1500,1500,1500,1500,1500,1500,1500,7.5
2000-01-01,00:28:28.930,-62,0,99,11,0,9,25,-49,100,11,-3,8,-1024,4,1,1,-1,-1,-1,-1,0x0000000000000000,1500,1500,988,1529,2012,2012,988,988,988,988,1500,1500,1500,1500,1500,1500,1500,1500,1500,1500,1500,1500,1500,1500,1500,1500,1500,1500,1500,1500,1500,1500,7.5
2000-01-01,00:28:29.130,-62,0,99,11,0,9,25,-49,100,11,-3,8,-1024,3,1,1,-1,-1,-1,-1,0x0000000000000000,1500,1500,988,1529,2012,2012,988,988,988,988,1500,1500,1500,1500,1500,1500,1500,1500,1500,1500,1500,1500,1500,1500,1500,1500,1500,1500,1500,1500,1500,1500,7.5
2000-01-01,00:28:29.330,-62,0,99,10,0,9,25,-49,100,12,-3,7,-1024,3,1,1,-1,-1,-1,-1,0x0000000000000000,1500,1500,988,1529,2012,2012,988,988,988,988,1500,1500,1500,1500,1500,1500,1500,1500,1500,1500,1500,1500,1500,1500,1500,1500,1500,1500,1500,1500,1500,1500,7.5
2000-01-01,00:28:29.530,-3,7,-1024,3,1,1,-1,-1,-1,-1,0x0000000000000000,1500,1500,988,1529,2012,2012,988,988,988,988,1500,1500,1500,1500,1500,1500,1500,1500,1500,1500,1500,1500,1500,1500,1500,1500,1500,1500,1500,1500,1500,1500,7.5
2000-01-01,00:28:29.730,-61,0,100,10,0,9,25,-50,100,9,-3,7,-1024,2,1,1,-1,-1,-1,-1,0x0000000000000000,1500,1500,988,1529,2012,2012,988,988,988,988,1500,1500,1500,1500,1500,1500,1500,1500,1500,1500,1500,1500,1500,1500,1500,1500,1500,1500,1500,1500,1500,1500,7.5
2000-01-01,00:28:29.930,-62,0,100,10,0,9,25,-49,100,10,-3,8,-1024,2,1,1,-1,-1,-1,-1,0x0000000000000000,1500,1500,988,1529,2012,2012,988,988,988,988,1500,1500,1500,1500,1500,1500,1500,1500,1500,1500,1500,1500,1500,1500,1500,1500,1500,1500,1500,1500,1500,1500,7.5
2000-01-01,00:28:30.130,-62,0,100,9,0,9,25,-48,100,11,-2,7,-1024,2,1,1,-1,-1,-1,-1,0x0000000000000000,1500,1500,988,1529,2012,2012,988,988,988,988,1500,1500,1500,1500,1500,1500,1500,1500,1500,1500,1500,1500,1500,1500,1500,1500,1500,1500,1500,1500,1500,1500,7.5
2000-01-01,00:28:30.330,-62,0,100,9,0,9,25,-48,100,11,-3,7,-1024,2,1,1,-1,-1,-1,-1,0x0000000000000000,1500,1500,988,1529,2012,2012,988,988,988,988,1500,1500,1500,1500,1500,1500,1500,1500,1500,1500,1500,1500,1500,1500,1500,1500,1500,1500,1500,1500,1500,1500,7.5
2000-01-01,00:28:30.530,-61,0,100,9,0,9,25,-49,100,11,-3,7,-1024,3,1,1,-1,-1,-1,-1,0x0000000000000000,1500,1500,988,1529,2012,2012,988,988,988,988,1500,1500,1500,1500,1500,1500,1500,1500,1500,1500,1500,1500,1500,1500,1500,1500,1500,1500,1500,1500,1500,1500,7.5
2000-01-01,00:28:30.730,-61,0,100,10,0,9,25,-48,100,9,-4,9,-1024,2,1,1,-1,-1,-1,-1,0x0000000000000000,1500,1500,988,1529,2012,2012,988,988,988,988,1500,1500,1500,1500,1500,1500,1500,1500,1500,1500,1500,1500,1500,1500,1500,1500,1500,1500,1500,1500,1500,1500,7.5
2000-01-01,00:28:30.930,-62,0,100,11,0,9,25,-49,100,11,-2,8,-1024,2,1,1,-1,-1,-1,-1,0x0000000000000000,1500,1500,988,1529,2012,2012,988,988,988,988,1500,1500,1500,1500,1500,1500,1500,1500,1500,1500,1500,1500,1500,1500,1500,1500,1500,1500,1500,1500,1500,1500,7.5
2000-01-01,00:28:31.130,-62,0,100,11,0,9,25,-49,100,11,-2,8,-1024,2,1,1,-1,-1,-1,-1,0x0000000000000000,1500,1500,988,1529,2012,2012,988,988,988,988,1500,1500,1500,1500,1500,1500,1500,1500,1500,1500,1500,1500,1500,1500,1500,1500,1500,1500,1500,1500,1500,1500,7.5
2000-01-01,00:28:31.330,-62,0,100,10,0,9,25,-50,100,11,-2,9,-1024,1,1,1,-1,-1,-1,-1,0x0000000000000000,1500,1500,988,1529,2012,2012,988,988,988,988,1500,1500,1500,1500,1500,1500,1500,1500,1500,1500,1500,1500,1500,1500,1500,1500,1500,1500,1500,1500,1500,1500,7.5
2000-01-01,00:28:31.530,-62,0,100,10,0,9,25,-50,100,11,-1,8,-1024,2,1,1,-1,-1,-1,-1,0x0000000000000000,1500,1500,988,1530,2012,2012,988,988,988,988,1500,1500,1500,1500,1500,1500,1500,1500,1500,1500,1500,1500,1500,1500,1500,1500,1500,1500,1500,1500,1500,1500,7.5
2000-01-01,00:28:31.730,-61,0,100,9,0,9,25,-50,100,10,-3,7,-1024,3,1,1,-1,-1,-1,-1,0x0000000000000000,1500,1500,988,1529,2012,2012,988,988,988,988,1500,1500,1500,1500,1500,1500,1500,1500,1500,1500,1500,1500,1500,1500,1500,1500,1500,1500,1500,1500,1500,1500,7.5
2000-01-01,00:28:31.930,-62,0,100,10,0,9,25,-49,100,11,-3,8,-1024,2,1,1,-1,-1,-1,-1,0x0000000000000000,1500,1500,988,1529,2012,2012,988,988,988,988,1500,1500,1500,1500,1500,1500,1500,1500,1500,1500,1500,1500,1500,1500,1500,1500,1500,1500,1500,1500,1500,1500,7.5
2000-01-01,00:28:32.130,-62,0,100,11,0,9,25,-49,100,11,-3,7,-1024,3,1,1,-1,-1,-1,-1,0x0000000000000000,1500,1500,988,1529,2012,2012,988,988,988,988,1500,1500,1500,1500,1500,1500,1500,1500,1500,1500,1500,1500,1500,1500,1500,1500,1500,1500,1500,1500,1500,1500,7.5
2000-01-01,00:28:32.330,-61,0,100,10,0,9,25,-49,100,10,-2,8,-1024,3,1,1,-1,-1,-1,-1,0x0000000000000000,1500,1500,988,1529,2012,2012,988,988,988,988,1500,1500,1500,1500,1500,1500,1500,1500,1500,1500,1500,1500,1500,1500,1500,1500,1500,1500,1500,1500,1500,1500,7.5
2000-01-01,00:28:32.530,-61,0,100,9,0,9,25,-48,100,11,-3,7,-1024,3,1,1,-1,-1,-1,-1,0x0000000000000000,1500,1500,988,1529,2012,2012,988,988,988,988,1500,1500,1500,1500,1500,1500,1500,1500,1500,1500,1500,1500,1500,1500,1500,1500,1500,1500,1500,1500,1500,1500,7.5
2000-01-01,00:28:32.730,-61,0,100,9,0,9,25,-48,100,11,-3,7,-1024,3,1,1,-1,-1,-1,-1,0x0000000000000000,1500,1500,988,1529,2012,2012,988,988,988,988,1500,1500,1500,1500,1500,1500,1500,1500,1500,1500,1500,1500,1500,1500,1500,1500,1500,1500,1500,1500,1500,1500,7.5
2000-01-01,00:28:32.930,-62,0,100,10,0,9,25,-49,100,11,-2,8,-1024,3,1,1,-1,-1,-1,-1,0x0000000000000000,1500,1500,988,1529,2012,2012,988,988,988,988,1500,1500,1500,1500,1500,1500,1500,1500,1500,1500,1500,1500,1500,1500,1500,1500,1500,1500,1500,1500,1500,1500,7.5
2000-01-01,00:28:33.130,-61,0,100,10,0,9,25,-49,100,11,-3,8,-1024,3,1,1,-1,-1,-1,-1,0x0000000000000000,1500,1500,988,1529,2012,2012,988,988,988,988,1500,1500,1500,1500,1500,1500,1500,1500,1500,1500,1500,1500,1500,1500,1500,1500,1500,1500,1500,1500,1500,1500,7.4
2000-01-01,00:28:33.330,-62,0,100,9,0,9,25,-51,100,11,-3,7,-1024,3,1,1,-1,-1,-1,-1,0x0000000000000000,1500,1500,988,1529,2012,2012,988,988,988,988,1500,1500,1500,1500,1500,1500,1500,1500,1500,1500,1500,1500,1500,1500,1500,1500,1500,1500,1500,1500,1500,1500,7.4
2000-01-01,00:28:33.530,-61,0,99,10,0,9,25,-50,100,9,-3,7,-1024,3,1,1,-1,-1,-1,-1,0x0000000000000000,1500,1500,988,1529,2012,2012,988,988,988,988,1500,1500,1500,1500,1500,1500,1500,1500,1500,1500,1500,1500,1500,1500,1500,1500,1500,1500,1500,1500,1500,1500,7.4
2000-01-01,00:28:33.730,-61,0,99,10,0,9,25,-50,100,9,-3,8,-1024,3,1,1,-1,-1,-1,-1,0x0000000000000000,1500,1500,988,1529,2012,2012,988,988,988,988,1500,1500,1500,1500,1500,1500,1500,1500,1500,1500,1500,1500,1500,1500,1500,1500,1500,1500,1500,1500,1500,1500,7.4
2000-01-01,00:28:33.930,-61,0,99,10,0,9,25,-50,100,9,-3,8,-1024,3,1,1,-1,-1,-1,-1,0x0000000000000000,1500,1500,988,1529,2012,2012,988,988,988,988,1500,1500,1500,1500,1500,1500,1500,1500,1500,1500,1500,1500,1500,1500,1500,1500,1500,1500,1500,1500,1500,1500,7.4
2000-01-01,00:28:34.130,-61,0,99,11,0,9,25,-48,100,10,-3,8,-1024,3,1,1,-1,-1,-1,-1,0x0000000000000000,1500,1500,988,1529,2012,2012,988,988,988,988,1500,1500,1500,1500,1500,1500,1500,1500,1500,1500,1500,1500,1500,1500,1500,1500,1500,1500,1500,1500,1500,1500,7.4
2000-01-01,00:28:34.330,-61,0,100,10,0,9,25,-49,100,12,-3,8,-1024,3,1,1,-1,-1,-1,-1,0x0000000000000000,1500,1500,988,1529,2012,2012,988,988,988,988,1500,1500,1500,1500,1500,1500,1500,1500,1500,1500,1500,1500,1500,1500,1500,1500,1500,1500,1500,1500,1500,1500,7.4
2000-01-01,00:28:34.530,-61,0,99,10,0,9,25,-49,100,11,-2,8,-1024,3,1,1,-1,-1,-1,-1,0x0000000000000000,1500,1500,988,1529,2012,2012,988,988,988,988,1500,1500,1500,1500,1500,1500,1500,1500,1500,1500,1500,1500,1500,1500,1500,1500,1500,1500,1500,1500,1500,1500,7.4
2000-01-01,00:28:34.730,-62,0,99,11,0,9,25,-49,100,12,-3,8,-1024,2,1,1,-1,-1,-1,-1,0x0000000000000000,1500,1500,988,1529,2012,2012,988,988,988,988,1500,1500,1500,1500,1500,1500,1500,1500,1500,1500,1500,1500,1500,1500,1500,1500,1500,1500,1500,1500,1500,1500,7.4
2000-01-01,00:28:34.930,-62,0,100,9,0,9,25,-49,100,12,-3,8,-1024,3,1,1,-1,-1,-1,-1,0x0000000000000000,1500,1500,988,1529,2012,2012,988,988,988,988,1500,1500,1500,1500,1500,1500,1500,1500,1500,1500,1500,1500,1500,1500,1500,1500,1500,1500,1500,1500,1500,1500,7.4
2000-01-01,00:28:35.130,-62,0,100,9,0,9,25,-49,100,12,-3,8,-1024,3,1,1,-1,-1,-1,-1,0x0000000000000000,1500,1500,988,1529,2012,2012,988,988,988,988,1500,1500,1500,1500,1500,1500,1500,1500,1500,1500,1500,1500,1500,1500,1500,1500,1500,1500,1500,1500,1500,1500,7.4
2000-01-01,00:28:35.330,-62,0,99,10,0,9,25,-50,100,11,-3,7,-1024,3,1,1,-1,-1,-1,-1,0x0000000000000000,1500,1500,988,1529,2012,2012,988,988,988,988,1500,1500,1500,1500,1500,1500,1500,1500,1500,1500,1500,1500,1500,1500,1500,1500,1500,1500,1500,1500,1500,1500,7.4
2000-01-01,00:28:35.530,-62,0,98,10,0,9,25,-50,100,10,-3,7,-1024,3,1,1,-1,-1,-1,-1,0x0000000000000000,1500,1500,988,1529,2012,2012,988,988,988,988,1500,1500,1500,1500,1500,1500,1500,1500,1500,1500,1500,1500,1500,1500,1500,1500,1500,1500,1500,1500,1500,1500,7.4
2000-01-01,00:28:35.730,-62,0,97,10,0,9,25,-49,100,10,-2,8,-1024,3,1,1,-1,-1,-1,-1,0x0000000000000000,1500,1500,988,1529,2012,2012,988,988,988,988,1500,1500,1500,1500,1500,1500,1500,1500,1500,1500,1500,1500,1500,1500,1500,1500,1500,1500,1500,1500,1500,1500,7.4
2000-01-01,00:28:35.930,-61,0,98,9,0,9,25,-49,100,10,-3,8,-1024,3,1,1,-1,-1,-1,-1,0x0000000000000000,1500,1500,988,1529,2012,2012,988,988,988,988,1500,1500,1500,1500,1500,1500,1500,1500,1500,1500,1500,1500,1500,1500,1500,1500,1500,1500,1500,1500,1500,1500,7.4
2000-01-01,00:28:36.130,-61,0,98,11,0,9,25,-50,100,10,-3,8,-1024,3,1,1,-1,-1,-1,-1,0x0000000000000000,1500,1500,988,1529,2012,2012,988,988,988,988,1500,1500,1500,1500,1500,1500,1500,1500,1500,1500,1500,1500,1500,1500,1500,1500,1500,1500,1500,1500,1500,1500,7.4
2000-01-01,00:28:36.330,-61,0,98,11,0,9,25,-50,100,10,-3,7,-1024,3,1,1,-1,-1,-1,-1,0x0000000000000000,1500,1500,988,1529,2012,2012,988,988,988,988,1500,1500,1500,1500,1500,1500,1500,1500,1500,1500,1500,1500,1500,1500,1500,1500,1500,1500,1500,1500,1500,1500,7.4
2000-01-01,00:28:36.530,-61,0,100,10,0,9,25,-49,100,12,-3,8,-1024,3,1,1,-1,-1,-1,-1,0x0000000000000000,1500,1500,988,1529,2012,2012,988,988,988,988,1500,1500,1500,1500,1500,1500,1500,1500,1500,1500,1500,1500,1500,1500,1500,1500,1500,1500,1500,1500,1500,1500,7.4
2000-01-01,00:28:36.730,-62,0,99,11,0,9,25,-49,100,11,-3,8,-1024,3,1,1,-1,-1,-1,-1,0x0000000000000000,1500,1500,988,1529,2012,2012,988,988,988,988,1500,1500,1500,1500,1500,1500,1500,1500,1500,1500,1500,1500,1500,1500,1500,1500,1500,1500,1500,1500,1500,1500,7.4
2000-01-01,00:28:36.930,-62,0,99,10,0,9,25,-49,100,11,-3,7,-1024,3,1,1,-1,-1,-1,-1,0x0000000000000000,1500,1500,988,1529,2012,2012,988,988,988,988,1500,1500,1500,1500,1500,1500,1500,1500,1500,1500,1500,1500,1500,1500,1500,1500,1500,1500,1500,1500,1500,1500,7.4
2000-01-01,00:28:37.130,-62,0,99,9,0,9,25,-50,100,11,-3,8,-1024,4,1,1,-1,-1,-1,-1,0x0000000000000000,1500,1500,988,1529,2012,2012,988,988,988,988,1500,1500,1500,1500,1500,1500,1500,1500,1500,1500,1500,1500,1500,1500,1500,1500,1500,1500,1500,1500,1500,1500,7.4
2000-01-01,00:28:37.330,-62,0,99,10,0,9,25,-50,100,10,-3,8,-1024,3,1,1,-1,-1,-1,-1,0x0000000000000000,1500,1500,988,1529,2012,2012,988,988,988,988,1500,1500,1500,1500,1500,1500,1500,1500,1500,1500,1500,1500,1500,1500,1500,1500,1500,1500,1500,1500,1500,1500,7.4
2000-01-01,00:28:37.530,-62,0,99,10,0,9,25,-50,100,10,-2,8,-1024,4,1,1,-1,-1,-1,-1,0x0000000000000000,1500,1500,988,1529,2012,2012,988,988,988,988,1500,1500,1500,1500,1500,1500,1500,1500,1500,1500,1500,1500,1500,1500,1500,1500,1500,1500,1500,1500,1500,1500,7.4
2000-01-01,00:28:37.730,-62,0,100,10,0,9,25,-49,100,11,-3,8,-1024,3,1,1,-1,-1,-1,-1,0x0000000000000000,1500,1500,988,1529,2012,2012,988,988,988,988,1500,1500,1500,1500,1500,1500,1500,1500,1500,1500,1500,1500,1500,1500,1500,1500,1500,1500,1500,1500,1500,1500,7.4
2000-01-01,00:28:37.930,-62,0,100,9,0,9,25,-48,100,11,-3,7,-1024,3,1,1,-1,-1,-1,-1,0x0000000000000000,1500,1500,988,1529,2012,2012,988,988,988,988,1500,1500,1500,1500,1500,1500,1500,1500,1500,1500,1500,1500,1500,1500,1500,1500,1500,1500,1500,1500,1500,1500,7.4
2000-01-01,00:28:38.130,-61,0,100,9,0,9,25,-49,100,11,-3,8,-1024,3,1,1,-1,-1,-1,-1,0x0000000000000000,1500,1500,988,1529,2012,2012,988,988,988,988,1500,1500,1500,1500,1500,1500,1500,1500,1500,1500,1500,1500,1500,1500,1500,1500,1500,1500,1500,1500,1500,1500,7.4
2000-01-01,00:28:38.330,-61,0,100,11,0,9,25,-48,100,12,-3,8,-1024,3,1,1,-1,-1,-1,-1,0x0000000000000000,1500,1500,988,1529,2012,2012,988,988,988,988,1500,1500,1500,1500,1500,1500,1500,1500,1500,1500,1500,1500,1500,1500,1500,1500,1500,1500,1500,1500,1500,1500,7.4
2000-01-01,00:28:38.530,-62,0,100,11,0,9,25,-49,100,11,-3,8,-1024,2,1,1,-1,-1,-1,-1,0x0000000000000000,1500,1500,988,1529,2012,2012,988,988,988,988,1500,1500,1500,1500,1500,1500,1500,1500,1500,1500,1500,1500,1500,1500,1500,1500,1500,1500,1500,1500,1500,1500,7.4
2000-01-01,00:28:38.730,-62,0,100,11,0,9,25,-49,100,11,-3,7,-1024,3,1,1,-1,-1,-1,-1,0x0000000000000000,1500,1500,988,1529,2012,2012,988,988,988,988,1500,1500,1500,1500,1500,1500,1500,1500,1500,1500,1500,1500,1500,1500,1500,1500,1500,1500,1500,1500,1500,1500,7.4
2000-01-01,00:28:38.930,-61,0,100,9,0,9,25,-50,100,10,-3,7,-1024,4,1,1,-1,-1,-1,-1,0x0000000000000000,1500,1500,988,1529,2012,2012,988,988,988,988,1500,1500,1500,1500,1500,1500,1500,1500,1500,1500,1500,1500,1500,1500,1500,1500,1500,1500,1500,1500,1500,1500,7.4
2000-01-01,00:28:39.130,-62,0,100,10,0,9,25,-50,100,11,-2,8,-1024,3,1,1,-1,-1,-1,-1,0x0000000000000000,1500,1500,988,1529,2012,2012,988,988,988,988,1500,1500,1500,1500,1500,1500,1500,1500,1500,1500,1500,1500,1500,1500,1500,1500,1500,1500,1500,1500,1500,1500,7.4
2000-01-01,00:28:39.330,-61,0,100,10,0,9,25,-50,100,9,-3,8,-1024,3,1,1,-1,-1,-1,-1,0x0000000000000000,1500,1500,988,1529,2012,2012,988,988,988,988,1500,1500,1500,1500,1500,1500,1500,1500,1500,1500,1500,1500,1500,1500,1500,1500,1500,1500,1500,1500,1500,1500,7.4
2000-01-01,00:28:39.530,-62,0,100,10,0,9,25,-49,100,11,-3,7,-1024,3,1,1,-1,-1,-1,-1,0x0000000000000000,1500,1500,988,1529,2012,2012,988,988,988,988,1500,1500,1500,1500,1500,1500,1500,1500,1500,1500,1500,1500,1500,1500,1500,1500,1500,1500,1500,1500,1500,1500,7.4
2000-01-01,00:28:39.730,-62,0,100,9,0,9,25,-48,100,10,-3,7,-1024,2,1,1,-1,-1,-1,-1,0x0000000000000000,1500,1500,988,1529,2012,2012,988,988,988,988,1500,1500,1500,1500,1500,1500,1500,1500,1500,1500,1500,1500,1500,1500,1500,1500,1500,1500,1500,1500,1500,1500,7.4
2000-01-01,00:28:39.930,-62,0,100,9,0,9,25,-48,100,10,-3,8,-1024,3,1,1,-1,-1,-1,-1,0x0000000000000000,1500,1500,988,1529,2012,2012,988,988,988,988,1500,1500,1500,1500,1500,1500,1500,1500,1500,1500,1500,1500,1500,1500,1500,1500,1500,1500,1500,1500,1500,1500,7.4
2000-01-01,00:28:40.130,-61,0,100,11,0,9,25,-49,100,10,-3,8,-1024,3,1,1,-1,-1,-1,-1,0x0000000000000000,1500,1500,988,1529,2012,2012,988,988,988,988,1500,1500,1500,1500,1500,1500,1500,1500,1500,1500,1500,1500,1500,1500,1500,1500,1500,1500,1500,1500,1500,1500,7.4
2000-01-01,00:28:40.330,-61,0,100,10,0,9,25,-48,100,9,-3,7,-1024,2,1,1,-1,-1,-1,-1,0x0000000000000000,1500,1500,988,1529,2012,2012,988,988,988,988,1500,1500,1500,1500,1500,1500,1500,1500,1500,1500,1500,1500,1500,1500,1500,1500,1500,1500,1500,1500,1500,1500,7.4
2000-01-01,00:28:40.530,-62,0,100,9,0,9,25,-49,100,11,-4,8,-1024,4,1,1,-1,-1,-1,-1,0x0000000000000000,1500,1500,988,1529,2012,2012,988,988,988,988,1500,1500,1500,1500,1500,1500,1500,1500,1500,1500,1500,1500,1500,1500,1500,1500,1500,1500,1500,1500,1500,1500,7.4
2000-01-01,00:28:40.730,-62,0,100,11,0,9,25,-49,100,11,-3,8,-1024,3,1,1,-1,-1,-1,-1,0x0000000000000000,1500,1500,988,1528,2012,2012,988,988,988,988,1500,1500,1500,1500,1500,1500,1500,1500,1500,1500,1500,1500,1500,1500,1500,1500,1500,1500,1500,1500,1500,1500,7.4
2000-01-01,00:28:40.930,-62,0,100,10,0,9,25,-50,100,11,-3,7,-1024,3,1,1,-1,-1,-1,-1,0x0000000000000000,1500,1500,988,1529,2012,2012,988,988,988,988,1500,1500,1500,1500,1500,1500,1500,1500,1500,1500,1500,1500,1500,1500,1500,1500,1500,1500,1500,1500,1500,1500,7.4
2000-01-01,00:28:41.130,-62,0,100,10,0,9,25,-50,100,11,-3,8,-1024,3,1,1,-1,-1,-1,-1,0x0000000000000000,1500,1500,988,1529,2012,2012,988,988,988,988,1500,1500,1500,1500,1500,1500,1500,1500,1500,1500,1500,1500,1500,1500,1500,1500,1500,1500,1500,1500,1500,1500,7.4
2000-01-01,00:28:41.330,-61,0,100,10,0,9,25,-50,100,9,-3,7,-1024,3,1,1,-1,-1,-1,-1,0x0000000000000000,1500,1500,988,1529,2012,2012,988,988,988,988,1500,1500,1500,1500,1500,1500,1500,1500,1500,1500,1500,1500,1500,1500,1500,1500,1500,1500,1500,1500,1500,1500,7.4
2000-01-01,00:28:41.530,-62,0,100,11,0,9,25,-49,100,12,-3,7,-1024,3,1,1,-1,-1,-1,-1,0x0000000000000000,1500,1500,988,1529,2012,2012,988,988,988,988,1500,1500,1500,1500,1500,1500,1500,1500,1500,1500,1500,1500,1500,1500,1500,1500,1500,1500,1500,1500,1500,1500,7.4
2000-01-01,00:28:41.730,-62,0,98,10,0,9,25,-49,100,11,-4,7,-1024,3,1,1,-1,-1,-1,-1,0x0000000000000000,1500,1500,988,1528,2012,2012,988,988,988,988,1500,1500,1500,1500,1500,1500,1500,1500,1500,1500,1500,1500,1500,1500,1500,1500,1500,1500,1500,1500,1500,1500,7.4
2000-01-01,00:28:41.930,-61,0,99,10,0,9,25,-49,100,12,-3,8,-1024,3,1,1,-1,-1,-1,-1,0x0000000000000000,1500,1500,988,1529,2012,2012,988,988,988,988,1500,1500,1500,1500,1500,1500,1500,1500,1500,1500,1500,1500,1500,1500,1500,1500,1500,1500,1500,1500,1500,1500,7.4
2000-01-01,00:28:42.130,-61,0,99,10,0,9,25,-48,100,12,-3,8,-1024,3,1,1,-1,-1,-1,-1,0x0000000000000000,1500,1500,988,1529,2012,2012,988,988,988,988,1500,1500,1500,1500,1500,1500,1500,1500,1500,1500,1500,1500,1500,1500,1500,1500,1500,1500,1500,1500,1500,1500,7.4
2000-01-01,00:28:42.330,-61,0,99,10,0,9,25,-48,100,12,-3,8,-1024,3,1,1,-1,-1,-1,-1,0x0000000000000000,1500,1500,988,1529,2012,2012,988,988,988,988,1500,1500,1500,1500,1500,1500,1500,1500,1500,1500,1500,1500,1500,1500,1500,1500,1500,1500,1500,1500,1500,1500,7.4
2000-01-01,00:28:42.530,-62,0,99,11,0,9,25,-49,100,11,-3,8,-1024,3,1,1,-1,-1,-1,-1,0x0000000000000000,1500,1500,988,1529,2012,2012,988,988,988,988,1500,1500,1500,1500,1500,1500,1500,1500,1500,1500,1500,1500,1500,1500,1500,1500,1500,1500,1500,1500,1500,1500,7.4
2000-01-01,00:28:42.730,-62,0,100,9,0,9,25,-49,100,11,-3,7,-1024,3,1,1,-1,-1,-1,-1,0x0000000000000000,1500,1500,988,1529,2012,2012,988,988,988,988,1500,1500,1500,1500,1500,1500,1500,1500,1500,1500,1500,1500,1500,1500,1500,1500,1500,1500,1500,1500,1500,1500,7.4
2000-01-01,00:28:42.930,-62,0,100,10,0,9,25,-50,100,11,-3,8,-1024,3,1,1,-1,-1,-1,-1,0x0000000000000000,1500,1500,988,1529,2012,2012,988,988,988,988,1500,1500,1500,1500,1500,1500,1500,1500,1500,1500,1500,1500,1500,1500,1500,1500,1500,1500,1500,1500,1500,1500,7.4
2000-01-01,00:28:43.130,-61,0,100,11,0,9,25,-50,100,10,-3,7,-1024,3,1,1,-1,-1,-1,-1,0x0000000000000000,1500,1500,988,1529,2012,2012,988,988,988,988,1500,1500,1500,1500,1500,1500,1500,1500,1500,1500,1500,1500,1500,1500,1500,1500,1500,1500,1500,1500,1500,1500,7.4
2000-01-01,00:28:43.330,-62,0,98,10,0,9,25,-49,100,10,-3,8,-1024,3,1,1,-1,-1,-1,-1,0x0000000000000000,1500,1500,988,1529,2012,2012,988,988,988,988,1500,1500,1500,1500,1500,1500,1500,1500,1500,1500,1500,1500,1500,1500,1500,1500,1500,1500,1500,1500,1500,1500,7.4
2000-01-01,00:28:43.530,-62,0,98,10,0,9,25,-49,100,10,-3,7,-1024,3,1,1,-1,-1,-1,-1,0x0000000000000000,1500,1500,988,1529,2012,2012,988,988,988,988,1500,1500,1500,1500,1500,1500,1500,1500,1500,1500,1500,1500,1500,1500,1500,1500,1500,1500,1500,1500,1500,1500,7.4
2000-01-01,00:28:43.730,-62,0,99,9,0,9,25,-48,100,10,-4,7,-1024,2,1,1,-1,-1,-1,-1,0x0000000000000000,1500,1500,988,1528,2012,2012,988,988,988,988,1500,1500,1500,1500,1500,1500,1500,1500,1500,1500,1500,1500,1500,1500,1500,1500,1500,1500,1500,1500,1500,1500,7.4
2000-01-01,00:28:43.930,-61,0,99,10,0,9,25,-49,100,11,-3,8,-1024,3,1,1,-1,-1,-1,-1,0x0000000000000000,1500,1500,988,1529,2012,2012,988,988,988,988,1500,1500,1500,1500,1500,1500,1500,1500,1500,1500,1500,1500,1500,1500,1500,1500,1500,1500,1500,1500,1500,1500,7.4
2000-01-01,00:28:44.130,-61,0,100,10,0,9,25,-48,100,12,-3,8,-1024,3,1,1,-1,-1,-1,-1,0x0000000000000000,1500,1500,988,1529,2012,2012,988,988,988,988,1500,1500,1500,1500,1500,1500,1500,1500,1500,1500,1500,1500,1500,1500,1500,1500,1500,1500,1500,1500,1500,1500,7.4
2000-01-01,00:28:44.330,-62,0,99,9,0,9,25,-49,100,11,-3,7,-1024,3,1,1,-1,-1,-1,-1,0x0000000000000000,1500,1500,988,1529,2012,2012,988,988,988,988,1500,1500,1500,1500,1500,1500,1500,1500,1500,1500,1500,1500,1500,1500,1500,1500,1500,1500,1500,1500,1500,1500,7.4
2000-01-01,00:28:44.530,-62,0,99,10,0,9,25,-49,100,10,-3,7,-1024,3,1,1,-1,-1,-1,-1,0x0000000000000000,1500,1500,988,1529,2012,2012,988,988,988,988,1500,1500,1500,1500,1500,1500,1500,1500,1500,1500,1500,1500,1500,1500,1500,1500,1500,1500,1500,1500,1500,1500,7.4
2000-01-01,00:28:44.730,-62,0,99,10,0,9,25,-49,100,10,-1,8,-1024,2,1,1,-1,-1,-1,-1,0x0000000000000000,1500,1500,988,1530,2012,2012,988,988,988,988,1500,1500,1500,1500,1500,1500,1500,1500,1500,1500,1500,1500,1500,1500,1500,1500,1500,1500,1500,1500,1500,1500,7.4
2000-01-01,00:28:44.910,-62,0,99,10,0,9,25,-50,100,12,-3,7,-1024,3,1,1,-1,-1,-1,-1,0x0000000000000000,1500,1500,988,1529,2012,2012,988,988,988,988,1500,1500,1500,1500,1500,1500,1500,1500,1500,1500,1500,1500,1500,1500,1500,1500,1500,1500,1500,1500,1500,1500,7.4
2000-01-01,00:28:45.110,-61,0,99,10,0,9,25,-50,100,10,-2,8,-1024,3,1,1,-1,-1,-1,-1,0x0000000000000000,1500,1500,988,1529,2012,2012,988,988,988,988,1500,1500,1500,1500,1500,1500,1500,1500,1500,1500,1500,1500,1500,1500,1500,1500,1500,1500,1500,1500,1500,1500,7.4
2000-01-01,00:28:45.310,-62,0,100,9,0,9,25,-49,100,11,-2,7,-1024,4,1,1,-1,-1,-1,-1,0x0000000000000000,1500,1500,988,1529,2012,2012,988,988,988,988,1500,1500,1500,1500,1500,1500,1500,1500,1500,1500,1500,1500,1500,1500,1500,1500,1500,1500,1500,1500,1500,1500,7.4
2000-01-01,00:28:45.510,-62,0,100,10,0,9,25,-49,100,10,-3,8,-1024,3,1,1,-1,-1,-1,-1,0x0000000000000000,1500,1500,988,1529,2012,2012,988,988,988,988,1500,1500,1500,1500,1500,1500,1500,1500,1500,1500,1500,1500,1500,1500,1500,1500,1500,1500,1500,1500,1500,1500,7.4
2000-01-01,00:28:45.710,-61,0,100,11,0,9,25,-50,100,10,-3,8,-1024,3,1,1,-1,-1,-1,-1,0x0000000000000000,1500,1500,988,1529,2012,2012,988,988,988,988,1500,1500,1500,1500,1500,1500,1500,1500,1500,1500,1500,1500,1500,1500,1500,1500,1500,1500,1500,1500,1500,1500,7.4
2000-01-01,00:28:45.910,-61,0,100,11,0,9,25,-50,100,10,-3,8,-1024,3,1,1,-1,-1,-1,-1,0x0000000000000000,1500,1500,988,1529,2012,2012,988,988,988,988,1500,1500,1500,1500,1500,1500,1500,1500,1500,1500,1500,1500,1500,1500,1500,1500,1500,1500,1500,1500,1500,1500,7.4
2000-01-01,00:28:46.110,-61,0,100,9,0,9,25,-49,100,11,-2,8,-1024,2,1,1,-1,-1,-1,-1,0x0000000000000000,1500,1500,988,1529,2012,2012,988,988,988,988,1500,1500,1500,1500,1500,1500,1500,1500,1500,1500,1500,1500,1500,1500,1500,1500,1500,1500,1500,1500,1500,1500,7.4
2000-01-01,00:28:46.310,-62,0,100,10,0,9,25,-49,100,10,-2,8,-1024,2,1,1,-1,-1,-1,-1,0x0000000000000000,1500,1500,988,1529,2012,2012,988,988,988,988,1500,1500,1500,1500,1500,1500,1500,1500,1500,1500,1500,1500,1500,1500,1500,1500,1500,1500,1500,1500,1500,1500,7.4
2000-01-01,00:28:46.510,-62,0,100,9,0,9,25,-49,100,11,-2,8,-1024,3,1,1,-1,-1,-1,-1,0x0000000000000000,1500,1500,988,1529,2012,2012,988,988,988,988,1500,1500,1500,1500,1500,1500,1500,1500,1500,1500,1500,1500,1500,1500,1500,1500,1500,1500,1500,1500,1500,1500,7.4
2000-01-01,00:28:46.710,-62,0,100,10,0,9,25,-51,100,10,-2,7,-1024,3,1,1,-1,-1,-1,-1,0x0000000000000000,1500,1500,988,1529,2012,2012,988,988,988,988,1500,1500,1500,1500,1500,1500,1500,1500,1500,1500,1500,1500,1500,1500,1500,1500,1500,1500,1500,1500,1500,1500,7.4
2000-01-01,00:28:46.910,-62,0,100,10,0,9,25,-50,100,11,-3,8,-1024,3,1,1,-1,-1,-1,-1,0x0000000000000000,1500,1500,988,1529,2012,2012,988,988,988,988,1500,1500,1500,1500,1500,1500,1500,1500,1500,1500,1500,1500,1500,1500,1500,1500,1500,1500,1500,1500,1500,1500,7.4
2000-01-01,00:28:47.110,-62,0,100,10,0,9,25,-50,100,11,-3,8,-1024,4,1,1,-1,-1,-1,-1,0x0000000000000000,1500,1500,988,1529,2012,2012,988,988,988,988,1500,1500,1500,1500,1500,1500,1500,1500,1500,1500,1500,1500,1500,1500,1500,1500,1500,1500,1500,1500,1500,1500,7.4
2000-01-01,00:28:47.310,-61,0,100,10,0,9,25,-48,100,12,-3,7,-1024,3,1,1,-1,-1,-1,-1,0x0000000000000000,1500,1500,988,1529,2012,2012,988,988,988,988,1500,1500,1500,1500,1500,1500,1500,1500,1500,1500,1500,1500,1500,1500,1500,1500,1500,1500,1500,1500,1500,1500,7.4
2000-01-01,00:28:47.510,-62,0,100,9,0,9,25,-48,100,11,-3,8,-1024,3,1,1,-1,-1,-1,-1,0x0000000000000000,1500,1500,988,1529,2012,2012,988,988,988,988,1500,1500,1500,1500,1500,1500,1500,1500,1500,1500,1500,1500,1500,1500,1500,1500,1500,1500,1500,1500,1500,1500,7.4
2000-01-01,00:28:47.710,-61,0,100,11,0,9,25,-50,100,9,-2,7,-1024,3,1,1,-1,-1,-1,-1,0x0000000000000000,1500,1500,988,1529,2012,2012,988,988,988,988,1500,1500,1500,1500,1500,1500,1500,1500,1500,1500,1500,1500,1500,1500,1500,1500,1500,1500,1500,1500,1500,1500,7.4
2000-01-01,00:28:47.910,-62,0,100,11,0,9,25,-48,100,11,-2,7,-1024,3,1,1,-1,-1,-1,-1,0x0000000000000000,1500,1500,988,1529,2012,2012,988,988,988,988,1500,1500,1500,1500,1500,1500,1500,1500,1500,1500,1500,1500,1500,1500,1500,1500,1500,1500,1500,1500,1500,1500,7.4
2000-01-01,00:28:48.110,-62,0,99,9,0,9,25,-49,100,11,-2,7,-1024,3,1,1,-1,-1,-1,-1,0x0000000000000000,1500,1500,988,1529,2012,2012,988,988,988,988,1500,1500,1500,1500,1500,1500,1500,1500,1500,1500,1500,1500,1500,1500,1500,1500,1500,1500,1500,1500,1500,1500,7.4
2000-01-01,00:28:48.310,-62,0,99,9,0,9,25,-49,100,11,-3,7,-1024,3,1,1,-1,-1,-1,-1,0x0000000000000000,1500,1500,988,1529,2012,2012,988,988,988,988,1500,1500,1500,1500,1500,1500,1500,1500,1500,1500,1500,1500,1500,1500,1500,1500,1500,1500,1500,1500,1500,1500,7.4
2000-01-01,00:28:48.510,-62,0,99,10,0,9,25,-50,100,11,-3,8,-1024,3,1,1,-1,-1,-1,-1,0x0000000000000000,1500,1500,988,1529,2012,2012,988,988,988,988,1500,1500,1500,1500,1500,1500,1500,1500,1500,1500,1500,1500,1500,1500,1500,1500,1500,1500,1500,1500,1500,1500,7.4
2000-01-01,00:28:48.710,-62,0,100,11,0,9,25,-51,100,10,-2,8,-1024,4,1,1,-1,-1,-1,-1,0x0000000000000000,1500,1500,988,1529,2012,2012,988,988,988,988,1500,1500,1500,1500,1500,1500,1500,1500,1500,1500,1500,1500,1500,1500,1500,1500,1500,1500,1500,1500,1500,1500,7.4
2000-01-01,00:28:48.910,-62,0,99,10,0,9,25,-50,100,11,-3,8,-1024,3,1,1,-1,-1,-1,-1,0x0000000000000000,1500,1500,988,1529,2012,2012,988,988,988,988,1500,1500,1500,1500,1500,1500,1500,1500,1500,1500,1500,1500,1500,1500,1500,1500,1500,1500,1500,1500,1500,1500,7.4
2000-01-01,00:28:49.110,-62,0,99,9,0,9,25,-49,100,11,-3,7,-1024,3,1,1,-1,-1,-1,-1,0x0000000000000000,1500,1500,988,1529,2012,2012,988,988,988,988,1500,1500,1500,1500,1500,1500,1500,1500,1500,1500,1500,1500,1500,1500,1500,1500,1500,1500,1500,1500,1500,1500,7.4
2000-01-01,00:28:49.310,-62,0,98,11,0,9,25,-48,100,10,-1,8,-1024,3,1,1,-1,-1,-1,-1,0x0000000000000000,1500,1500,988,1530,2012,2012,988,988,988,988,1500,1500,1500,1500,1500,1500,1500,1500,1500,1500,1500,1500,1500,1500,1500,1500,1500,1500,1500,1500,1500,1500,7.4
2000-01-01,00:28:49.510,-62,0,98,11,0,9,25,-48,100,10,-3,8,-1024,4,1,1,-1,-1,-1,-1,0x0000000000000000,1500,1500,988,1529,2012,2012,988,988,988,988,1500,1500,1500,1500,1500,1500,1500,1500,1500,1500,1500,1500,1500,1500,1500,1500,1500,1500,1500,1500,1500,1500,7.4
2000-01-01,00:28:49.710,-62,0,99,10,0,9,25,-50,100,12,-2,8,-1024,3,1,1,-1,-1,-1,-1,0x0000000000000000,1500,1500,988,1529,2012,2012,988,988,988,988,1500,1500,1500,1500,1500,1500,1500,1500,1500,1500,1500,1500,1500,1500,1500,1500,1500,1500,1500,1500,1500,1500,7.4
2000-01-01,00:28:49.910,-62,0,99,9,0,9,25,-48,100,12,-3,8,-1024,4,1,1,-1,-1,-1,-1,0x0000000000000000,1500,1500,988,1529,2012,2012,988,988,988,988,1500,1500,1500,1500,1500,1500,1500,1500,1500,1500,1500,1500,1500,1500,1500,1500,1500,1500,1500,1500,1500,1500,7.4
2000-01-01,00:28:50.110,-62,0,99,10,0,9,25,-49,100,11,-3,7,-1024,2,1,1,-1,-1,-1,-1,0x0000000000000000,1500,1500,988,1529,2012,2012,988,988,988,988,1500,1500,1500,1500,1500,1500,1500,1500,1500,1500,1500,1500,1500,1500,1500,1500,1500,1500,1500,1500,1500,1500,7.4
2000-01-01,00:28:50.310,-62,0,100,10,0,9,25,-50,100,10,-2,7,-1024,3,1,1,-1,-1,-1,-1,0x0000000000000000,1500,1500,988,1529,2012,2012,988,988,988,988,1500,1500,1500,1500,1500,1500,1500,1500,1500,1500,1500,1500,1500,1500,1500,1500,1500,1500,1500,1500,1500,1500,7.4
2000-01-01,00:28:50.510,-62,0,100,10,0,9,25,-51,100,10,-3,8,-1024,3,1,1,-1,-1,-1,-1,0x0000000000000000,1500,1500,988,1529,2012,2012,988,988,988,988,1500,1500,1500,1500,1500,1500,1500,1500,1500,1500,1500,1500,1500,1500,1500,1500,1500,1500,1500,1500,1500,1500,7.4
2000-01-01,00:28:50.710,-62,0,100,10,0,9,25,-51,100,10,-3,7,-1024,3,1,1,-1,-1,-1,-1,0x0000000000000000,1500,1500,988,1529,2012,2012,988,988,988,988,1500,1500,1500,1500,1500,1500,1500,1500,1500,1500,1500,1500,1500,1500,1500,1500,1500,1500,1500,1500,1500,1500,7.4
2000-01-01,00:28:50.910,-62,0,100,9,0,9,25,-50,100,11,-2,8,-1024,3,1,1,-1,-1,-1,-1,0x0000000000000000,1500,1500,988,1529,2012,2012,988,988,988,988,1500,1500,1500,1500,1500,1500,1500,1500,1500,1500,1500,1500,1500,1500,1500,1500,1500,1500,1500,1500,1500,1500,7.4
2000-01-01,00:28:51.110,-62,0,100,10,0,9,25,-49,100,11,-2,7,-1024,3,1,1,-1,-1,-1,-1,0x0000000000000000,1500,1500,988,1529,2012,2012,988,988,988,988,1500,1500,1500,1500,1500,1500,1500,1500,1500,1500,1500,1500,1500,1500,1500,1500,1500,1500,1500,1500,1500,1500,7.4
2000-01-01,00:28:51.310,-62,0,99,11,0,9,25,-48,100,11,-2,8,-1024,3,1,1,-1,-1,-1,-1,0x0000000000000000,1500,1500,988,1529,2012,2012,988,988,988,988,1500,1500,1500,1500,1500,1500,1500,1500,1500,1500,1500,1500,1500,1500,1500,1500,1500,1500,1500,1500,1500,1500,7.4
2000-01-01,00:28:51.510,-62,0,98,10,0,9,25,-51,100,12,-3,8,-1024,3,1,1,-1,-1,-1,-1,0x0000000000000000,1500,1500,988,1529,2012,2012,988,988,988,988,1500,1500,1500,1500,1500,1500,1500,1500,1500,1500,1500,1500,1500,1500,1500,1500,1500,1500,1500,1500,1500,1500,7.4
2000-01-01,00:28:51.710,-62,0,99,11,0,9,25,-48,100,11,-2,7,-1024,3,1,1,-1,-1,-1,-1,0x0000000000000000,1500,1500,988,1529,2012,2012,988,988,988,988,1500,1500,1500,1500,1500,1500,1500,1500,1500,1500,1500,1500,1500,1500,1500,1500,1500,1500,1500,1500,1500,1500,7.4
2000-01-01,00:28:51.910,-62,0,99,11,0,9,25,-48,100,11,-2,7,-1024,3,1,1,-1,-1,-1,-1,0x0000000000000000,1500,1500,988,1529,2012,2012,988,988,988,988,1500,1500,1500,1500,1500,1500,1500,1500,1500,1500,1500,1500,1500,1500,1500,1500,1500,1500,1500,1500,1500,1500,7.4
2000-01-01,00:28:52.110,-63,0,99,9,0,9,25,-49,100,10,-3,7,-1024,3,1,1,-1,-1,-1,-1,0x0000000000000000,1500,1500,988,1529,2012,2012,988,988,988,988,1500,1500,1500,1500,1500,1500,1500,1500,1500,1500,1500,1500,1500,1500,1500,1500,1500,1500,1500,1500,1500,1500,7.4
2000-01-01,00:28:52.310,-62,0,99,10,0,9,25,-50,100,11,-2,8,-1024,3,1,1,-1,-1,-1,-1,0x0000000000000000,1500,1500,988,1529,2012,2012,988,988,988,988,1500,1500,1500,1500,1500,1500,1500,1500,1500,1500,1500,1500,1500,1500,1500,1500,1500,1500,1500,1500,1500,1500,7.4
2000-01-01,00:28:52.510,-62,0,100,10,0,9,25,-51,100,10,-2,8,-1024,3,1,1,-1,-1,-1,-1,0x0000000000000000,1500,1500,988,1529,2012,2012,988,988,988,988,1500,1500,1500,1500,1500,1500,1500,1500,1500,1500,1500,1500,1500,1500,1500,1500,1500,1500,1500,1500,1500,1500,7.4
2000-01-01,00:28:52.710,-62,0,100,10,0,9,25,-50,100,11,-2,8,-1024,3,1,1,-1,-1,-1,-1,0x0000000000000000,1500,1500,988,1529,2012,2012,988,988,988,988,1500,1500,1500,1500,1500,1500,1500,1500,1500,1500,1500,1500,1500,1500,1500,1500,1500,1500,1500,1500,1500,1500,7.4
2000-01-01,00:28:52.910,-62,0,100,10,0,9,25,-49,100,11,-2,7,-1024,3,1,1,-1,-1,-1,-1,0x0000000000000000,1500,1500,988,1529,2012,2012,988,988,988,988,1500,1500,1500,1500,1500,1500,1500,1500,1500,1500,1500,1500,1500,1500,1500,1500,1500,1500,1500,1500,1500,1500,7.4
2000-01-01,00:28:53.110,-62,0,100,10,0,9,25,-49,100,11,-2,7,-1024,3,1,1,-1,-1,-1,-1,0x0000000000000000,1500,1500,988,1529,2012,2012,988,988,988,988,1500,1500,1500,1500,1500,1500,1500,1500,1500,1500,1500,1500,1500,1500,1500,1500,1500,1500,1500,1500,1500,1500,7.4
2000-01-01,00:28:53.310,-62,0,100,10,0,9,25,-49,100,11,-3,8,-1024,3,1,1,-1,-1,-1,-1,0x0000000000000000,1500,1500,988,1529,2012,2012,988,988,988,988,1500,1500,1500,1500,1500,1500,1500,1500,1500,1500,1500,1500,1500,1500,1500,1500,1500,1500,1500,1500,1500,1500,7.4
2000-01-01,00:28:53.510,-62,0,100,11,0,9,25,-50,100,11,-2,7,-1024,3,1,1,-1,-1,-1,-1,0x0000000000000000,1500,1500,988,1529,2012,2012,988,988,988,988,1500,1500,1500,1500,1500,1500,1500,1500,1500,1500,1500,1500,1500,1500,1500,1500,1500,1500,1500,1500,1500,1500,7.4
2000-01-01,00:28:53.710,-62,0,99,9,0,9,25,-48,100,10,-3,8,-1024,3,1,1,-1,-1,-1,-1,0x0000000000000000,1500,1500,988,1529,2012,2012,988,988,988,988,1500,1500,1500,1500,1500,1500,1500,1500,1500,1500,1500,1500,1500,1500,1500,1500,1500,1500,1500,1500,1500,1500,7.4
2000-01-01,00:28:53.910,-62,0,100,10,0,9,25,-49,100,11,-3,8,-1024,3,1,1,-1,-1,-1,-1,0x0000000000000000,1500,1500,988,1529,2012,2012,988,988,988,988,1500,1500,1500,1500,1500,1500,1500,1500,1500,1500,1500,1500,1500,1500,1500,1500,1500,1500,1500,1500,1500,1500,7.4
2000-01-01,00:28:54.110,-62,0,100,10,0,9,25,-50,100,10,-2,8,-1024,3,1,1,-1,-1,-1,-1,0x0000000000000000,1500,1500,988,1529,2012,2012,988,988,988,988,1500,1500,1500,1500,1500,1500,1500,1500,1500,1500,1500,1500,1500,1500,1500,1500,1500,1500,1500,1500,1500,1500,7.4
2000-01-01,00:28:54.310,-62,0,100,10,0,9,25,-50,100,10,-3,7,-1024,3,1,1,-1,-1,-1,-1,0x0000000000000000,1500,1500,988,1529,2012,2012,988,988,988,988,1500,1500,1500,1500,1500,1500,1500,1500,1500,1500,1500,1500,1500,1500,1500,1500,1500,1500,1500,1500,1500,1500,7.4
2000-01-01,00:28:54.510,-62,0,100,10,0,9,25,-51,100,10,-3,8,-1024,3,1,1,-1,-1,-1,-1,0x0000000000000000,1500,1500,988,1529,2012,2012,988,988,988,988,1500,1500,1500,1500,1500,1500,1500,1500,1500,1500,1500,1500,1500,1500,1500,1500,1500,1500,1500,1500,1500,1500,7.4
2000-01-01,00:28:54.710,-62,0,100,9,0,9,25,-50,100,11,-3,8,-1024,3,1,1,-1,-1,-1,-1,0x0000000000000000,1500,1500,988,1529,2012,2012,988,988,988,988,1500,1500,1500,1500,1500,1500,1500,1500,1500,1500,1500,1500,1500,1500,1500,1500,1500,1500,1500,1500,1500,1500,7.4
2000-01-01,00:28:54.910,-62,0,100,10,0,9,25,-49,100,11,-2,8,-1024,3,1,1,-1,-1,-1,-1,0x0000000000000000,1500,1500,988,1529,2012,2012,988,988,988,988,1500,1500,1500,1500,1500,1500,1500,1500,1500,1500,1500,1500,1500,1500,1500,1500,1500,1500,1500,1500,1500,1500,7.4
2000-01-01,00:28:55.110,-62,0,100,10,0,9,25,-48,100,11,-2,8,-1024,3,1,1,-1,-1,-1,-1,0x0000000000000000,1500,1500,988,1529,2012,2012,988,988,988,988,1500,1500,1500,1500,1500,1500,1500,1500,1500,1500,1500,1500,1500,1500,1500,1500,1500,1500,1500,1500,1500,1500,7.4
2000-01-01,00:28:55.310,-62,0,100,9,0,9,25,-50,100,10,-3,7,-1024,3,1,1,-1,-1,-1,-1,0x0000000000000000,1500,1500,988,1529,2012,2012,988,988,988,988,1500,1500,1500,1500,1500,1500,1500,1500,1500,1500,1500,1500,1500,1500,1500,1500,1500,1500,1500,1500,1500,1500,7.4
2000-01-01,00:28:55.510,-62,0,100,9,0,9,25,-50,100,10,-2,8,-1024,3,1,1,-1,-1,-1,-1,0x0000000000000000,1500,1500,988,1529,2012,2012,988,988,988,988,1500,1500,1500,1500,1500,1500,1500,1500,1500,1500,1500,1500,1500,1500,1500,1500,1500,1500,1500,1500,1500,1500,7.4
2000-01-01,00:28:55.710,-62,0,100,10,0,9,25,-48,100,11,-3,8,-1024,3,1,1,-1,-1,-1,-1,0x0000000000000000,1500,1500,988,1529,2012,2012,988,988,988,988,1500,1500,1500,1500,1500,1500,1500,1500,1500,1500,1500,1500,1500,1500,1500,1500,1500,1500,1500,1500,1500,1500,7.4
2000-01-01,00:28:55.910,-62,0,100,10,0,9,25,-49,100,11,-3,7,-1024,3,1,1,-1,-1,-1,-1,0x0000000000000000,1500,1500,988,1529,2012,2012,988,988,988,988,1500,1500,1500,1500,1500,1500,1500,1500,1500,1500,1500,1500,1500,1500,1500,1500,1500,1500,1500,1500,1500,1500,7.4
2000-01-01,00:28:56.110,-62,0,100,10,0,9,25,-50,100,11,-2,8,-1024,3,1,1,-1,-1,-1,-1,0x0000000000000000,1500,1500,988,1529,2012,2012,988,988,988,988,1500,1500,1500,1500,1500,1500,1500,1500,1500,1500,1500,1500,1500,1500,1500,1500,1500,1500,1500,1500,1500,1500,7.4
2000-01-01,00:28:56.310,-62,0,100,9,0,9,25,-51,100,11,-2,7,-1024,3,1,1,-1,-1,-1,-1,0x0000000000000000,1500,1500,988,1529,2012,2012,988,988,988,988,1500,1500,1500,1500,1500,1500,1500,1500,1500,1500,1500,1500,1500,1500,1500,1500,1500,1500,1500,1500,1500,1500,7.4
2000-01-01,00:28:56.510,-62,0,99,11,0,9,25,-51,100,11,-3,7,-1024,4,1,1,-1,-1,-1,-1,0x0000000000000000,1500,1500,988,1529,2012,2012,988,988,988,988,1500,1500,1500,1500,1500,1500,1500,1500,1500,1500,1500,1500,1500,1500,1500,1500,1500,1500,1500,1500,1500,1500,7.4
2000-01-01,00:28:56.710,-62,0,99,11,0,9,25,-51,100,11,-3,8,-1024,3,1,1,-1,-1,-1,-1,0x0000000000000000,1500,1500,988,1529,2012,2012,988,988,988,988,1500,1500,1500,1500,1500,1500,1500,1500,1500,1500,1500,1500,1500,1500,1500,1500,1500,1500,1500,1500,1500,1500,7.4
2000-01-01,00:28:56.910,-62,0,99,9,0,9,25,-49,100,11,-2,8,-1024,3,1,1,-1,-1,-1,-1,0x0000000000000000,1500,1500,988,1529,2012,2012,988,988,988,988,1500,1500,1500,1500,1500,1500,1500,1500,1500,1500,1500,1500,1500,1500,1500,1500,1500,1500,1500,1500,1500,1500,7.4
2000-01-01,00:28:57.110,-62,0,99,11,0,9,25,-48,100,11,-3,8,-1024,3,1,1,-1,-1,-1,-1,0x0000000000000000,1500,1500,988,1529,2012,2012,988,988,988,988,1500,1500,1500,1500,1500,1500,1500,1500,1500,1500,1500,1500,1500,1500,1500,1500,1500,1500,1500,1500,1500,1500,7.4
2000-01-01,00:28:57.310,-61,0,100,11,0,9,25,-50,100,10,-3,7,-1024,2,1,1,-1,-1,-1,-1,0x0000000000000000,1500,1500,988,1529,2012,2012,988,988,988,988,1500,1500,1500,1500,1500,1500,1500,1500,1500,1500,1500,1500,1500,1500,1500,1500,1500,1500,1500,1500,1500,1500,7.4
2000-01-01,00:28:57.510,-62,0,99,9,0,9,25,-48,100,10,-2,8,-1024,3,1,1,-1,-1,-1,-1,0x0000000000000000,1500,1500,988,1529,2012,2012,988,988,988,988,1500,1500,1500,1500,1500,1500,1500,1500,1500,1500,1500,1500,1500,1500,1500,1500,1500,1500,1500,1500,1500,1500,7.4
2000-01-01,00:28:57.710,-62,0,99,10,0,9,25,-48,100,11,-2,8,-1024,3,1,1,-1,-1,-1,-1,0x0000000000000000,1500,1500,988,1529,2012,2012,988,988,988,988,1500,1500,1500,1500,1500,1500,1500,1500,1500,1500,1500,1500,1500,1500,1500,1500,1500,1500,1500,1500,1500,1500,7.4
2000-01-01,00:28:57.910,-62,0,99,10,0,9,25,-48,100,11,-2,8,-1024,3,1,1,-1,-1,-1,-1,0x0000000000000000,1500,1500,988,1529,2012,2012,988,988,988,988,1500,1500,1500,1500,1500,1500,1500,1500,1500,1500,1500,1500,1500,1500,1500,1500,1500,1500,1500,1500,1500,1500,7.4
2000-01-01,00:28:58.110,-62,0,100,10,0,9,25,-50,100,11,-2,8,-1024,3,1,1,-1,-1,-1,-1,0x0000000000000000,1500,1500,988,1529,2012,2012,988,988,988,988,1500,1500,1500,1500,1500,1500,1500,1500,1500,1500,1500,1500,1500,1500,1500,1500,1500,1500,1500,1500,1500,1500,7.4
2000-01-01,00:28:58.310,-62,0,100,10,0,9,25,-51,100,10,-2,7,-1024,3,1,1,-1,-1,-1,-1,0x0000000000000000,1500,1500,988,1529,2012,2012,988,988,988,988,1500,1500,1500,1500,1500,1500,1500,1500,1500,1500,1500,1500,1500,1500,1500,1500,1500,1500,1500,1500,1500,1500,7.4
2000-01-01,00:28:58.510,-62,0,100,10,0,9,25,-50,100,10,-2,7,-1024,2,1,1,-1,-1,-1,-1,0x0000000000000000,1500,1500,988,1529,2012,2012,988,988,988,988,1500,1500,1500,1500,1500,1500,1500,1500,1500,1500,1500,1500,1500,1500,1500,1500,1500,1500,1500,1500,1500,1500,7.4
2000-01-01,00:28:58.710,-62,0,100,11,0,9,25,-49,100,10,-3,8,-1024,3,1,1,-1,-1,-1,-1,0x0000000000000000,1500,1500,988,1529,2012,2012,988,988,988,988,1500,1500,1500,1500,1500,1500,1500,1500,1500,1500,1500,1500,1500,1500,1500,1500,1500,1500,1500,1500,1500,1500,7.4
2000-01-01,00:28:58.910,-62,0,99,11,0,9,25,-48,100,11,-2,8,-1024,3,1,1,-1,-1,-1,-1,0x0000000000000000,1500,1500,988,1529,2012,2012,988,988,988,988,1500,1500,1500,1500,1500,1500,1500,1500,1500,1500,1500,1500,1500,1500,1500,1500,1500,1500,1500,1500,1500,1500,7.4
2000-01-01,00:28:59.110,-62,0,99,11,0,9,25,-48,100,11,-3,8,-1024,3,1,1,-1,-1,-1,-1,0x0000000000000000,1500,1500,988,1529,2012,2012,988,988,988,988,1500,1500,1500,1500,1500,1500,1500,1500,1500,1500,1500,1500,1500,1500,1500,1500,1500,1500,1500,1500,1500,1500,7.4
2000-01-01,00:28:59.310,-62,0,99,9,0,9,25,-50,100,10,-2,7,-1024,3,1,1,-1,-1,-1,-1,0x0000000000000000,1500,1500,988,1529,2012,2012,988,988,988,988,1500,1500,1500,1500,1500,1500,1500,1500,1500,1500,1500,1500,1500,1500,1500,1500,1500,1500,1500,1500,1500,1500,7.4
2000-01-01,00:28:59.510,-62,0,100,9,0,9,25,-48,100,11,-2,7,-1024,3,1,1,-1,-1,-1,-1,0x0000000000000000,1500,1500,988,1529,2012,2012,988,988,988,988,1500,1500,1500,1500,1500,1500,1500,1500,1500,1500,1500,1500,1500,1500,1500,1500,1500,1500,1500,1500,1500,1500,7.4
2000-01-01,00:28:59.710,-62,0,99,11,0,9,25,-48,100,11,-2,8,-1024,3,1,1,-1,-1,-1,-1,0x0000000000000000,1500,1500,988,1529,2012,2012,988,988,988,988,1500,1500,1500,1500,1500,1500,1500,1500,1500,1500,1500,1500,1500,1500,1500,1500,1500,1500,1500,1500,1500,1500,7.4
2000-01-01,00:28:59.910,-62,0,99,10,0,9,25,-50,100,12,-3,8,-1024,3,1,1,-1,-1,-1,-1,0x0000000000000000,1500,1500,988,1529,2012,2012,988,988,988,988,1500,1500,1500,1500,1500,1500,1500,1500,1500,1500,1500,1500,1500,1500,1500,1500,1500,1500,1500,1500,1500,1500,7.4
2000-01-01,00:29:00.110,-62,0,99,9,0,9,25,-51,100,11,-2,7,-1024,3,1,1,-1,-1,-1,-1,0x0000000000000000,1500,1500,988,1529,2012,2012,988,988,988,988,1500,1500,1500,1500,1500,1500,1500,1500,1500,1500,1500,1500,1500,1500,1500,1500,1500,1500,1500,1500,1500,1500,7.4
2000-01-01,00:29:00.310,-62,0,99,9,0,9,25,-51,100,11,-2,7,-1024,3,1,1,-1,-1,-1,-1,0x0000000000000000,1500,1500,988,1529,2012,2012,988,988,988,988,1500,1500,1500,1500,1500,1500,1500,1500,1500,1500,1500,1500,1500,1500,1500,1500,1500,1500,1500,1500,1500,1500,7.4
2000-01-01,00:29:00.510,-62,0,99,10,0,9,25,-50,100,11,-2,8,-1024,3,1,1,-1,-1,-1,-1,0x0000000000000000,1500,1500,988,1529,2012,2012,988,988,988,988,1500,1500,1500,1500,1500,1500,1500,1500,1500,1500,1500,1500,1500,1500,1500,1500,1500,1500,1500,1500,1500,1500,7.4
2000-01-01,00:29:00.710,-62,0,100,10,0,9,25,-49,100,11,-2,7,-1024,3,1,1,-1,-1,-1,-1,0x0000000000000000,1500,1500,988,1529,2012,2012,988,988,988,988,1500,1500,1500,1500,1500,1500,1500,1500,1500,1500,1500,1500,1500,1500,1500,1500,1500,1500,1500,1500,1500,1500,7.4
2000-01-01,00:29:00.910,-62,0,100,9,0,9,25,-48,100,12,-2,7,-1024,3,1,1,-1,-1,-1,-1,0x0000000000000000,1500,1500,988,1529,2012,2012,988,988,988,988,1500,1500,1500,1500,1500,1500,1500,1500,1500,1500,1500,1500,1500,1500,1500,1500,1500,1500,1500,1500,1500,1500,7.4
2000-01-01,00:29:01.110,-62,0,100,10,0,9,25,-50,100,11,-2,8,-1024,3,1,1,-1,-1,-1,-1,0x0000000000000000,1500,1500,988,1529,2012,2012,988,988,988,988,1500,1500,1500,1500,1500,1500,1500,1500,1500,1500,1500,1500,1500,1500,1500,1500,1500,1500,1500,1500,1500,1500,7.4
2000-01-01,00:29:01.310,-62,0,100,10,0,9,25,-48,100,10,-2,7,-1024,3,1,1,-1,-1,-1,-1,0x0000000000000000,1500,1500,988,1529,2012,2012,988,988,988,988,1500,1500,1500,1500,1500,1500,1500,1500,1500,1500,1500,1500,1500,1500,1500,1500,1500,1500,1500,1500,1500,1500,7.4
2000-01-01,00:29:01.510,-62,0,100,10,0,9,25,-48,100,10,-2,8,-1024,3,1,1,-1,-1,-1,-1,0x0000000000000000,1500,1500,988,1529,2012,2012,988,988,988,988,1500,1500,1500,1500,1500,1500,1500,1500,1500,1500,1500,1500,1500,1500,1500,1500,1500,1500,1500,1500,1500,1500,7.4
2000-01-01,00:29:01.710,-62,0,100,11,0,9,25,-49,100,11,-2,7,-1024,3,1,1,-1,-1,-1,-1,0x0000000000000000,1500,1500,988,1529,2012,2012,988,988,988,988,1500,1500,1500,1500,1500,1500,1500,1500,1500,1500,1500,1500,1500,1500,1500,1500,1500,1500,1500,1500,1500,1500,7.4
