Date,Time,Ptch(rad),Roll(rad),Yaw(rad),FM,RxBt(V),Curr(A),Capa(mAh),Bat%(%),1RSS(dB),2RSS(dB),RQly(%),RSNR(dB),ANT,RFMD,TPWR(mW),TRSS(dB),TQly(%),TSNR(dB),Rud,Ele,Thr,Ail,SA,SB,SC,SD,SE,SF,LSW,CH1(us),CH2(us),CH3(us),CH4(us),CH5(us),CH6(us),CH7(us),CH8(us),CH9(us),CH10(us),CH11(us),CH12(us),CH13(us),CH14(us),CH15(us),CH16(us),CH17(us),CH18(us),CH19(us),CH20(us),CH21(us),CH22(us),CH23(us),CH24(us),CH25(us),CH26(us),CH27(us),CH28(us),CH29(us),CH30(us),CH31(us),CH32(us),TxBat(V),GPS,GAlt(m),GSpd(kts),Hdg(@)
2026-09-14,18:32:10.000,0.00,0.00,0.00,,7.6,0.0,0,0,-54,0,100,10,0,9,25,-45,100,10,-1,8,-1024,3,-1,0,-1,-1,-1,-1,0x0000000000000000,1500,1500,988,1500,1500,1500,1500,1500,1500,1500,1500,1500,1500,1500,1500,1500,1500,1500,1500,1500,1500,1500,1500,1500,1500,1500,1500,1500,1500,1500,1500,1500,7.6,,0,0.0,0
2026-09-14,18:32:10.200,0.00,0.00,0.00,,7.6,0.0,0,0,-54,0,100,10,0,9,25,-45,100,10,-1,8,-1024,3,-1,0,-1,-1,-1,-1,0x0000000000000000,1500,1500,988,1500,1500,1500,1500,1500,1500,1500,1500,1500,1500,1500,1500,1500,1500,1500,1500,1500,1500,1500,1500,1500,1500,1500,1500,1500,1500,1500,1500,1500,7.6,,0,0.0,0
2026-09-14,18:32:10.400,0.00,0.00,0.00,,7.6,0.0,0,0,-54,0,100,10,0,9,25,-45,100,10,-1,8,-1024,3,-1,0,-1,-1,-1,-1,0x0000000000000000,1500,1500,988,1500,1500,1500,1500,1500,1500,1500,1500,1500,1500,1500,1500,1500,1500,1500,1500,1500,1500,1500,1500,1500,1500,1500,1500,1500,1500,1500,1500,1500,7.6,,0,0.0,0
2026-09-14,18:32:10.600,0.00,0.00,0.00,,7.6,0.0,0,0,-54,0,100,10,0,9,25,-45,100,10,-1,8,-1024,3,-1,0,-1,-1,-1,-1,0x0000000000000000,1500,1500,988,1500,1500,1500,1500,1500,1500,1500,1500,1500,1500,1500,1500,1500,1500,1500,1500,1500,1500,1500,1500,1500,1500,1500,1500,1500,1500,1500,1500,1500,7.6,,0,0.0,0
2026-09-14,18:32:10.800,0.00,0.00,0.00,,7.6,0.0,0,0,-54,0,100,10,0,9,25,-45,100,10,-1,8,-1024,3,-1,0,-1,-1,-1,-1,0x0000000000000000,1500,1500,988,1500,1500,1500,1500,1500,1500,1500,1500,1500,1500,1500,1500,1500,1500,1500,1500,1500,1500,1500,1500,1500,1500,1500,1500,1500,1500,1500,1500,1500,7.6,,0,0.0,0
2026-09-14,18:32:11.000,0.00,0.00,0.00,,7.6,0.0,0,0,-54,0,100,10,0,9,25,-45,100,10,-1,8,-1024,3,-1,0,-1,-1,-1,-1,0x0000000000000000,1500,1500,988,1500,1500,1500,1500,1500,1500,1500,1500,1500,1500,1500,1500,1500,1500,1500,1500,1500,1500,1500,1500,1500,1500,1500,1500,1500,1500,1500,1500,1500,7.6,,0,0.0,0
2026-09-14,18:32:11.200,0.00,0.00,0.00,,7.6,0.0,0,0,-54,0,100,10,0,9,25,-45,100,10,-1,8,-1024,3,-1,0,-1,-1,-1,-1,0x0000000000000000,1500,1500,988,1500,1500,1500,1500,1500,1500,1500,1500,1500,1500,1500,1500,1500,1500,1500,1500,1500,1500,1500,1500,1500,1500,1500,1500,1500,1500,1500,1500,1500,7.6,,0,0.0,0
2026-09-14,18:32:11.400,0.00,0.00,0.00,,7.6,0.0,0,0,-54,0,100,10,0,9,25,-45,100,10,-1,8,-1024,3,-1,0,-1,-1,-1,-1,0x0000000000000000,1500,1500,988,1500,1500,1500,1500,1500,1500,1500,1500,1500,1500,1500,1500,1500,1500,1500,1500,1500,1500,1500,1500,1500,1500,1500,1500,1500,1500,1500,1500,1500,7.6,,0,0.0,0
2026-09-14,18:32:11.600,0.00,0.00,0.00,,7.6,0.0,0,0,-54,0,100,10,0,9,25,-45,100,10,-1,8,-1024,3,-1,0,-1,-1,-1,-1,0x0000000000000000,1500,1500,988,1500,1500,1500,1500,1500,1500,1500,1500,1500,1500,1500,1500,1500,1500,1500,1500,1500,1500,1500,1500,1500,1500,1500,1500,1500,1500,1500,1500,1500,7.6,,0,0.0,0
2026-09-14,18:32:11.800,0.00,0.00,0.00,,7.6,0.0,0,0,-54,0,100,10,0,9,25,-45,100,10,-1,8,-1024,3,-1,0,-1,-1,-1,-1,0x0000000000000000,1500,1500,988,1500,1500,1500,1500,1500,1500,1500,1500,1500,1500,1500,1500,1500,1500,1500,1500,1500,1500,1500,1500,1500,1500,1500,1500,1500,1500,1500,1500,1500,7.6,,0,0.0,0
2026-09-14,18:32:12.000,0.00,0.00,0.00,,7.6,0.0,0,0,-54,0,100,10,0,9,25,-45,100,10,-1,8,-1024,3,-1,0,-1,-1,-1,-1,0x0000000000000000,1500,1500,988,1500,1500,1500,1500,1500,1500,1500,1500,1500,1500,1500,1500,1500,1500,1500,1500,1500,1500,1500,1500,1500,1500,1500,1500,1500,1500,1500,1500,1500,7.6,,0,0.0,0
2026-09-14,18:32:12.200,0.00,0.00,0.00,,7.6,0.0,0,0,-54,0,100,10,0,9,25,-45,100,10,-1,8,-1024,3,-1,0,-1,-1,-1,-1,0x0000000000000000,1500,1500,988,1500,1500,1500,1500,1500,1500,1500,1500,1500,1500,1500,1500,1500,1500,1500,1500,1500,1500,1500,1500,1500,1500,1500,1500,1500,1500,1500,1500,1500,7.6,,0,0.0,0
2026-09-14,18:32:12.400,0.00,0.00,0.00,,7.6,0.0,0,0,-54,0,100,10,0,9,25,-45,100,10,-1,8,-1024,3,-1,0,-1,-1,-1,-1,0x0000000000000000,1500,1500,988,1500,1500,1500,1500,1500,1500,1500,1500,1500,1500,1500,1500,1500,1500,1500,1500,1500,1500,1500,1500,1500,1500,1500,1500,1500,1500,1500,1500,1500,7.6,,0,0.0,0
2026-09-14,18:32:12.600,0.00,0.00,0.00,,7.6,0.0,0,0,-54,0,100,10,0,9,25,-45,100,10,-1,8,-1024,3,-1,0,-1,-1,-1,-1,0x0000000000000000,1500,1500,988,1500,1500,1500,1500,1500,1500,1500,1500,1500,1500,1500,1500,1500,1500,1500,1500,1500,1500,1500,1500,1500,1500,1500,1500,1500,1500,1500,1500,1500,7.6,,0,0.0,0
2026-09-14,18:32:12.800,0.00,0.00,0.00,,7.6,0.0,0,0,-54,0,100,10,0,9,25,-45,100,10,-1,8,-1024,3,-1,0,-1,-1,-1,-1,0x0000000000000000,1500,1500,988,1500,1500,1500,1500,1500,1500,1500,1500,1500,1500,1500,1500,1500,1500,1500,1500,1500,1500,1500,1500,1500,1500,1500,1500,1500,1500,1500,1500,1500,7.6,,0,0.0,0
2026-09-14,18:32:13.000,0.00,0.20,0.00,,7.6,0.0,0,0,-40,0,100,10,0,9,25,-45,100,10,-1,8,-200,3,-1,0,-1,-1,-1,-1,0x0000000000000000,1500,1500,988,1500,1500,1500,1500,1500,1500,1500,1500,1500,1500,1500,1500,1500,1500,1500,1500,1500,1500,1500,1500,1500,1500,1500,1500,1500,1500,1500,1500,1500,7.6,51.507400 -0.127223,8.0,15.4,90
2026-09-14,18:32:13.200,0.00,0.20,0.00,,7.6,0.0,0,0,-40,0,100,10,0,9,25,-45,100,10,-1,8,-183,3,-1,0,-1,-1,-1,-1,0x0000000000000000,1500,1500,988,1500,1500,1500,1500,1500,1500,1500,1500,1500,1500,1500,1500,1500,1500,1500,1500,1500,1500,1500,1500,1500,1500,1500,1500,1500,1500,1500,1500,1500,7.6,51.507405 -0.127223,8.1,15.4,91
2026-09-14,18:32:13.400,0.01,0.20,0.00,,7.6,0.0,0,0,-41,0,100,10,0,9,25,-45,100,10,-1,8,-165,3,-1,0,-1,-1,-1,-1,0x0000000000000000,1500,1500,988,1500,1500,1500,1500,1500,1500,1500,1500,1500,1500,1500,1500,1500,1500,1500,1500,1500,1500,1500,1500,1500,1500,1500,1500,1500,1500,1500,1500,1500,7.6,51.507409 -0.127223,8.2,15.5,91
2026-09-14,18:32:13.600,0.01,0.20,0.00,,7.6,0.0,0,0,-41,0,100,10,0,9,25,-45,100,10,-1,8,-148,3,-1,0,-1,-1,-1,-1,0x0000000000000000,1500,1500,988,1500,1500,1500,1500,1500,1500,1500,1500,1500,1500,1500,1500,1500,1500,1500,1500,1500,1500,1500,1500,1500,1500,1500,1500,1500,1500,1500,1500,1500,7.6,51.507414 -0.127223,8.2,15.6,92
2026-09-14,18:32:13.800,0.02,0.20,0.00,,7.6,0.0,0,0,-41,0,100,10,0,9,25,-45,100,10,-1,8,-131,3,-1,0,-1,-1,-1,-1,0x0000000000000000,1500,1500,988,1500,1500,1500,1500,1500,1500,1500,1500,1500,1500,1500,1500,1500,1500,1500,1500,1500,1500,1500,1500,1500,1500,1500,1500,1500,1500,1500,1500,1500,7.6,51.507418 -0.127223,8.3,15.7,93
2026-09-14,18:32:14.000,0.02,0.20,0.01,,7.6,0.0,0,0,-41,0,100,10,0,9,25,-45,100,10,-1,8,-114,3,-1,0,-1,-1,-1,-1,0x0000000000000000,1500,1500,988,1500,1500,1500,1500,1500,1500,1500,1500,1500,1500,1500,1500,1500,1500,1500,1500,1500,1500,1500,1500,1500,1500,1500,1500,1500,1500,1500,1500,1500,7.6,51.507423 -0.127224,8.4,15.7,94
2026-09-14,18:32:14.200,0.02,0.20,0.01,,7.6,0.0,0,0,-42,0,100,10,0,9,25,-45,100,10,-1,8,-96,3,-1,0,-1,-1,-1,-1,0x0000000000000000,1500,1500,988,1500,1500,1500,1500,1500,1500,1500,1500,1500,1500,1500,1500,1500,1500,1500,1500,1500,1500,1500,1500,1500,1500,1500,1500,1500,1500,1500,1500,1500,7.6,51.507427 -0.127224,8.5,15.8,94
2026-09-14,18:32:14.400,0.03,0.20,0.01,,7.6,0.0,0,0,-42,0,100,10,0,9,25,-45,100,10,-1,8,-79,3,-1,0,-1,-1,-1,-1,0x0000000000000000,1500,1500,988,1500,1500,1500,1500,1500,1500,1500,1500,1500,1500,1500,1500,1500,1500,1500,1500,1500,1500,1500,1500,1500,1500,1500,1500,1500,1500,1500,1500,1500,7.6,51.507432 -0.127225,8.5,15.8,95
2026-09-14,18:32:14.600,0.03,0.20,0.01,,7.6,0.0,0,0,-42,0,100,10,0,9,25,-45,100,10,-1,8,-63,3,-1,0,-1,-1,-1,-1,0x0000000000000000,1500,1500,988,1500,1500,1500,1500,1500,1500,1500,1500,1500,1500,1500,1500,1500,1500,1500,1500,1500,1500,1500,1500,1500,1500,1500,1500,1500,1500,1500,1500,1500,7.6,51.507436 -0.127226,8.6,15.9,96
2026-09-14,18:32:14.800,0.04,0.20,0.01,,7.6,0.0,0,0,-42,0,100,10,0,9,25,-45,100,10,-1,8,-46,3,-1,0,-1,-1,-1,-1,0x0000000000000000,1500,1500,988,1500,1500,1500,1500,1500,1500,1500,1500,1500,1500,1500,1500,1500,1500,1500,1500,1500,1500,1500,1500,1500,1500,1500,1500,1500,1500,1500,1500,1500,7.6,51.507441 -0.127226,8.7,15.9,96
2026-09-14,18:32:15.000,0.04,0.20,0.01,,7.6,0.0,0,0,-43,0,100,10,0,9,25,-45,100,10,-1,8,-29,3,-1,0,-1,-1,-1,-1,0x0000000000000000,1500,1500,988,1500,1500,1500,1500,1500,1500,1500,1500,1500,1500,1500,1500,1500,1500,1500,1500,1500,1500,1500,1500,1500,1500,1500,1500,1500,1500,1500,1500,1500,7.6,51.507445 -0.127227,8.7,15.9,97
2026-09-14,18:32:15.200,0.04,0.19,0.01,,7.6,0.0,0,0,-43,0,100,10,0,9,25,-45,100,10,-1,8,-12,3,-1,0,-1,-1,-1,-1,0x0000000000000000,1500,1500,988,1500,1500,1500,1500,1500,1500,1500,1500,1500,1500,1500,1500,1500,1500,1500,1500,1500,1500,1500,1500,1500,1500,1500,1500,1500,1500,1500,1500,1500,7.6,51.507450 -0.127228,8.8,16.0,98
2026-09-14,18:32:15.400,0.05,0.19,0.01,,7.6,0.0,0,0,-43,0,100,10,0,9,25,-45,100,10,-1,8,4,3,-1,0,-1,-1,-1,-1,0x0000000000000000,1500,1500,988,1500,1500,1500,1500,1500,1500,1500,1500,1500,1500,1500,1500,1500,1500,1500,1500,1500,1500,1500,1500,1500,1500,1500,1500,1500,1500,1500,1500,1500,7.6,51.507454 -0.127229,8.9,16.0,99
2026-09-14,18:32:15.600,0.05,0.19,0.01,,7.6,0.0,0,0,-43,0,100,10,0,9,25,-45,100,10,-1,8,20,3,-1,0,-1,-1,-1,-1,0x0000000000000000,1500,1500,988,1500,1500,1500,1500,1500,1500,1500,1500,1500,1500,1500,1500,1500,1500,1500,1500,1500,1500,1500,1500,1500,1500,1500,1500,1500,1500,1500,1500,1500,7.6,51.507458 -0.127230,9.0,16.0,99
2026-09-14,18:32:15.800,0.05,0.19,0.02,,7.6,0.0,0,0,-44,0,100,10,0,9,25,-45,100,10,-1,8,36,3,-1,0,-1,-1,-1,-1,0x0000000000000000,1500,1500,988,1500,1500,1500,1500,1500,1500,1500,1500,1500,1500,1500,1500,1500,1500,1500,1500,1500,1500,1500,1500,1500,1500,1500,1500,1500,1500,1500,1500,1500,7.6,51.507463 -0.127232,9.0,16.0,100
2026-09-14,18:32:16.000,0.06,0.19,0.02,,7.6,0.0,0,0,-44,0,100,10,0,9,25,-45,100,10,-1,8,52,3,-1,0,-1,-1,-1,-1,0x0000000000000000,1500,1500,988,1500,1500,1500,1500,1500,1500,1500,1500,1500,1500,1500,1500,1500,1500,1500,1500,1500,1500,1500,1500,1500,1500,1500,1500,1500,1500,1500,1500,1500,7.6,51.507467 -0.127233,9.1,16.0,101
2026-09-14,18:32:16.200,0.06,0.19,0.02,,7.6,0.0,0,0,-44,0,100,10,0,9,25,-45,100,10,-1,8,68,3,-1,0,-1,-1,-1,-1,0x0000000000000000,1500,1500,988,1500,1500,1500,1500,1500,1500,1500,1500,1500,1500,1500,1500,1500,1500,1500,1500,1500,1500,1500,1500,1500,1500,1500,1500,1500,1500,1500,1500,1500,7.6,51.507472 -0.127234,9.2,16.0,102
2026-09-14,18:32:16.400,0.07,0.19,0.02,,7.6,0.0,0,0,-44,0,100,10,0,9,25,-45,100,10,-1,8,83,3,-1,0,-1,-1,-1,-1,0x0000000000000000,1500,1500,988,1500,1500,1500,1500,1500,1500,1500,1500,1500,1500,1500,1500,1500,1500,1500,1500,1500,1500,1500,1500,1500,1500,1500,1500,1500,1500,1500,1500,1500,7.6,51.507476 -0.127236,9.2,16.0,102
2026-09-14,18:32:16.600,0.07,0.19,0.02,,7.6,0.0,0,0,-44,0,100,10,0,9,25,-45,100,10,-1,8,98,3,-1,0,-1,-1,-1,-1,0x0000000000000000,1500,1500,988,1500,1500,1500,1500,1500,1500,1500,1500,1500,1500,1500,1500,1500,1500,1500,1500,1500,1500,1500,1500,1500,1500,1500,1500,1500,1500,1500,1500,1500,7.6,51.507481 -0.127237,9.3,16.0,103
2026-09-14,18:32:16.800,0.07,0.18,0.02,,7.6,0.0,0,0,-45,0,100,10,0,9,25,-45,100,10,-1,8,113,3,-1,0,-1,-1,-1,-1,0x0000000000000000,1500,1500,988,1500,1500,1500,1500,1500,1500,1500,1500,1500,1500,1500,1500,1500,1500,1500,1500,1500,1500,1500,1500,1500,1500,1500,1500,1500,1500,1500,1500,1500,7.6,51.507485 -0.127239,9.4,16.0,104
2026-09-14,18:32:17.000,0.08,0.18,0.02,,7.6,0.0,0,0,-45,0,100,10,0,9,25,-45,100,10,-1,8,128,3,-1,0,-1,-1,-1,-1,0x0000000000000000,1500,1500,988,1500,1500,1500,1500,1500,1500,1500,1500,1500,1500,1500,1500,1500,1500,1500,1500,1500,1500,1500,1500,1500,1500,1500,1500,1500,1500,1500,1500,1500,7.6,51.507489 -0.127241,9.4,15.9,104
2026-09-14,18:32:17.200,0.08,0.18,0.02,,7.6,0.0,0,0,-45,0,100,10,0,9,25,-45,100,10,-1,8,142,3,-1,0,-1,-1,-1,-1,0x0000000000000000,1500,1500,988,1500,1500,1500,1500,1500,1500,1500,1500,1500,1500,1500,1500,1500,1500,1500,1500,1500,1500,1500,1500,1500,1500,1500,1500,1500,1500,1500,1500,1500,7.6,51.507494 -0.127243,9.5,15.9,105
2026-09-14,18:32:17.400,0.08,0.18,0.02,,7.6,0.0,0,0,-45,0,100,10,0,9,25,-45,100,10,-1,8,156,3,-1,0,-1,-1,-1,-1,0x0000000000000000,1500,1500,988,1500,1500,1500,1500,1500,1500,1500,1500,1500,1500,1500,1500,1500,1500,1500,1500,1500,1500,1500,1500,1500,1500,1500,1500,1500,1500,1500,1500,1500,7.6,51.507498 -0.127245,9.6,15.9,106
2026-09-14,18:32:17.600,0.09,0.18,0.03,,7.6,0.0,0,0,-46,0,100,10,0,9,25,-45,100,10,-1,8,170,3,-1,0,-1,-1,-1,-1,0x0000000000000000,1500,1500,988,1500,1500,1500,1500,1500,1500,1500,1500,1500,1500,1500,1500,1500,1500,1500,1500,1500,1500,1500,1500,1500,1500,1500,1500,1500,1500,1500,1500,1500,7.6,51.507502 -0.127247,9.6,15.8,107
2026-09-14,18:32:17.800,0.09,0.17,0.03,,7.6,0.0,0,0,-46,0,100,10,0,9,25,-45,100,10,-1,8,184,3,-1,0,-1,-1,-1,-1,0x0000000000000000,1500,1500,988,1500,1500,1500,1500,1500,1500,1500,1500,1500,1500,1500,1500,1500,1500,1500,1500,1500,1500,1500,1500,1500,1500,1500,1500,1500,1500,1500,1500,1500,7.6,51.507507 -0.127249,9.7,15.8,107
2026-09-14,18:32:18.000,0.09,0.17,0.03,,7.6,0.0,0,0,-46,0,100,10,0,9,25,-45,100,10,-1,8,197,3,-1,0,-1,-1,-1,-1,0x0000000000000000,1500,1500,988,1500,1500,1500,1500,1500,1500,1500,1500,1500,1500,1500,1500,1500,1500,1500,1500,1500,1500,1500,1500,1500,1500,1500,1500,1500,1500,1500,1500,1500,7.6,51.507511 -0.127251,9.8,15.7,108
2026-09-14,18:32:18.200,0.10,0.17,0.03,,7.6,0.0,0,0,-46,0,100,10,0,9,25,-45,100,10,-1,8,210,3,-1,0,-1,-1,-1,-1,0x0000000000000000,1500,1500,988,1500,1500,1500,1500,1500,1500,1500,1500,1500,1500,1500,1500,1500,1500,1500,1500,1500,1500,1500,1500,1500,1500,1500,1500,1500,1500,1500,1500,1500,7.6,51.507515 -0.127253,9.8,15.7,109
2026-09-14,18:32:18.400,0.10,0.17,0.03,,7.6,0.0,0,0,-47,0,100,10,0,9,25,-45,100,10,-1,8,222,3,-1,0,-1,-1,-1,-1,0x0000000000000000,1500,1500,988,1500,1500,1500,1500,1500,1500,1500,1500,1500,1500,1500,1500,1500,1500,1500,1500,1500,1500,1500,1500,1500,1500,1500,1500,1500,1500,1500,1500,1500,7.6,51.507520 -0.127256,9.9,15.6,109
2026-09-14,18:32:18.600,0.10,0.17,0.03,,7.6,0.0,0,0,-47,0,100,10,0,9,25,-45,100,10,-1,8,234,3,-1,0,-1,-1,-1,-1,0x0000000000000000,1500,1500,988,1500,1500,1500,1500,1500,1500,1500,1500,1500,1500,1500,1500,1500,1500,1500,1500,1500,1500,1500,1500,1500,1500,1500,1500,1500,1500,1500,1500,1500,7.6,51.507524 -0.127258,9.9,15.5,110
2026-09-14,18:32:18.800,0.10,0.16,0.03,,7.6,0.0,0,0,-47,0,100,10,0,9,25,-45,100,10,-1,8,246,3,-1,0,-1,-1,-1,-1,0x0000000000000000,1500,1500,988,1500,1500,1500,1500,1500,1500,1500,1500,1500,1500,1500,1500,1500,1500,1500,1500,1500,1500,1500,1500,1500,1500,1500,1500,1500,1500,1500,1500,1500,7.6,51.507528 -0.127261,10.0,15.5,111
2026-09-14,18:32:19.000,0.11,0.16,0.03,,7.6,0.0,0,0,-47,0,100,10,0,9,25,-45,100,10,-1,8,257,3,-1,0,-1,-1,-1,-1,0x0000000000000000,1500,1500,988,1500,1500,1500,1500,1500,1500,1500,1500,1500,1500,1500,1500,1500,1500,1500,1500,1500,1500,1500,1500,1500,1500,1500,1500,1500,1500,1500,1500,1500,7.6,51.507532 -0.127263,10.1,15.4,112
2026-09-14,18:32:19.200,0.11,0.16,0.03,,7.6,0.0,0,0,-48,0,100,10,0,9,25,-45,100,10,-1,8,268,3,-1,0,-1,-1,-1,-1,0x0000000000000000,1500,1500,988,1500,1500,1500,1500,1500,1500,1500,1500,1500,1500,1500,1500,1500,1500,1500,1500,1500,1500,1500,1500,1500,1500,1500,1500,1500,1500,1500,1500,1500,7.6,51.507536 -0.127266,10.1,15.3,112
2026-09-14,18:32:19.400,0.11,0.16,0.04,,7.6,0.0,0,0,-48,0,100,10,0,9,25,-45,100,10,-1,8,279,3,-1,0,-1,-1,-1,-1,0x0000000000000000,1500,1500,988,1500,1500,1500,1500,1500,1500,1500,1500,1500,1500,1500,1500,1500,1500,1500,1500,1500,1500,1500,1500,1500,1500,1500,1500,1500,1500,1500,1500,1500,7.6,51.507541 -0.127269,10.2,15.2,113
2026-09-14,18:32:19.600,0.11,0.15,0.04,,7.6,0.0,0,0,-48,0,100,10,0,9,25,-45,100,10,-1,8,289,3,-1,0,-1,-1,-1,-1,0x0000000000000000,1500,1500,988,1500,1500,1500,1500,1500,1500,1500,1500,1500,1500,1500,1500,1500,1500,1500,1500,1500,1500,1500,1500,1500,1500,1500,1500,1500,1500,1500,1500,1500,7.6,51.507545 -0.127272,10.2,15.1,114
2026-09-14,18:32:19.800,0.12,0.15,0.04,,7.6,0.0,0,0,-48,0,100,10,0,9,25,-45,100,10,-1,8,299,3,-1,0,-1,-1,-1,-1,0x0000000000000000,1500,1500,988,1500,1500,1500,1500,1500,1500,1500,1500,1500,1500,1500,1500,1500,1500,1500,1500,1500,1500,1500,1500,1500,1500,1500,1500,1500,1500,1500,1500,1500,7.6,51.507549 -0.127275,10.3,15.0,114
2026-09-14,18:32:20.000,0.12,0.15,0.04,,7.6,0.0,0,0,-49,0,100,10,0,9,25,-45,100,10,-1,8,309,3,-1,0,-1,-1,-1,-1,0x0000000000000000,1500,1500,988,1500,1500,1500,1500,1500,1500,1500,1500,1500,1500,1500,1500,1500,1500,1500,1500,1500,1500,1500,1500,1500,1500,1500,1500,1500,1500,1500,1500,1500,7.6,51.507553 -0.127278,10.3,14.9,115
2026-09-14,18:32:20.200,0.12,0.14,0.04,,7.6,0.0,0,0,-49,0,100,10,0,9,25,-45,100,10,-1,8,318,3,-1,0,-1,-1,-1,-1,0x0000000000000000,1500,1500,988,1500,1500,1500,1500,1500,1500,1500,1500,1500,1500,1500,1500,1500,1500,1500,1500,1500,1500,1500,1500,1500,1500,1500,1500,1500,1500,1500,1500,1500,7.6,51.507557 -0.127281,10.4,14.8,116
2026-09-14,18:32:20.400,0.12,0.14,0.04,,7.6,0.0,0,0,-49,0,100,10,0,9,25,-45,100,10,-1,8,326,3,-1,0,-1,-1,-1,-1,0x0000000000000000,1500,1500,988,1500,1500,1500,1500,1500,1500,1500,1500,1500,1500,1500,1500,1500,1500,1500,1500,1500,1500,1500,1500,1500,1500,1500,1500,1500,1500,1500,1500,1500,7.6,51.507561 -0.127284,10.4,14.7,117
2026-09-14,18:32:20.600,0.13,0.14,0.04,,7.6,0.0,0,0,-49,0,100,10,0,9,25,-45,100,10,-1,8,334,3,-1,0,-1,-1,-1,-1,0x0000000000000000,1500,1500,988,1500,1500,1500,1500,1500,1500,1500,1500,1500,1500,1500,1500,1500,1500,1500,1500,1500,1500,1500,1500,1500,1500,1500,1500,1500,1500,1500,1500,1500,7.6,51.507565 -0.127287,10.4,14.6,117
2026-09-14,18:32:20.800,0.13,0.13,0.04,,7.6,0.0,0,0,-49,0,100,10,0,9,25,-45,100,10,-1,8,342,3,-1,0,-1,-1,-1,-1,0x0000000000000000,1500,1500,988,1500,1500,1500,1500,1500,1500,1500,1500,1500,1500,1500,1500,1500,1500,1500,1500,1500,1500,1500,1500,1500,1500,1500,1500,1500,1500,1500,1500,1500,7.6,51.507569 -0.127291,10.5,14.5,118
2026-09-14,18:32:21.000,0.13,0.13,0.04,,7.6,0.0,0,0,-50,0,100,10,0,9,25,-45,100,10,-1,8,349,3,-1,0,-1,-1,-1,-1,0x0000000000000000,1500,1500,988,1500,1500,1500,1500,1500,1500,1500,1500,1500,1500,1500,1500,1500,1500,1500,1500,1500,1500,1500,1500,1500,1500,1500,1500,1500,1500,1500,1500,1500,7.6,51.507573 -0.127294,10.5,14.4,119
2026-09-14,18:32:21.200,0.13,0.13,0.04,,7.6,0.0,0,0,-50,0,100,10,0,9,25,-45,100,10,-1,8,356,3,-1,0,-1,-1,-1,-1,0x0000000000000000,1500,1500,988,1500,1500,1500,1500,1500,1500,1500,1500,1500,1500,1500,1500,1500,1500,1500,1500,1500,1500,1500,1500,1500,1500,1500,1500,1500,1500,1500,1500,1500,7.6,51.507577 -0.127298,10.6,14.2,120
2026-09-14,18:32:21.400,0.13,0.12,0.05,,7.6,0.0,0,0,-50,0,100,10,0,9,25,-45,100,10,-1,8,362,3,-1,0,-1,-1,-1,-1,0x0000000000000000,1500,1500,988,1500,1500,1500,1500,1500,1500,1500,1500,1500,1500,1500,1500,1500,1500,1500,1500,1500,1500,1500,1500,1500,1500,1500,1500,1500,1500,1500,1500,1500,7.6,51.507581 -0.127301,10.6,14.1,120
2026-09-14,18:32:21.600,0.14,0.12,0.05,,7.6,0.0,0,0,-50,0,100,10,0,9,25,-45,100,10,-1,8,368,3,-1,0,-1,-1,-1,-1,0x0000000000000000,1500,1500,988,1500,1500,1500,1500,1500,1500,1500,1500,1500,1500,1500,1500,1500,1500,1500,1500,1500,1500,1500,1500,1500,1500,1500,1500,1500,1500,1500,1500,1500,7.6,51.507585 -0.127305,10.6,14.0,121
2026-09-14,18:32:21.800,0.14,0.12,0.05,,7.6,0.0,0,0,-51,0,100,10,0,9,25,-45,100,10,-1,8,373,3,-1,0,-1,-1,-1,-1,0x0000000000000000,1500,1500,988,1500,1500,1500,1500,1500,1500,1500,1500,1500,1500,1500,1500,1500,1500,1500,1500,1500,1500,1500,1500,1500,1500,1500,1500,1500,1500,1500,1500,1500,7.6,51.507589 -0.127309,10.7,13.9,122
2026-09-14,18:32:22.000,0.14,0.11,0.05,,7.6,0.0,0,0,-51,0,100,10,0,9,25,-45,100,10,-1,8,378,3,-1,0,-1,-1,-1,-1,0x0000000000000000,1500,1500,988,1500,1500,1500,1500,1500,1500,1500,1500,1500,1500,1500,1500,1500,1500,1500,1500,1500,1500,1500,1500,1500,1500,1500,1500,1500,1500,1500,1500,1500,7.6,51.507593 -0.127313,10.7,13.7,122
2026-09-14,18:32:22.200,0.14,0.11,0.05,,7.6,0.0,0,0,-51,0,100,10,0,9,25,-45,100,10,-1,8,383,3,-1,0,-1,-1,-1,-1,0x0000000000000000,1500,1500,988,1500,1500,1500,1500,1500,1500,1500,1500,1500,1500,1500,1500,1500,1500,1500,1500,1500,1500,1500,1500,1500,1500,1500,1500,1500,1500,1500,1500,1500,7.6,51.507596 -0.127316,10.7,13.6,123
2026-09-14,18:32:22.400,0.14,0.11,0.05,,7.6,0.0,0,0,-51,0,100,10,0,9,25,-45,100,10,-1,8,387,3,-1,0,-1,-1,-1,-1,0x0000000000000000,1500,1500,988,1500,1500,1500,1500,1500,1500,1500,1500,1500,1500,1500,1500,1500,1500,1500,1500,1500,1500,1500,1500,1500,1500,1500,1500,1500,1500,1500,1500,1500,7.6,51.507600 -0.127320,10.8,13.4,124
2026-09-14,18:32:22.600,0.14,0.10,0.05,,7.6,0.0,0,0,-51,0,100,10,0,9,25,-45,100,10,-1,8,390,3,-1,0,-1,-1,-1,-1,0x0000000000000000,1500,1500,988,1500,1500,1500,1500,1500,1500,1500,1500,1500,1500,1500,1500,1500,1500,1500,1500,1500,1500,1500,1500,1500,1500,1500,1500,1500,1500,1500,1500,1500,7.6,51.507604 -0.127325,10.8,13.3,125
2026-09-14,18:32:22.800,0.14,0.10,0.05,,7.6,0.0,0,0,-52,0,100,10,0,9,25,-45,100,10,-1,8,393,3,-1,0,-1,-1,-1,-1,0x0000000000000000,1500,1500,988,1500,1500,1500,1500,1500,1500,1500,1500,1500,1500,1500,1500,1500,1500,1500,1500,1500,1500,1500,1500,1500,1500,1500,1500,1500,1500,1500,1500,1500,7.6,51.507608 -0.127329,10.8,13.2,125
2026-09-14,18:32:23.000,0.15,0.10,0.05,,7.6,0.0,0,0,-52,0,100,10,0,9,25,-45,100,10,-1,8,395,3,-1,0,-1,-1,-1,-1,0x0000000000000000,1500,1500,988,1500,1500,1500,1500,1500,1500,1500,1500,1500,1500,1500,1500,1500,1500,1500,1500,1500,1500,1500,1500,1500,1500,1500,1500,1500,1500,1500,1500,1500,7.6,51.507611 -0.127333,10.9,13.0,126
2026-09-14,18:32:23.200,0.15,0.09,0.05,,7.6,0.0,0,0,-52,0,100,10,0,9,25,-45,100,10,-1,8,397,3,-1,0,-1,-1,-1,-1,0x0000000000000000,1500,1500,988,1500,1500,1500,1500,1500,1500,1500,1500,1500,1500,1500,1500,1500,1500,1500,1500,1500,1500,1500,1500,1500,1500,1500,1500,1500,1500,1500,1500,1500,7.6,51.507615 -0.127337,10.9,12.9,127
2026-09-14,18:32:23.400,0.15,0.09,0.06,,7.6,0.0,0,0,-52,0,100,10,0,9,25,-45,100,10,-1,8,399,3,-1,0,-1,-1,-1,-1,0x0000000000000000,1500,1500,988,1500,1500,1500,1500,1500,1500,1500,1500,1500,1500,1500,1500,1500,1500,1500,1500,1500,1500,1500,1500,1500,1500,1500,1500,1500,1500,1500,1500,1500,7.6,51.507618 -0.127342,10.9,12.7,127
2026-09-14,18:32:23.600,0.15,0.08,0.06,,7.6,0.0,0,0,-52,0,100,10,0,9,25,-45,100,10,-1,8,400,3,-1,0,-1,-1,-1,-1,0x0000000000000000,1500,1500,988,1500,1500,1500,1500,1500,1500,1500,1500,1500,1500,1500,1500,1500,1500,1500,1500,1500,1500,1500,1500,1500,1500,1500,1500,1500,1500,1500,1500,1500,7.6,51.507622 -0.127346,10.9,12.6,128
2026-09-14,18:32:23.800,0.15,0.08,0.06,,7.6,0.0,0,0,-53,0,100,10,0,9,25,-45,100,10,-1,8,400,3,-1,0,-1,-1,-1,-1,0x0000000000000000,1500,1500,988,1500,1500,1500,1500,1500,1500,1500,1500,1500,1500,1500,1500,1500,1500,1500,1500,1500,1500,1500,1500,1500,1500,1500,1500,1500,1500,1500,1500,1500,7.6,51.507626 -0.127351,10.9,12.4,129
2026-09-14,18:32:24.000,0.15,0.08,0.06,,7.6,0.0,0,0,-53,0,100,10,0,9,25,-45,100,10,-1,8,400,3,-1,0,-1,-1,-1,-1,0x0000000000000000,1500,1500,988,1500,1500,1500,1500,1500,1500,1500,1500,1500,1500,1500,1500,1500,1500,1500,1500,1500,1500,1500,1500,1500,1500,1500,1500,1500,1500,1500,1500,1500,7.6,51.507629 -0.127355,10.9,12.3,130
2026-09-14,18:32:24.200,0.15,0.07,0.06,,7.6,0.0,0,0,-53,0,100,10,0,9,25,-45,100,10,-1,8,399,3,-1,0,-1,-1,-1,-1,0x0000000000000000,1500,1500,988,1500,1500,1500,1500,1500,1500,1500,1500,1500,1500,1500,1500,1500,1500,1500,1500,1500,1500,1500,1500,1500,1500,1500,1500,1500,1500,1500,1500,1500,7.6,51.507633 -0.127360,11.0,12.1,130
2026-09-14,18:32:24.400,0.15,0.07,0.06,,7.6,0.0,0,0,-53,0,100,10,0,9,25,-45,100,10,-1,8,398,3,-1,0,-1,-1,-1,-1,0x0000000000000000,1500,1500,988,1500,1500,1500,1500,1500,1500,1500,1500,1500,1500,1500,1500,1500,1500,1500,1500,1500,1500,1500,1500,1500,1500,1500,1500,1500,1500,1500,1500,1500,7.6,51.507636 -0.127365,11.0,12.0,131
2026-09-14,18:32:24.600,0.15,0.07,0.06,,7.6,0.0,0,0,-53,0,100,10,0,9,25,-45,100,10,-1,8,397,3,-1,0,-1,-1,-1,-1,0x0000000000000000,1500,1500,988,1500,1500,1500,1500,1500,1500,1500,1500,1500,1500,1500,1500,1500,1500,1500,1500,1500,1500,1500,1500,1500,1500,1500,1500,1500,1500,1500,1500,1500,7.6,51.507639 -0.127369,11.0,11.8,132
2026-09-14,18:32:24.800,0.15,0.06,0.06,,7.6,0.0,0,0,-54,0,100,10,0,9,25,-45,100,10,-1,8,395,3,-1,0,-1,-1,-1,-1,0x0000000000000000,1500,1500,988,1500,1500,1500,1500,1500,1500,1500,1500,1500,1500,1500,1500,1500,1500,1500,1500,1500,1500,1500,1500,1500,1500,1500,1500,1500,1500,1500,1500,1500,7.6,51.507643 -0.127374,11.0,11.7,132
2026-09-14,18:32:25.000,0.15,0.06,0.06,,7.6,0.0,0,0,-54,0,100,10,0,9,25,-45,100,10,-1,8,392,3,-1,0,-1,-1,-1,-1,0x0000000000000000,1500,1500,988,1500,1500,1500,1500,1500,1500,1500,1500,1500,1500,1500,1500,1500,1500,1500,1500,1500,1500,1500,1500,1500,1500,1500,1500,1500,1500,1500,1500,1500,7.6,51.507646 -0.127379,11.0,11.5,133
2026-09-14,18:32:25.200,0.15,0.05,0.06,,7.6,0.0,0,0,-54,0,100,10,0,9,25,-45,100,10,-1,8,389,3,-1,0,-1,-1,-1,-1,0x0000000000000000,1500,1500,988,1500,1500,1500,1500,1500,1500,1500,1500,1500,1500,1500,1500,1500,1500,1500,1500,1500,1500,1500,1500,1500,1500,1500,1500,1500,1500,1500,1500,1500,7.6,51.507649 -0.127384,11.0,11.4,134
2026-09-14,18:32:25.400,0.15,0.05,0.06,,7.6,0.0,0,0,-54,0,100,10,0,9,25,-45,100,10,-1,8,385,3,-1,0,-1,-1,-1,-1,0x0000000000000000,1500,1500,988,1500,1500,1500,1500,1500,1500,1500,1500,1500,1500,1500,1500,1500,1500,1500,1500,1500,1500,1500,1500,1500,1500,1500,1500,1500,1500,1500,1500,1500,7.6,51.507652 -0.127389,11.0,11.2,135
2026-09-14,18:32:25.600,0.15,0.04,0.07,,7.6,0.0,0,0,-54,0,100,10,0,9,25,-45,100,10,-1,8,381,3,-1,0,-1,-1,-1,-1,0x0000000000000000,1500,1500,988,1500,1500,1500,1500,1500,1500,1500,1500,1500,1500,1500,1500,1500,1500,1500,1500,1500,1500,1500,1500,1500,1500,1500,1500,1500,1500,1500,1500,1500,7.6,51.507656 -0.127394,11.0,11.1,135
2026-09-14,18:32:25.800,0.15,0.04,0.07,,7.6,0.0,0,0,-54,0,100,10,0,9,25,-45,100,10,-1,8,377,3,-1,0,-1,-1,-1,-1,0x0000000000000000,1500,1500,988,1500,1500,1500,1500,1500,1500,1500,1500,1500,1500,1500,1500,1500,1500,1500,1500,1500,1500,1500,1500,1500,1500,1500,1500,1500,1500,1500,1500,1500,7.6,51.507659 -0.127400,11.0,10.9,136
2026-09-14,18:32:26.000,0.15,0.04,0.07,,7.6,0.0,0,0,-55,0,100,10,0,9,25,-45,100,10,-1,8,372,3,-1,0,-1,-1,-1,-1,0x0000000000000000,1500,1500,988,1500,1500,1500,1500,1500,1500,1500,1500,1500,1500,1500,1500,1500,1500,1500,1500,1500,1500,1500,1500,1500,1500,1500,1500,1500,1500,1500,1500,1500,7.6,51.507662 -0.127405,11.0,10.8,137
2026-09-14,18:32:26.200,0.15,0.03,0.07,,7.6,0.0,0,0,-55,0,100,10,0,9,25,-45,100,10,-1,8,366,3,-1,0,-1,-1,-1,-1,0x0000000000000000,1500,1500,988,1500,1500,1500,1500,1500,1500,1500,1500,1500,1500,1500,1500,1500,1500,1500,1500,1500,1500,1500,1500,1500,1500,1500,1500,1500,1500,1500,1500,1500,7.6,51.507665 -0.127410,11.0,10.6,138
2026-09-14,18:32:26.400,0.15,0.03,0.07,,7.6,0.0,0,0,-55,0,100,10,0,9,25,-45,100,10,-1,8,360,3,-1,0,-1,-1,-1,-1,0x0000000000000000,1500,1500,988,1500,1500,1500,1500,1500,1500,1500,1500,1500,1500,1500,1500,1500,1500,1500,1500,1500,1500,1500,1500,1500,1500,1500,1500,1500,1500,1500,1500,1500,7.6,51.507668 -0.127416,11.0,10.5,138
2026-09-14,18:32:26.600,0.15,0.02,0.07,,7.6,0.0,0,0,-55,0,100,10,0,9,25,-45,100,10,-1,8,354,3,-1,0,-1,-1,-1,-1,0x0000000000000000,1500,1500,988,1500,1500,1500,1500,1500,1500,1500,1500,1500,1500,1500,1500,1500,1500,1500,1500,1500,1500,1500,1500,1500,1500,1500,1500,1500,1500,1500,1500,1500,7.6,51.507671 -0.127421,11.0,10.4,139
2026-09-14,18:32:26.800,0.15,0.02,0.07,,7.6,0.0,0,0,-55,0,100,10,0,9,25,-45,100,10,-1,8,347,3,-1,0,-1,-1,-1,-1,0x0000000000000000,1500,1500,988,1500,1500,1500,1500,1500,1500,1500,1500,1500,1500,1500,1500,1500,1500,1500,1500,1500,1500,1500,1500,1500,1500,1500,1500,1500,1500,1500,1500,1500,7.6,51.507674 -0.127426,11.0,10.2,140
2026-09-14,18:32:27.000,0.14,0.02,0.07,,7.6,0.0,0,0,-55,0,100,10,0,9,25,-45,100,10,-1,8,340,3,-1,0,-1,-1,-1,-1,0x0000000000000000,1500,1500,988,1500,1500,1500,1500,1500,1500,1500,1500,1500,1500,1500,1500,1500,1500,1500,1500,1500,1500,1500,1500,1500,1500,1500,1500,1500,1500,1500,1500,1500,7.6,51.507677 -0.127432,10.9,10.1,140
2026-09-14,18:32:27.200,0.14,0.01,0.07,,7.6,0.0,0,0,-56,0,100,10,0,9,25,-45,100,10,-1,8,332,3,-1,0,-1,-1,-1,-1,0x0000000000000000,1500,1500,988,1500,1500,1500,1500,1500,1500,1500,1500,1500,1500,1500,1500,1500,1500,1500,1500,1500,1500,1500,1500,1500,1500,1500,1500,1500,1500,1500,1500,1500,7.6,51.507680 -0.127438,10.9,10.0,141
2026-09-14,18:32:27.400,0.14,0.01,0.07,,7.6,0.0,0,0,-56,0,100,10,0,9,25,-45,100,10,-1,8,324,3,-1,0,-1,-1,-1,-1,0x0000000000000000,1500,1500,988,1500,1500,1500,1500,1500,1500,1500,1500,1500,1500,1500,1500,1500,1500,1500,1500,1500,1500,1500,1500,1500,1500,1500,1500,1500,1500,1500,1500,1500,7.6,51.507683 -0.127443,10.9,9.8,142
2026-09-14,18:32:27.600,0.14,0.00,0.07,,7.6,0.0,0,0,-56,0,100,10,0,9,25,-45,100,10,-1,8,315,3,-1,0,-1,-1,-1,-1,0x0000000000000000,1500,1500,988,1500,1500,1500,1500,1500,1500,1500,1500,1500,1500,1500,1500,1500,1500,1500,1500,1500,1500,1500,1500,1500,1500,1500,1500,1500,1500,1500,1500,1500,7.6,51.507685 -0.127449,10.9,9.7,143
2026-09-14,18:32:27.800,0.14,-0.00,0.07,,7.6,0.0,0,0,-56,0,100,10,0,9,25,-45,100,10,-1,8,306,3,-1,0,-1,-1,-1,-1,0x0000000000000000,1500,1500,988,1500,1500,1500,1500,1500,1500,1500,1500,1500,1500,1500,1500,1500,1500,1500,1500,1500,1500,1500,1500,1500,1500,1500,1500,1500,1500,1500,1500,1500,7.6,51.507688 -0.127455,10.9,9.6,143
2026-09-14,18:32:28.000,0.14,-0.01,0.08,,7.6,0.0,0,0,-56,0,100,10,0,9,25,-45,100,10,-1,8,296,3,-1,0,-1,-1,-1,-1,0x0000000000000000,1500,1500,988,1500,1500,1500,1500,1500,1500,1500,1500,1500,1500,1500,1500,1500,1500,1500,1500,1500,1500,1500,1500,1500,1500,1500,1500,1500,1500,1500,1500,1500,7.6,51.507691 -0.127461,10.9,9.5,144
2026-09-14,18:32:28.200,0.14,-0.01,0.08,,7.6,0.0,0,0,-56,0,100,10,0,9,25,-45,100,10,-1,8,286,3,-1,0,-1,-1,-1,-1,0x0000000000000000,1500,1500,988,1500,1500,1500,1500,1500,1500,1500,1500,1500,1500,1500,1500,1500,1500,1500,1500,1500,1500,1500,1500,1500,1500,1500,1500,1500,1500,1500,1500,1500,7.6,51.507693 -0.127467,10.8,9.4,145
2026-09-14,18:32:28.400,0.13,-0.01,0.08,,7.6,0.0,0,0,-56,0,100,10,0,9,25,-45,100,10,-1,8,276,3,-1,0,-1,-1,-1,-1,0x0000000000000000,1500,1500,988,1500,1500,1500,1500,1500,1500,1500,1500,1500,1500,1500,1500,1500,1500,1500,1500,1500,1500,1500,1500,1500,1500,1500,1500,1500,1500,1500,1500,1500,7.6,51.507696 -0.127473,10.8,9.2,145
2026-09-14,18:32:28.600,0.13,-0.02,0.08,,7.6,0.0,0,0,-57,0,100,10,0,9,25,-45,100,10,-1,8,265,3,-1,0,-1,-1,-1,-1,0x0000000000000000,1500,1500,988,1500,1500,1500,1500,1500,1500,1500,1500,1500,1500,1500,1500,1500,1500,1500,1500,1500,1500,1500,1500,1500,1500,1500,1500,1500,1500,1500,1500,1500,7.6,51.507698 -0.127479,10.8,9.1,146
2026-09-14,18:32:28.800,0.13,-0.02,0.08,,7.6,0.0,0,0,-57,0,100,10,0,9,25,-45,100,10,-1,8,254,3,-1,0,-1,-1,-1,-1,0x0000000000000000,1500,1500,988,1500,1500,1500,1500,1500,1500,1500,1500,1500,1500,1500,1500,1500,1500,1500,1500,1500,1500,1500,1500,1500,1500,1500,1500,1500,1500,1500,1500,1500,7.6,51.507701 -0.127485,10.7,9.0,147
2026-09-14,18:32:29.000,0.13,-0.03,0.08,,7.6,0.0,0,0,-57,0,100,10,0,9,25,-45,100,10,-1,8,243,3,-1,0,-1,-1,-1,-1,0x0000000000000000,1500,1500,988,1500,1500,1500,1500,1500,1500,1500,1500,1500,1500,1500,1500,1500,1500,1500,1500,1500,1500,1500,1500,1500,1500,1500,1500,1500,1500,1500,1500,1500,7.6,51.507703 -0.127491,10.7,8.9,148
2026-09-14,18:32:29.200,0.13,-0.03,0.08,,7.6,0.0,0,0,-57,0,100,10,0,9,25,-45,100,10,-1,8,231,3,-1,0,-1,-1,-1,-1,0x0000000000000000,1500,1500,988,1500,1500,1500,1500,1500,1500,1500,1500,1500,1500,1500,1500,1500,1500,1500,1500,1500,1500,1500,1500,1500,1500,1500,1500,1500,1500,1500,1500,1500,7.6,51.507706 -0.127497,10.7,8.8,148
2026-09-14,18:32:29.400,0.12,-0.04,0.08,,7.6,0.0,0,0,-57,0,100,10,0,9,25,-45,100,10,-1,8,218,3,-1,0,-1,-1,-1,-1,0x0000000000000000,1500,1500,988,1500,1500,1500,1500,1500,1500,1500,1500,1500,1500,1500,1500,1500,1500,1500,1500,1500,1500,1500,1500,1500,1500,1500,1500,1500,1500,1500,1500,1500,7.6,51.507708 -0.127503,10.6,8.7,149
2026-09-14,18:32:29.600,0.12,-0.04,0.08,,7.6,0.0,0,0,-57,0,100,10,0,9,25,-45,100,10,-1,8,206,3,-1,0,-1,-1,-1,-1,0x0000000000000000,1500,1500,988,1500,1500,1500,1500,1500,1500,1500,1500,1500,1500,1500,1500,1500,1500,1500,1500,1500,1500,1500,1500,1500,1500,1500,1500,1500,1500,1500,1500,1500,7.6,51.507710 -0.127509,10.6,8.7,150
2026-09-14,18:32:29.800,0.12,-0.04,0.08,,7.6,0.0,0,0,-57,0,100,10,0,9,25,-45,100,10,-1,8,193,3,-1,0,-1,-1,-1,-1,0x0000000000000000,1500,1500,988,1500,1500,1500,1500,1500,1500,1500,1500,1500,1500,1500,1500,1500,1500,1500,1500,1500,1500,1500,1500,1500,1500,1500,1500,1500,1500,1500,1500,1500,7.6,51.507713 -0.127516,10.6,8.6,150
2026-09-14,18:32:30.000,0.12,-0.05,0.08,,7.6,0.0,0,0,-58,0,100,10,0,9,25,-45,100,10,-1,8,180,3,-1,0,-1,-1,-1,-1,0x0000000000000000,1500,1500,988,1500,1500,1500,1500,1500,1500,1500,1500,1500,1500,1500,1500,1500,1500,1500,1500,1500,1500,1500,1500,1500,1500,1500,1500,1500,1500,1500,1500,1500,7.6,51.507715 -0.127522,10.5,8.5,151
2026-09-14,18:32:30.200,0.11,-0.05,0.08,,7.6,0.0,0,0,-58,0,100,10,0,9,25,-45,100,10,-1,8,166,3,-1,0,-1,-1,-1,-1,0x0000000000000000,1500,1500,988,1500,1500,1500,1500,1500,1500,1500,1500,1500,1500,1500,1500,1500,1500,1500,1500,1500,1500,1500,1500,1500,1500,1500,1500,1500,1500,1500,1500,1500,7.6,51.507717 -0.127528,10.5,8.4,152
2026-09-14,18:32:30.400,0.11,-0.06,0.08,,7.6,0.0,0,0,-58,0,100,10,0,9,25,-45,100,10,-1,8,152,3,-1,0,-1,-1,-1,-1,0x0000000000000000,1500,1500,988,1500,1500,1500,1500,1500,1500,1500,1500,1500,1500,1500,1500,1500,1500,1500,1500,1500,1500,1500,1500,1500,1500,1500,1500,1500,1500,1500,1500,1500,7.6,51.507719 -0.127535,10.4,8.4,153
2026-09-14,18:32:30.600,0.11,-0.06,0.08,,7.6,0.0,0,0,-58,0,100,10,0,9,25,-45,100,10,-1,8,138,3,-1,0,-1,-1,-1,-1,0x0000000000000000,1500,1500,988,1500,1500,1500,1500,1500,1500,1500,1500,1500,1500,1500,1500,1500,1500,1500,1500,1500,1500,1500,1500,1500,1500,1500,1500,1500,1500,1500,1500,1500,7.6,51.507721 -0.127541,10.4,8.3,153
2026-09-14,18:32:30.800,0.11,-0.06,0.08,,7.6,0.0,0,0,-58,0,100,10,0,9,25,-45,100,10,-1,8,123,3,-1,0,-1,-1,-1,-1,0x0000000000000000,1500,1500,988,1500,1500,1500,1500,1500,1500,1500,1500,1500,1500,1500,1500,1500,1500,1500,1500,1500,1500,1500,1500,1500,1500,1500,1500,1500,1500,1500,1500,1500,7.6,51.507723 -0.127548,10.4,8.3,154
2026-09-14,18:32:31.000,0.10,-0.07,0.09,,7.6,0.0,0,0,-58,0,100,10,0,9,25,-45,100,10,-1,8,109,3,-1,0,-1,-1,-1,-1,0x0000000000000000,1500,1500,988,1500,1500,1500,1500,1500,1500,1500,1500,1500,1500,1500,1500,1500,1500,1500,1500,1500,1500,1500,1500,1500,1500,1500,1500,1500,1500,1500,1500,1500,7.6,51.507725 -0.127554,10.3,8.2,155
2026-09-14,18:32:31.200,0.10,-0.07,0.09,,7.6,0.0,0,0,-58,0,100,10,0,9,25,-45,100,10,-1,8,94,3,-1,0,-1,-1,-1,-1,0x0000000000000000,1500,1500,988,1500,1500,1500,1500,1500,1500,1500,1500,1500,1500,1500,1500,1500,1500,1500,1500,1500,1500,1500,1500,1500,1500,1500,1500,1500,1500,1500,1500,1500,7.6,51.507727 -0.127561,10.3,8.2,156
2026-09-14,18:32:31.400,0.10,-0.08,0.09,,7.6,0.0,0,0,-58,0,100,10,0,9,25,-45,100,10,-1,8,78,3,-1,0,-1,-1,-1,-1,0x0000000000000000,1500,1500,988,1500,1500,1500,1500,1500,1500,1500,1500,1500,1500,1500,1500,1500,1500,1500,1500,1500,1500,1500,1500,1500,1500,1500,1500,1500,1500,1500,1500,1500,7.6,51.507729 -0.127567,10.2,8.1,156
2026-09-14,18:32:31.600,0.10,-0.08,0.09,,7.6,0.0,0,0,-58,0,100,10,0,9,25,-45,100,10,-1,8,63,3,-1,0,-1,-1,-1,-1,0x0000000000000000,1500,1500,988,1500,1500,1500,1500,1500,1500,1500,1500,1500,1500,1500,1500,1500,1500,1500,1500,1500,1500,1500,1500,1500,1500,1500,1500,1500,1500,1500,1500,1500,7.6,51.507731 -0.127574,10.2,8.1,157
2026-09-14,18:32:31.800,0.09,-0.08,0.09,,7.6,0.0,0,0,-59,0,100,10,0,9,25,-45,100,10,-1,8,47,3,-1,0,-1,-1,-1,-1,0x0000000000000000,1500,1500,988,1500,1500,1500,1500,1500,1500,1500,1500,1500,1500,1500,1500,1500,1500,1500,1500,1500,1500,1500,1500,1500,1500,1500,1500,1500,1500,1500,1500,1500,7.6,51.507732 -0.127581,10.1,8.1,158
2026-09-14,18:32:32.000,0.09,-0.09,0.09,,7.6,0.0,0,0,-59,0,100,10,0,9,25,-45,100,10,-1,8,31,3,-1,0,-1,-1,-1,-1,0x0000000000000000,1500,1500,988,1500,1500,1500,1500,1500,1500,1500,1500,1500,1500,1500,1500,1500,1500,1500,1500,1500,1500,1500,1500,1500,1500,1500,1500,1500,1500,1500,1500,1500,7.6,51.507734 -0.127587,10.1,8.0,158
2026-09-14,18:32:32.200,0.09,-0.09,0.09,,7.6,0.0,0,0,-59,0,100,10,0,9,25,-45,100,10,-1,8,15,3,-1,0,-1,-1,-1,-1,0x0000000000000000,1500,1500,988,1500,1500,1500,1500,1500,1500,1500,1500,1500,1500,1500,1500,1500,1500,1500,1500,1500,1500,1500,1500,1500,1500,1500,1500,1500,1500,1500,1500,1500,7.6,51.507736 -0.127594,10.0,8.0,159
2026-09-14,18:32:32.400,0.08,-0.10,0.09,,7.6,0.0,0,0,-59,0,100,10,0,9,25,-45,100,10,-1,8,-1,3,-1,0,-1,-1,-1,-1,0x0000000000000000,1500,1500,988,1500,1500,1500,1500,1500,1500,1500,1500,1500,1500,1500,1500,1500,1500,1500,1500,1500,1500,1500,1500,1500,1500,1500,1500,1500,1500,1500,1500,1500,7.6,51.507737 -0.127601,9.9,8.0,160
2026-09-14,18:32:32.600,0.08,-0.10,0.09,,7.6,0.0,0,0,-59,0,100,10,0,9,25,-45,100,10,-1,8,-17,3,-1,0,-1,-1,-1,-1,0x0000000000000000,1500,1500,988,1500,1500,1500,1500,1500,1500,1500,1500,1500,1500,1500,1500,1500,1500,1500,1500,1500,1500,1500,1500,1500,1500,1500,1500,1500,1500,1500,1500,1500,7.6,51.507739 -0.127608,9.9,8.0,161
2026-09-14,18:32:32.800,0.08,-0.10,0.09,,7.6,0.0,0,0,-59,0,100,10,0,9,25,-45,100,10,-1,8,-34,3,-1,0,-1,-1,-1,-1,0x0000000000000000,1500,1500,988,1500,1500,1500,1500,1500,1500,1500,1500,1500,1500,1500,1500,1500,1500,1500,1500,1500,1500,1500,1500,1500,1500,1500,1500,1500,1500,1500,1500,1500,7.6,51.507740 -0.127615,9.8,8.0,161
2026-09-14,18:32:33.000,0.07,-0.11,0.09,,7.6,0.0,0,0,-59,0,100,10,0,9,25,-45,100,10,-1,8,-51,3,-1,0,-1,-1,-1,-1,0x0000000000000000,1500,1500,988,1500,1500,1500,1500,1500,1500,1500,1500,1500,1500,1500,1500,1500,1500,1500,1500,1500,1500,1500,1500,1500,1500,1500,1500,1500,1500,1500,1500,1500,7.6,51.507742 -0.127622,9.8,8.0,162
2026-09-14,18:32:33.200,0.07,-0.11,0.09,,7.6,0.0,0,0,-59,0,100,10,0,9,25,-45,100,10,-1,8,-68,3,-1,0,-1,-1,-1,-1,0x0000000000000000,1500,1500,988,1500,1500,1500,1500,1500,1500,1500,1500,1500,1500,1500,1500,1500,1500,1500,1500,1500,1500,1500,1500,1500,1500,1500,1500,1500,1500,1500,1500,1500,7.6,51.507743 -0.127629,9.7,8.0,163
2026-09-14,18:32:33.400,0.07,-0.11,0.09,,7.6,0.0,0,0,-59,0,100,10,0,9,25,-45,100,10,-1,8,-85,3,-1,0,-1,-1,-1,-1,0x0000000000000000,1500,1500,988,1500,1500,1500,1500,1500,1500,1500,1500,1500,1500,1500,1500,1500,1500,1500,1500,1500,1500,1500,1500,1500,1500,1500,1500,1500,1500,1500,1500,1500,7.6,51.507744 -0.127635,9.6,8.0,163
2026-09-14,18:32:33.600,0.06,-0.12,0.09,,7.6,0.0,0,0,-59,0,100,10,0,9,25,-45,100,10,-1,8,-102,3,-1,0,-1,-1,-1,-1,0x0000000000000000,1500,1500,988,1500,1500,1500,1500,1500,1500,1500,1500,1500,1500,1500,1500,1500,1500,1500,1500,1500,1500,1500,1500,1500,1500,1500,1500,1500,1500,1500,1500,1500,7.6,51.507746 -0.127642,9.6,8.1,164
2026-09-14,18:32:33.800,0.06,-0.12,0.09,,7.6,0.0,0,0,-59,0,100,10,0,9,25,-45,100,10,-1,8,-119,3,-1,0,-1,-1,-1,-1,0x0000000000000000,1500,1500,988,1500,1500,1500,1500,1500,1500,1500,1500,1500,1500,1500,1500,1500,1500,1500,1500,1500,1500,1500,1500,1500,1500,1500,1500,1500,1500,1500,1500,1500,7.6,51.507747 -0.127649,9.5,8.1,165
2026-09-14,18:32:34.000,0.05,-0.12,0.09,,7.6,0.0,0,0,-59,0,100,10,0,9,25,-45,100,10,-1,8,-136,3,-1,0,-1,-1,-1,-1,0x0000000000000000,1500,1500,988,1500,1500,1500,1500,1500,1500,1500,1500,1500,1500,1500,1500,1500,1500,1500,1500,1500,1500,1500,1500,1500,1500,1500,1500,1500,1500,1500,1500,1500,7.6,51.507748 -0.127656,9.4,8.1,166
2026-09-14,18:32:34.200,0.05,-0.13,0.09,,7.6,0.0,0,0,-59,0,100,10,0,9,25,-45,100,10,-1,8,-153,3,-1,0,-1,-1,-1,-1,0x0000000000000000,1500,1500,988,1500,1500,1500,1500,1500,1500,1500,1500,1500,1500,1500,1500,1500,1500,1500,1500,1500,1500,1500,1500,1500,1500,1500,1500,1500,1500,1500,1500,1500,7.6,51.507749 -0.127663,9.4,8.2,166
2026-09-14,18:32:34.400,0.05,-0.13,0.09,,7.6,0.0,0,0,-59,0,100,10,0,9,25,-45,100,10,-1,8,-171,3,-1,0,-1,-1,-1,-1,0x0000000000000000,1500,1500,988,1500,1500,1500,1500,1500,1500,1500,1500,1500,1500,1500,1500,1500,1500,1500,1500,1500,1500,1500,1500,1500,1500,1500,1500,1500,1500,1500,1500,1500,7.6,51.507750 -0.127671,9.3,8.2,167
2026-09-14,18:32:34.600,0.04,-0.13,0.09,,7.6,0.0,0,0,-60,0,100,10,0,9,25,-45,100,10,-1,8,-188,3,-1,0,-1,-1,-1,-1,0x0000000000000000,1500,1500,988,1500,1500,1500,1500,1500,1500,1500,1500,1500,1500,1500,1500,1500,1500,1500,1500,1500,1500,1500,1500,1500,1500,1500,1500,1500,1500,1500,1500,1500,7.6,51.507751 -0.127678,9.2,8.3,168
2026-09-14,18:32:34.800,0.04,-0.14,0.09,,7.6,0.0,0,0,-60,0,100,10,0,9,25,-45,100,10,-1,8,-205,3,-1,0,-1,-1,-1,-1,0x0000000000000000,1500,1500,988,1500,1500,1500,1500,1500,1500,1500,1500,1500,1500,1500,1500,1500,1500,1500,1500,1500,1500,1500,1500,1500,1500,1500,1500,1500,1500,1500,1500,1500,7.6,51.507752 -0.127685,9.2,8.3,168
2026-09-14,18:32:35.000,0.04,-0.14,0.09,,7.6,0.0,0,0,-60,0,100,10,0,9,25,-45,100,10,-1,8,-223,3,-1,0,-1,-1,-1,-1,0x0000000000000000,1500,1500,988,1500,1500,1500,1500,1500,1500,1500,1500,1500,1500,1500,1500,1500,1500,1500,1500,1500,1500,1500,1500,1500,1500,1500,1500,1500,1500,1500,1500,1500,7.6,51.507753 -0.127692,9.1,8.4,169
2026-09-14,18:32:35.200,0.03,-0.14,0.10,,7.6,0.0,0,0,-60,0,100,10,0,9,25,-45,100,10,-1,8,-240,3,-1,0,-1,-1,-1,-1,0x0000000000000000,1500,1500,988,1500,1500,1500,1500,1500,1500,1500,1500,1500,1500,1500,1500,1500,1500,1500,1500,1500,1500,1500,1500,1500,1500,1500,1500,1500,1500,1500,1500,1500,7.6,51.507754 -0.127699,9.0,8.4,170
2026-09-14,18:32:35.400,0.03,-0.15,0.10,,7.6,0.0,0,0,-60,0,100,10,0,9,25,-45,100,10,-1,8,-257,3,-1,0,-1,-1,-1,-1,0x0000000000000000,1500,1500,988,1500,1500,1500,1500,1500,1500,1500,1500,1500,1500,1500,1500,1500,1500,1500,1500,1500,1500,1500,1500,1500,1500,1500,1500,1500,1500,1500,1500,1500,7.6,51.507755 -0.127706,9.0,8.5,171
2026-09-14,18:32:35.600,0.02,-0.15,0.10,,7.6,0.0,0,0,-60,0,100,10,0,9,25,-45,100,10,-1,8,-274,3,-1,0,-1,-1,-1,-1,0x0000000000000000,1500,1500,988,1500,1500,1500,1500,1500,1500,1500,1500,1500,1500,1500,1500,1500,1500,1500,1500,1500,1500,1500,1500,1500,1500,1500,1500,1500,1500,1500,1500,1500,7.6,51.507755 -0.127713,8.9,8.6,171
2026-09-14,18:32:35.800,0.02,-0.15,0.10,,7.6,0.0,0,0,-60,0,100,10,0,9,25,-45,100,10,-1,8,-292,3,-1,0,-1,-1,-1,-1,0x0000000000000000,1500,1500,988,1500,1500,1500,1500,1500,1500,1500,1500,1500,1500,1500,1500,1500,1500,1500,1500,1500,1500,1500,1500,1500,1500,1500,1500,1500,1500,1500,1500,1500,7.6,51.507756 -0.127720,8.8,8.7,172
2026-09-14,18:32:36.000,0.02,-0.15,0.10,,7.6,0.0,0,0,-60,0,100,10,0,9,25,-45,100,10,-1,8,-309,3,-1,0,-1,-1,-1,-1,0x0000000000000000,1500,1500,988,1500,1500,1500,1500,1500,1500,1500,1500,1500,1500,1500,1500,1500,1500,1500,1500,1500,1500,1500,1500,1500,1500,1500,1500,1500,1500,1500,1500,1500,7.6,51.507756 -0.127728,8.7,8.8,173
2026-09-14,18:32:36.200,0.01,-0.16,0.10,,7.6,0.0,0,0,-60,0,100,10,0,9,25,-45,100,10,-1,8,-326,3,-1,0,-1,-1,-1,-1,0x0000000000000000,1500,1500,988,1500,1500,1500,1500,1500,1500,1500,1500,1500,1500,1500,1500,1500,1500,1500,1500,1500,1500,1500,1500,1500,1500,1500,1500,1500,1500,1500,1500,1500,7.6,51.507757 -0.127735,8.7,8.8,174
2026-09-14,18:32:36.400,0.01,-0.16,0.10,,7.6,0.0,0,0,-60,0,100,10,0,9,25,-45,100,10,-1,8,-343,3,-1,0,-1,-1,-1,-1,0x0000000000000000,1500,1500,988,1500,1500,1500,1500,1500,1500,1500,1500,1500,1500,1500,1500,1500,1500,1500,1500,1500,1500,1500,1500,1500,1500,1500,1500,1500,1500,1500,1500,1500,7.6,51.507758 -0.127742,8.6,8.9,174
2026-09-14,18:32:36.600,0.00,-0.16,0.10,,7.6,0.0,0,0,-60,0,100,10,0,9,25,-45,100,10,-1,8,-359,3,-1,0,-1,-1,-1,-1,0x0000000000000000,1500,1500,988,1500,1500,1500,1500,1500,1500,1500,1500,1500,1500,1500,1500,1500,1500,1500,1500,1500,1500,1500,1500,1500,1500,1500,1500,1500,1500,1500,1500,1500,7.6,51.507758 -0.127749,8.5,9.0,175
2026-09-14,18:32:36.800,0.00,-0.17,0.10,,7.6,0.0,0,0,-60,0,100,10,0,9,25,-45,100,10,-1,8,-376,3,-1,0,-1,-1,-1,-1,0x0000000000000000,1500,1500,988,1500,1500,1500,1500,1500,1500,1500,1500,1500,1500,1500,1500,1500,1500,1500,1500,1500,1500,1500,1500,1500,1500,1500,1500,1500,1500,1500,1500,1500,7.6,51.507758 -0.127757,8.5,9.1,176
2026-09-14,18:32:37.000,-0.00,-0.17,0.10,,7.6,0.0,0,0,-60,0,100,10,0,9,25,-45,100,10,-1,8,-393,3,-1,0,-1,-1,-1,-1,0x0000000000000000,1500,1500,988,1500,1500,1500,1500,1500,1500,1500,1500,1500,1500,1500,1500,1500,1500,1500,1500,1500,1500,1500,1500,1500,1500,1500,1500,1500,1500,1500,1500,1500,7.6,51.507759 -0.127764,8.4,9.2,176
2026-09-14,18:32:37.200,-0.01,-0.17,0.10,,7.6,0.0,0,0,-60,0,100,10,0,9,25,-45,100,10,-1,8,-409,3,-1,0,-1,-1,-1,-1,0x0000000000000000,1500,1500,988,1500,1500,1500,1500,1500,1500,1500,1500,1500,1500,1500,1500,1500,1500,1500,1500,1500,1500,1500,1500,1500,1500,1500,1500,1500,1500,1500,1500,1500,7.6,51.507759 -0.127771,8.3,9.4,177
2026-09-14,18:32:37.400,-0.01,-0.17,0.10,,7.6,0.0,0,0,-60,0,100,10,0,9,25,-45,100,10,-1,8,-425,3,-1,0,-1,-1,-1,-1,0x0000000000000000,1500,1500,988,1500,1500,1500,1500,1500,1500,1500,1500,1500,1500,1500,1500,1500,1500,1500,1500,1500,1500,1500,1500,1500,1500,1500,1500,1500,1500,1500,1500,1500,7.6,51.507759 -0.127778,8.2,9.5,178
2026-09-14,18:32:37.600,-0.02,-0.17,0.10,,7.6,0.0,0,0,-60,0,100,10,0,9,25,-45,100,10,-1,8,-441,3,-1,0,-1,-1,-1,-1,0x0000000000000000,1500,1500,988,1500,1500,1500,1500,1500,1500,1500,1500,1500,1500,1500,1500,1500,1500,1500,1500,1500,1500,1500,1500,1500,1500,1500,1500,1500,1500,1500,1500,1500,7.6,51.507759 -0.127785,8.2,9.6,179
2026-09-14,18:32:37.800,-0.02,-0.18,0.10,,7.6,0.0,0,0,-60,0,100,10,0,9,25,-45,100,10,-1,8,-457,3,-1,0,-1,-1,-1,-1,0x0000000000000000,1500,1500,988,1500,1500,1500,1500,1500,1500,1500,1500,1500,1500,1500,1500,1500,1500,1500,1500,1500,1500,1500,1500,1500,1500,1500,1500,1500,1500,1500,1500,1500,7.6,51.507759 -0.127793,8.1,9.7,179
2026-09-14,18:32:38.000,-0.02,-0.18,0.10,,7.6,0.0,0,0,-60,0,100,10,0,9,25,-45,100,10,-1,8,-472,3,-1,0,-1,-1,-1,-1,0x0000000000000000,1500,1500,988,1500,1500,1500,1500,1500,1500,1500,1500,1500,1500,1500,1500,1500,1500,1500,1500,1500,1500,1500,1500,1500,1500,1500,1500,1500,1500,1500,1500,1500,7.6,51.507759 -0.127800,8.0,9.8,180
2026-09-14,18:32:38.200,-0.03,-0.18,0.10,,7.6,0.0,0,0,-60,0,100,10,0,9,25,-45,100,10,-1,8,-488,3,-1,0,-1,-1,-1,-1,0x0000000000000000,1500,1500,988,1500,1500,1500,1500,1500,1500,1500,1500,1500,1500,1500,1500,1500,1500,1500,1500,1500,1500,1500,1500,1500,1500,1500,1500,1500,1500,1500,1500,1500,7.6,51.507759 -0.127807,7.9,10.0,181
2026-09-14,18:32:38.400,-0.03,-0.18,0.10,,7.6,0.0,0,0,-60,0,100,10,0,9,25,-45,100,10,-1,8,-503,3,-1,0,-1,-1,-1,-1,0x0000000000000000,1500,1500,988,1500,1500,1500,1500,1500,1500,1500,1500,1500,1500,1500,1500,1500,1500,1500,1500,1500,1500,1500,1500,1500,1500,1500,1500,1500,1500,1500,1500,1500,7.6,51.507759 -0.127815,7.8,10.1,181
2026-09-14,18:32:38.600,-0.04,-0.18,0.10,,7.6,0.0,0,0,-60,0,100,10,0,9,25,-45,100,10,-1,8,-518,3,-1,0,-1,-1,-1,-1,0x0000000000000000,1500,1500,988,1500,1500,1500,1500,1500,1500,1500,1500,1500,1500,1500,1500,1500,1500,1500,1500,1500,1500,1500,1500,1500,1500,1500,1500,1500,1500,1500,1500,1500,7.6,51.507759 -0.127822,7.8,10.2,182
2026-09-14,18:32:38.800,-0.04,-0.19,0.10,,7.6,0.0,0,0,-60,0,100,10,0,9,25,-45,100,10,-1,8,-532,3,-1,0,-1,-1,-1,-1,0x0000000000000000,1500,1500,988,1500,1500,1500,1500,1500,1500,1500,1500,1500,1500,1500,1500,1500,1500,1500,1500,1500,1500,1500,1500,1500,1500,1500,1500,1500,1500,1500,1500,1500,7.6,51.507759 -0.127829,7.7,10.4,183
2026-09-14,18:32:39.000,-0.04,-0.19,0.10,,7.6,0.0,0,0,-60,0,100,10,0,9,25,-45,100,10,-1,8,-547,3,-1,0,-1,-1,-1,-1,0x0000000000000000,1500,1500,988,1500,1500,1500,1500,1500,1500,1500,1500,1500,1500,1500,1500,1500,1500,1500,1500,1500,1500,1500,1500,1500,1500,1500,1500,1500,1500,1500,1500,1500,7.6,51.507759 -0.127836,7.6,10.5,184
2026-09-14,18:32:39.200,-0.05,-0.19,0.10,,7.6,0.0,0,0,-60,0,100,10,0,9,25,-45,100,10,-1,8,-561,3,-1,0,-1,-1,-1,-1,0x0000000000000000,1500,1500,988,1500,1500,1500,1500,1500,1500,1500,1500,1500,1500,1500,1500,1500,1500,1500,1500,1500,1500,1500,1500,1500,1500,1500,1500,1500,1500,1500,1500,1500,7.6,51.507758 -0.127843,7.5,10.6,184
2026-09-14,18:32:39.400,-0.05,-0.19,0.10,,7.6,0.0,0,0,-60,0,100,10,0,9,25,-45,100,10,-1,8,-574,3,-1,0,-1,-1,-1,-1,0x0000000000000000,1500,1500,988,1500,1500,1500,1500,1500,1500,1500,1500,1500,1500,1500,1500,1500,1500,1500,1500,1500,1500,1500,1500,1500,1500,1500,1500,1500,1500,1500,1500,1500,7.6,51.507758 -0.127851,7.5,10.8,185
2026-09-14,18:32:39.600,-0.05,-0.19,0.10,,7.6,0.0,0,0,-60,0,100,10,0,9,25,-45,100,10,-1,8,-588,3,-1,0,-1,-1,-1,-1,0x0000000000000000,1500,1500,988,1500,1500,1500,1500,1500,1500,1500,1500,1500,1500,1500,1500,1500,1500,1500,1500,1500,1500,1500,1500,1500,1500,1500,1500,1500,1500,1500,1500,1500,7.6,51.507758 -0.127858,7.4,10.9,186
2026-09-14,18:32:39.800,-0.06,-0.19,0.10,,7.6,0.0,0,0,-60,0,100,10,0,9,25,-45,100,10,-1,8,-601,3,-1,0,-1,-1,-1,-1,0x0000000000000000,1500,1500,988,1500,1500,1500,1500,1500,1500,1500,1500,1500,1500,1500,1500,1500,1500,1500,1500,1500,1500,1500,1500,1500,1500,1500,1500,1500,1500,1500,1500,1500,7.6,51.507757 -0.127865,7.3,11.1,186
2026-09-14,18:32:40.000,-0.06,-0.19,0.10,,7.6,0.0,0,0,-60,0,100,10,0,9,25,-45,100,10,-1,8,-613,3,-1,0,-1,-1,-1,-1,0x0000000000000000,1500,1500,988,1500,1500,1500,1500,1500,1500,1500,1500,1500,1500,1500,1500,1500,1500,1500,1500,1500,1500,1500,1500,1500,1500,1500,1500,1500,1500,1500,1500,1500,7.6,51.507756 -0.127872,7.3,11.2,187
2026-09-14,18:32:40.200,-0.06,-0.19,0.10,,7.6,0.0,0,0,-60,0,100,10,0,9,25,-45,100,10,-1,8,-626,3,-1,0,-1,-1,-1,-1,0x0000000000000000,1500,1500,988,1500,1500,1500,1500,1500,1500,1500,1500,1500,1500,1500,1500,1500,1500,1500,1500,1500,1500,1500,1500,1500,1500,1500,1500,1500,1500,1500,1500,1500,7.6,51.507756 -0.127880,7.2,11.4,188
2026-09-14,18:32:40.400,-0.07,-0.20,0.10,,7.6,0.0,0,0,-60,0,100,10,0,9,25,-45,100,10,-1,8,-638,3,-1,0,-1,-1,-1,-1,0x0000000000000000,1500,1500,988,1500,1500,1500,1500,1500,1500,1500,1500,1500,1500,1500,1500,1500,1500,1500,1500,1500,1500,1500,1500,1500,1500,1500,1500,1500,1500,1500,1500,1500,7.6,51.507755 -0.127887,7.1,11.5,189
2026-09-14,18:32:40.600,-0.07,-0.20,0.10,,7.6,0.0,0,0,-60,0,100,10,0,9,25,-45,100,10,-1,8,-650,3,-1,0,-1,-1,-1,-1,0x0000000000000000,1500,1500,988,1500,1500,1500,1500,1500,1500,1500,1500,1500,1500,1500,1500,1500,1500,1500,1500,1500,1500,1500,1500,1500,1500,1500,1500,1500,1500,1500,1500,1500,7.6,51.507755 -0.127894,7.0,11.7,189
2026-09-14,18:32:40.800,-0.08,-0.20,0.10,,7.6,0.0,0,0,-60,0,100,10,0,9,25,-45,100,10,-1,8,-661,3,-1,0,-1,-1,-1,-1,0x0000000000000000,1500,1500,988,1500,1500,1500,1500,1500,1500,1500,1500,1500,1500,1500,1500,1500,1500,1500,1500,1500,1500,1500,1500,1500,1500,1500,1500,1500,1500,1500,1500,1500,7.6,51.507754 -0.127901,7.0,11.8,190
2026-09-14,18:32:41.000,-0.08,-0.20,0.10,,7.6,0.0,0,0,-60,0,100,10,0,9,25,-45,100,10,-1,8,-672,3,-1,0,-1,-1,-1,-1,0x0000000000000000,1500,1500,988,1500,1500,1500,1500,1500,1500,1500,1500,1500,1500,1500,1500,1500,1500,1500,1500,1500,1500,1500,1500,1500,1500,1500,1500,1500,1500,1500,1500,1500,7.6,51.507753 -0.127908,6.9,12.0,191
2026-09-14,18:32:41.200,-0.08,-0.20,0.10,,7.6,0.0,0,0,-60,0,100,10,0,9,25,-45,100,10,-1,8,-682,3,-1,0,-1,-1,-1,-1,0x0000000000000000,1500,1500,988,1500,1500,1500,1500,1500,1500,1500,1500,1500,1500,1500,1500,1500,1500,1500,1500,1500,1500,1500,1500,1500,1500,1500,1500,1500,1500,1500,1500,1500,7.6,51.507752 -0.127915,6.8,12.1,192
2026-09-14,18:32:41.400,-0.09,-0.20,0.10,,7.6,0.0,0,0,-60,0,100,10,0,9,25,-45,100,10,-1,8,-692,3,-1,0,-1,-1,-1,-1,0x0000000000000000,1500,1500,988,1500,1500,1500,1500,1500,1500,1500,1500,1500,1500,1500,1500,1500,1500,1500,1500,1500,1500,1500,1500,1500,1500,1500,1500,1500,1500,1500,1500,1500,7.6,51.507751 -0.127922,6.8,12.3,192
2026-09-14,18:32:41.600,-0.09,-0.20,0.10,,7.6,0.0,0,0,-59,0,100,10,0,9,25,-45,100,10,-1,8,-702,3,-1,0,-1,-1,-1,-1,0x0000000000000000,1500,1500,988,1500,1500,1500,1500,1500,1500,1500,1500,1500,1500,1500,1500,1500,1500,1500,1500,1500,1500,1500,1500,1500,1500,1500,1500,1500,1500,1500,1500,1500,7.6,51.507750 -0.127929,6.7,12.4,193
2026-09-14,18:32:41.800,-0.09,-0.20,0.10,,7.6,0.0,0,0,-59,0,100,10,0,9,25,-45,100,10,-1,8,-711,3,-1,0,-1,-1,-1,-1,0x0000000000000000,1500,1500,988,1500,1500,1500,1500,1500,1500,1500,1500,1500,1500,1500,1500,1500,1500,1500,1500,1500,1500,1500,1500,1500,1500,1500,1500,1500,1500,1500,1500,1500,7.6,51.507749 -0.127937,6.6,12.6,194
2026-09-14,18:32:42.000,-0.09,-0.20,0.10,,7.6,0.0,0,0,-59,0,100,10,0,9,25,-45,100,10,-1,8,-720,3,-1,0,-1,-1,-1,-1,0x0000000000000000,1500,1500,988,1500,1500,1500,1500,1500,1500,1500,1500,1500,1500,1500,1500,1500,1500,1500,1500,1500,1500,1500,1500,1500,1500,1500,1500,1500,1500,1500,1500,1500,7.6,51.507748 -0.127944,6.6,12.7,194
2026-09-14,18:32:42.200,-0.10,-0.20,0.10,,7.6,0.0,0,0,-59,0,100,10,0,9,25,-45,100,10,-1,8,-729,3,-1,0,-1,-1,-1,-1,0x0000000000000000,1500,1500,988,1500,1500,1500,1500,1500,1500,1500,1500,1500,1500,1500,1500,1500,1500,1500,1500,1500,1500,1500,1500,1500,1500,1500,1500,1500,1500,1500,1500,1500,7.6,51.507747 -0.127951,6.5,12.9,195
2026-09-14,18:32:42.400,-0.10,-0.20,0.10,,7.6,0.0,0,0,-59,0,100,10,0,9,25,-45,100,10,-1,8,-737,3,-1,0,-1,-1,-1,-1,0x0000000000000000,1500,1500,988,1500,1500,1500,1500,1500,1500,1500,1500,1500,1500,1500,1500,1500,1500,1500,1500,1500,1500,1500,1500,1500,1500,1500,1500,1500,1500,1500,1500,1500,7.6,51.507746 -0.127958,6.4,13.0,196
2026-09-14,18:32:42.600,-0.10,-0.20,0.10,,7.6,0.0,0,0,-59,0,100,10,0,9,25,-45,100,10,-1,8,-744,3,-1,0,-1,-1,-1,-1,0x0000000000000000,1500,1500,988,1500,1500,1500,1500,1500,1500,1500,1500,1500,1500,1500,1500,1500,1500,1500,1500,1500,1500,1500,1500,1500,1500,1500,1500,1500,1500,1500,1500,1500,7.6,51.507744 -0.127965,6.4,13.2,197
2026-09-14,18:32:42.800,-0.11,-0.20,0.10,,7.6,0.0,0,0,-59,0,100,10,0,9,25,-45,100,10,-1,8,-751,3,-1,0,-1,-1,-1,-1,0x0000000000000000,1500,1500,988,1500,1500,1500,1500,1500,1500,1500,1500,1500,1500,1500,1500,1500,1500,1500,1500,1500,1500,1500,1500,1500,1500,1500,1500,1500,1500,1500,1500,1500,7.6,51.507743 -0.127971,6.3,13.3,197
2026-09-14,18:32:43.000,-0.11,-0.20,0.10,,7.6,0.0,0,0,-59,0,100,10,0,9,25,-45,100,10,-1,8,-758,3,-1,0,-1,-1,-1,-1,0x0000000000000000,1500,1500,988,1500,1500,1500,1500,1500,1500,1500,1500,1500,1500,1500,1500,1500,1500,1500,1500,1500,1500,1500,1500,1500,1500,1500,1500,1500,1500,1500,1500,1500,7.6,51.507742 -0.127978,6.2,13.5,198
2026-09-14,18:32:43.200,-0.11,-0.20,0.10,,7.6,0.0,0,0,-59,0,100,10,0,9,25,-45,100,10,-1,8,-764,3,-1,0,-1,-1,-1,-1,0x0000000000000000,1500,1500,988,1500,1500,1500,1500,1500,1500,1500,1500,1500,1500,1500,1500,1500,1500,1500,1500,1500,1500,1500,1500,1500,1500,1500,1500,1500,1500,1500,1500,1500,7.6,51.507740 -0.127985,6.2,13.6,199
2026-09-14,18:32:43.400,-0.11,-0.20,0.10,,7.6,0.0,0,0,-59,0,100,10,0,9,25,-45,100,10,-1,8,-770,3,-1,0,-1,-1,-1,-1,0x0000000000000000,1500,1500,988,1500,1500,1500,1500,1500,1500,1500,1500,1500,1500,1500,1500,1500,1500,1500,1500,1500,1500,1500,1500,1500,1500,1500,1500,1500,1500,1500,1500,1500,7.6,51.507739 -0.127992,6.1,13.7,199
2026-09-14,18:32:43.600,-0.12,-0.20,0.10,,7.6,0.0,0,0,-59,0,100,10,0,9,25,-45,100,10,-1,8,-775,3,-1,0,-1,-1,-1,-1,0x0000000000000000,1500,1500,988,1500,1500,1500,1500,1500,1500,1500,1500,1500,1500,1500,1500,1500,1500,1500,1500,1500,1500,1500,1500,1500,1500,1500,1500,1500,1500,1500,1500,1500,7.6,51.507737 -0.127999,6.1,13.9,200
2026-09-14,18:32:43.800,-0.12,-0.20,0.10,,7.6,0.0,0,0,-59,0,100,10,0,9,25,-45,100,10,-1,8,-780,3,-1,0,-1,-1,-1,-1,0x0000000000000000,1500,1500,988,1500,1500,1500,1500,1500,1500,1500,1500,1500,1500,1500,1500,1500,1500,1500,1500,1500,1500,1500,1500,1500,1500,1500,1500,1500,1500,1500,1500,1500,7.6,51.507736 -0.128006,6.0,14.0,201
2026-09-14,18:32:44.000,-0.12,-0.20,0.10,,7.6,0.0,0,0,-59,0,100,10,0,9,25,-45,100,10,-1,8,-784,3,-1,0,-1,-1,-1,-1,0x0000000000000000,1500,1500,988,1500,1500,1500,1500,1500,1500,1500,1500,1500,1500,1500,1500,1500,1500,1500,1500,1500,1500,1500,1500,1500,1500,1500,1500,1500,1500,1500,1500,1500,7.6,51.507734 -0.128013,5.9,14.1,202
2026-09-14,18:32:44.200,-0.12,-0.20,0.10,,7.6,0.0,0,0,-59,0,100,10,0,9,25,-45,100,10,-1,8,-788,3,-1,0,-1,-1,-1,-1,0x0000000000000000,1500,1500,988,1500,1500,1500,1500,1500,1500,1500,1500,1500,1500,1500,1500,1500,1500,1500,1500,1500,1500,1500,1500,1500,1500,1500,1500,1500,1500,1500,1500,1500,7.6,51.507732 -0.128019,5.9,14.3,202
2026-09-14,18:32:44.400,-0.13,-0.20,0.10,,7.6,0.0,0,0,-58,0,100,10,0,9,25,-45,100,10,-1,8,-791,3,-1,0,-1,-1,-1,-1,0x0000000000000000,1500,1500,988,1500,1500,1500,1500,1500,1500,1500,1500,1500,1500,1500,1500,1500,1500,1500,1500,1500,1500,1500,1500,1500,1500,1500,1500,1500,1500,1500,1500,1500,7.6,51.507731 -0.128026,5.8,14.4,203
2026-09-14,18:32:44.600,-0.13,-0.19,0.10,,7.6,0.0,0,0,-58,0,100,10,0,9,25,-45,100,10,-1,8,-794,3,-1,0,-1,-1,-1,-1,0x0000000000000000,1500,1500,988,1500,1500,1500,1500,1500,1500,1500,1500,1500,1500,1500,1500,1500,1500,1500,1500,1500,1500,1500,1500,1500,1500,1500,1500,1500,1500,1500,1500,1500,7.6,51.507729 -0.128033,5.8,14.5,204
2026-09-14,18:32:44.800,-0.13,-0.19,0.10,,7.6,0.0,0,0,-58,0,100,10,0,9,25,-45,100,10,-1,8,-796,3,-1,0,-1,-1,-1,-1,0x0000000000000000,1500,1500,988,1500,1500,1500,1500,1500,1500,1500,1500,1500,1500,1500,1500,1500,1500,1500,1500,1500,1500,1500,1500,1500,1500,1500,1500,1500,1500,1500,1500,1500,7.6,51.507727 -0.128039,5.7,14.6,204
2026-09-14,18:32:45.000,-0.13,-0.19,0.10,,7.6,0.0,0,0,-58,0,100,10,0,9,25,-45,100,10,-1,8,-798,3,-1,0,-1,-1,-1,-1,0x0000000000000000,1500,1500,988,1500,1500,1500,1500,1500,1500,1500,1500,1500,1500,1500,1500,1500,1500,1500,1500,1500,1500,1500,1500,1500,1500,1500,1500,1500,1500,1500,1500,1500,7.6,51.507725 -0.128046,5.7,14.7,205
2026-09-14,18:32:45.200,-0.13,-0.19,0.10,,7.6,0.0,0,0,-58,0,100,10,0,9,25,-45,100,10,-1,8,-799,3,-1,0,-1,-1,-1,-1,0x0000000000000000,1500,1500,988,1500,1500,1500,1500,1500,1500,1500,1500,1500,1500,1500,1500,1500,1500,1500,1500,1500,1500,1500,1500,1500,1500,1500,1500,1500,1500,1500,1500,1500,7.6,51.507723 -0.128052,5.6,14.8,206
2026-09-14,18:32:45.400,-0.14,-0.19,0.10,,7.6,0.0,0,0,-58,0,100,10,0,9,25,-45,100,10,-1,8,-800,3,-1,0,-1,-1,-1,-1,0x0000000000000000,1500,1500,988,1500,1500,1500,1500,1500,1500,1500,1500,1500,1500,1500,1500,1500,1500,1500,1500,1500,1500,1500,1500,1500,1500,1500,1500,1500,1500,1500,1500,1500,7.6,51.507721 -0.128059,5.6,14.9,207
2026-09-14,18:32:45.600,-0.14,-0.19,0.10,,7.6,0.0,0,0,-58,0,100,10,0,9,25,-45,100,10,-1,8,-800,3,-1,0,-1,-1,-1,-1,0x0000000000000000,1500,1500,988,1500,1500,1500,1500,1500,1500,1500,1500,1500,1500,1500,1500,1500,1500,1500,1500,1500,1500,1500,1500,1500,1500,1500,1500,1500,1500,1500,1500,1500,7.6,51.507719 -0.128065,5.6,15.0,207
2026-09-14,18:32:45.800,-0.14,-0.19,0.10,,7.6,0.0,0,0,-58,0,100,10,0,9,25,-45,100,10,-1,8,-800,3,-1,0,-1,-1,-1,-1,0x0000000000000000,1500,1500,988,1500,1500,1500,1500,1500,1500,1500,1500,1500,1500,1500,1500,1500,1500,1500,1500,1500,1500,1500,1500,1500,1500,1500,1500,1500,1500,1500,1500,1500,7.6,51.507717 -0.128072,5.5,15.1,208
2026-09-14,18:32:46.000,-0.14,-0.19,0.10,,7.6,0.0,0,0,-58,0,100,10,0,9,25,-45,100,10,-1,8,-799,3,-1,0,-1,-1,-1,-1,0x0000000000000000,1500,1500,988,1500,1500,1500,1500,1500,1500,1500,1500,1500,1500,1500,1500,1500,1500,1500,1500,1500,1500,1500,1500,1500,1500,1500,1500,1500,1500,1500,1500,1500,7.6,51.507715 -0.128078,5.5,15.2,209
2026-09-14,18:32:46.200,-0.14,-0.18,0.10,,7.6,0.0,0,0,-57,0,100,10,0,9,25,-45,100,10,-1,8,-798,3,-1,0,-1,-1,-1,-1,0x0000000000000000,1500,1500,988,1500,1500,1500,1500,1500,1500,1500,1500,1500,1500,1500,1500,1500,1500,1500,1500,1500,1500,1500,1500,1500,1500,1500,1500,1500,1500,1500,1500,1500,7.6,51.507713 -0.128084,5.4,15.3,210
2026-09-14,18:32:46.400,-0.14,-0.18,0.09,,7.6,0.0,0,0,-57,0,100,10,0,9,25,-45,100,10,-1,8,-796,3,-1,0,-1,-1,-1,-1,0x0000000000000000,1500,1500,988,1500,1500,1500,1500,1500,1500,1500,1500,1500,1500,1500,1500,1500,1500,1500,1500,1500,1500,1500,1500,1500,1500,1500,1500,1500,1500,1500,1500,1500,7.6,51.507710 -0.128091,5.4,15.4,210
2026-09-14,18:32:46.600,-0.14,-0.18,0.09,,7.6,0.0,0,0,-57,0,100,10,0,9,25,-45,100,10,-1,8,-794,3,-1,0,-1,-1,-1,-1,0x0000000000000000,1500,1500,988,1500,1500,1500,1500,1500,1500,1500,1500,1500,1500,1500,1500,1500,1500,1500,1500,1500,1500,1500,1500,1500,1500,1500,1500,1500,1500,1500,1500,1500,7.6,51.507708 -0.128097,5.4,15.5,211
2026-09-14,18:32:46.800,-0.15,-0.18,0.09,,7.6,0.0,0,0,-57,0,100,10,0,9,25,-45,100,10,-1,8,-791,3,-1,0,-1,-1,-1,-1,0x0000000000000000,1500,1500,988,1500,1500,1500,1500,1500,1500,1500,1500,1500,1500,1500,1500,1500,1500,1500,1500,1500,1500,1500,1500,1500,1500,1500,1500,1500,1500,1500,1500,1500,7.6,51.507706 -0.128103,5.3,15.5,212
2026-09-14,18:32:47.000,-0.15,-0.18,0.09,,7.6,0.0,0,0,-57,0,100,10,0,9,25,-45,100,10,-1,8,-788,3,-1,0,-1,-1,-1,-1,0x0000000000000000,1500,1500,988,1500,1500,1500,1500,1500,1500,1500,1500,1500,1500,1500,1500,1500,1500,1500,1500,1500,1500,1500,1500,1500,1500,1500,1500,1500,1500,1500,1500,1500,7.6,51.507703 -0.128109,5.3,15.6,212
2026-09-14,18:32:47.200,-0.15,-0.17,0.09,,7.6,0.0,0,0,-57,0,100,10,0,9,25,-45,100,10,-1,8,-784,3,-1,0,-1,-1,-1,-1,0x0000000000000000,1500,1500,988,1500,1500,1500,1500,1500,1500,1500,1500,1500,1500,1500,1500,1500,1500,1500,1500,1500,1500,1500,1500,1500,1500,1500,1500,1500,1500,1500,1500,1500,7.6,51.507701 -0.128115,5.3,15.7,213
2026-09-14,18:32:47.400,-0.15,-0.17,0.09,,7.6,0.0,0,0,-57,0,100,10,0,9,25,-45,100,10,-1,8,-780,3,-1,0,-1,-1,-1,-1,0x0000000000000000,1500,1500,988,1500,1500,1500,1500,1500,1500,1500,1500,1500,1500,1500,1500,1500,1500,1500,1500,1500,1500,1500,1500,1500,1500,1500,1500,1500,1500,1500,1500,1500,7.6,51.507698 -0.128121,5.2,15.7,214
2026-09-14,18:32:47.600,-0.15,-0.17,0.09,,7.6,0.0,0,0,-56,0,100,10,0,9,25,-45,100,10,-1,8,-775,3,-1,0,-1,-1,-1,-1,0x0000000000000000,1500,1500,988,1500,1500,1500,1500,1500,1500,1500,1500,1500,1500,1500,1500,1500,1500,1500,1500,1500,1500,1500,1500,1500,1500,1500,1500,1500,1500,1500,1500,1500,7.6,51.507696 -0.128127,5.2,15.8,215
2026-09-14,18:32:47.800,-0.15,-0.17,0.09,,7.6,0.0,0,0,-56,0,100,10,0,9,25,-45,100,10,-1,8,-770,3,-1,0,-1,-1,-1,-1,0x0000000000000000,1500,1500,988,1500,1500,1500,1500,1500,1500,1500,1500,1500,1500,1500,1500,1500,1500,1500,1500,1500,1500,1500,1500,1500,1500,1500,1500,1500,1500,1500,1500,1500,7.6,51.507693 -0.128133,5.2,15.8,215
2026-09-14,18:32:48.000,-0.15,-0.17,0.09,,7.6,0.0,0,0,-56,0,100,10,0,9,25,-45,100,10,-1,8,-765,3,-1,0,-1,-1,-1,-1,0x0000000000000000,1500,1500,988,1500,1500,1500,1500,1500,1500,1500,1500,1500,1500,1500,1500,1500,1500,1500,1500,1500,1500,1500,1500,1500,1500,1500,1500,1500,1500,1500,1500,1500,7.6,51.507691 -0.128139,5.1,15.9,216
2026-09-14,18:32:48.200,-0.15,-0.16,0.09,,7.6,0.0,0,0,-56,0,100,10,0,9,25,-45,100,10,-1,8,-758,3,-1,0,-1,-1,-1,-1,0x0000000000000000,1500,1500,988,1500,1500,1500,1500,1500,1500,1500,1500,1500,1500,1500,1500,1500,1500,1500,1500,1500,1500,1500,1500,1500,1500,1500,1500,1500,1500,1500,1500,1500,7.6,51.507688 -0.128145,5.1,15.9,217
2026-09-14,18:32:48.400,-0.15,-0.16,0.09,,7.6,0.0,0,0,-56,0,100,10,0,9,25,-45,100,10,-1,8,-752,3,-1,0,-1,-1,-1,-1,0x0000000000000000,1500,1500,988,1500,1500,1500,1500,1500,1500,1500,1500,1500,1500,1500,1500,1500,1500,1500,1500,1500,1500,1500,1500,1500,1500,1500,1500,1500,1500,1500,1500,1500,7.6,51.507685 -0.128151,5.1,15.9,217
2026-09-14,18:32:48.600,-0.15,-0.16,0.09,,7.6,0.0,0,0,-56,0,100,10,0,9,25,-45,100,10,-1,8,-745,3,-1,0,-1,-1,-1,-1,0x0000000000000000,1500,1500,988,1500,1500,1500,1500,1500,1500,1500,1500,1500,1500,1500,1500,1500,1500,1500,1500,1500,1500,1500,1500,1500,1500,1500,1500,1500,1500,1500,1500,1500,7.6,51.507683 -0.128157,5.1,16.0,218
2026-09-14,18:32:48.800,-0.15,-0.16,0.09,,7.6,0.0,0,0,-56,0,100,10,0,9,25,-45,100,10,-1,8,-737,3,-1,0,-1,-1,-1,-1,0x0000000000000000,1500,1500,988,1500,1500,1500,1500,1500,1500,1500,1500,1500,1500,1500,1500,1500,1500,1500,1500,1500,1500,1500,1500,1500,1500,1500,1500,1500,1500,1500,1500,1500,7.6,51.507680 -0.128162,5.1,16.0,219
2026-09-14,18:32:49.000,-0.15,-0.15,0.09,,7.6,0.0,0,0,-55,0,100,10,0,9,25,-45,100,10,-1,8,-729,3,-1,0,-1,-1,-1,-1,0x0000000000000000,1500,1500,988,1500,1500,1500,1500,1500,1500,1500,1500,1500,1500,1500,1500,1500,1500,1500,1500,1500,1500,1500,1500,1500,1500,1500,1500,1500,1500,1500,1500,1500,7.6,51.507677 -0.128168,5.1,16.0,220
2026-09-14,18:32:49.200,-0.15,-0.15,0.09,,7.6,0.0,0,0,-55,0,100,10,0,9,25,-45,100,10,-1,8,-721,3,-1,0,-1,-1,-1,-1,0x0000000000000000,1500,1500,988,1500,1500,1500,1500,1500,1500,1500,1500,1500,1500,1500,1500,1500,1500,1500,1500,1500,1500,1500,1500,1500,1500,1500,1500,1500,1500,1500,1500,1500,7.6,51.507674 -0.128174,5.0,16.0,220
2026-09-14,18:32:49.400,-0.15,-0.15,0.09,,7.6,0.0,0,0,-55,0,100,10,0,9,25,-45,100,10,-1,8,-712,3,-1,0,-1,-1,-1,-1,0x0000000000000000,1500,1500,988,1500,1500,1500,1500,1500,1500,1500,1500,1500,1500,1500,1500,1500,1500,1500,1500,1500,1500,1500,1500,1500,1500,1500,1500,1500,1500,1500,1500,1500,7.6,51.507671 -0.128179,5.0,16.0,221
2026-09-14,18:32:49.600,-0.15,-0.14,0.09,,7.6,0.0,0,0,-55,0,100,10,0,9,25,-45,100,10,-1,8,-703,3,-1,0,-1,-1,-1,-1,0x0000000000000000,1500,1500,988,1500,1500,1500,1500,1500,1500,1500,1500,1500,1500,1500,1500,1500,1500,1500,1500,1500,1500,1500,1500,1500,1500,1500,1500,1500,1500,1500,1500,1500,7.6,51.507668 -0.128184,5.0,16.0,222
2026-09-14,18:32:49.800,-0.15,-0.14,0.09,,7.6,0.0,0,0,-55,0,100,10,0,9,25,-45,100,10,-1,8,-693,3,-1,0,-1,-1,-1,-1,0x0000000000000000,1500,1500,988,1500,1500,1500,1500,1500,1500,1500,1500,1500,1500,1500,1500,1500,1500,1500,1500,1500,1500,1500,1500,1500,1500,1500,1500,1500,1500,1500,1500,1500,7.6,51.507665 -0.128190,5.0,16.0,222
2026-09-14,18:32:50.000,-0.15,-0.14,0.09,,7.6,0.0,0,0,-55,0,100,10,0,9,25,-45,100,10,-1,8,-683,3,-1,0,-1,-1,-1,-1,0x0000000000000000,1500,1500,988,1500,1500,1500,1500,1500,1500,1500,1500,1500,1500,1500,1500,1500,1500,1500,1500,1500,1500,1500,1500,1500,1500,1500,1500,1500,1500,1500,1500,1500,7.6,51.507662 -0.128195,5.0,16.0,223
2026-09-14,18:32:50.200,-0.15,-0.13,0.09,,7.6,0.0,0,0,-54,0,100,10,0,9,25,-45,100,10,-1,8,-673,3,-1,0,-1,-1,-1,-1,0x0000000000000000,1500,1500,988,1500,1500,1500,1500,1500,1500,1500,1500,1500,1500,1500,1500,1500,1500,1500,1500,1500,1500,1500,1500,1500,1500,1500,1500,1500,1500,1500,1500,1500,7.6,51.507659 -0.128200,5.0,16.0,224
2026-09-14,18:32:50.400,-0.15,-0.13,0.09,,7.6,0.0,0,0,-54,0,100,10,0,9,25,-45,100,10,-1,8,-662,3,-1,0,-1,-1,-1,-1,0x0000000000000000,1500,1500,988,1500,1500,1500,1500,1500,1500,1500,1500,1500,1500,1500,1500,1500,1500,1500,1500,1500,1500,1500,1500,1500,1500,1500,1500,1500,1500,1500,1500,1500,7.6,51.507656 -0.128206,5.0,15.9,225
2026-09-14,18:32:50.600,-0.15,-0.13,0.08,,7.6,0.0,0,0,-54,0,100,10,0,9,25,-45,100,10,-1,8,-651,3,-1,0,-1,-1,-1,-1,0x0000000000000000,1500,1500,988,1500,1500,1500,1500,1500,1500,1500,1500,1500,1500,1500,1500,1500,1500,1500,1500,1500,1500,1500,1500,1500,1500,1500,1500,1500,1500,1500,1500,1500,7.6,51.507652 -0.128211,5.0,15.9,225
2026-09-14,18:32:50.800,-0.14,-0.12,0.08,,7.6,0.0,0,0,-54,0,100,10,0,9,25,-45,100,10,-1,8,-639,3,-1,0,-1,-1,-1,-1,0x0000000000000000,1500,1500,988,1500,1500,1500,1500,1500,1500,1500,1500,1500,1500,1500,1500,1500,1500,1500,1500,1500,1500,1500,1500,1500,1500,1500,1500,1500,1500,1500,1500,1500,7.6,51.507649 -0.128216,5.0,15.9,226
2026-09-14,18:32:51.000,-0.14,-0.12,0.08,,7.6,0.0,0,0,-54,0,100,10,0,9,25,-45,100,10,-1,8,-627,3,-1,0,-1,-1,-1,-1,0x0000000000000000,1500,1500,988,1500,1500,1500,1500,1500,1500,1500,1500,1500,1500,1500,1500,1500,1500,1500,1500,1500,1500,1500,1500,1500,1500,1500,1500,1500,1500,1500,1500,1500,7.6,51.507646 -0.128221,5.0,15.8,227
2026-09-14,18:32:51.200,-0.14,-0.12,0.08,,7.6,0.0,0,0,-54,0,100,10,0,9,25,-45,100,10,-1,8,-615,3,-1,0,-1,-1,-1,-1,0x0000000000000000,1500,1500,988,1500,1500,1500,1500,1500,1500,1500,1500,1500,1500,1500,1500,1500,1500,1500,1500,1500,1500,1500,1500,1500,1500,1500,1500,1500,1500,1500,1500,1500,7.6,51.507643 -0.128226,5.0,15.8,228
2026-09-14,18:32:51.400,-0.14,-0.11,0.08,,7.6,0.0,0,0,-53,0,100,10,0,9,25,-45,100,10,-1,8,-602,3,-1,0,-1,-1,-1,-1,0x0000000000000000,1500,1500,988,1500,1500,1500,1500,1500,1500,1500,1500,1500,1500,1500,1500,1500,1500,1500,1500,1500,1500,1500,1500,1500,1500,1500,1500,1500,1500,1500,1500,1500,7.6,51.507639 -0.128231,5.0,15.7,228
2026-09-14,18:32:51.600,-0.14,-0.11,0.08,,7.6,0.0,0,0,-53,0,100,10,0,9,25,-45,100,10,-1,8,-589,3,-1,0,-1,-1,-1,-1,0x0000000000000000,1500,1500,988,1500,1500,1500,1500,1500,1500,1500,1500,1500,1500,1500,1500,1500,1500,1500,1500,1500,1500,1500,1500,1500,1500,1500,1500,1500,1500,1500,1500,1500,7.6,51.507636 -0.128235,5.0,15.6,229
2026-09-14,18:32:51.800,-0.14,-0.11,0.08,,7.6,0.0,0,0,-53,0,100,10,0,9,25,-45,100,10,-1,8,-575,3,-1,0,-1,-1,-1,-1,0x0000000000000000,1500,1500,988,1500,1500,1500,1500,1500,1500,1500,1500,1500,1500,1500,1500,1500,1500,1500,1500,1500,1500,1500,1500,1500,1500,1500,1500,1500,1500,1500,1500,1500,7.6,51.507633 -0.128240,5.0,15.6,230
2026-09-14,18:32:52.000,-0.14,-0.10,0.08,,7.6,0.0,0,0,-53,0,100,10,0,9,25,-45,100,10,-1,8,-562,3,-1,0,-1,-1,-1,-1,0x0000000000000000,1500,1500,988,1500,1500,1500,1500,1500,1500,1500,1500,1500,1500,1500,1500,1500,1500,1500,1500,1500,1500,1500,1500,1500,1500,1500,1500,1500,1500,1500,1500,1500,7.6,51.507629 -0.128245,5.1,15.5,230
2026-09-14,18:32:52.200,-0.13,-0.10,0.08,,7.6,0.0,0,0,-53,0,100,10,0,9,25,-45,100,10,-1,8,-548,3,-1,0,-1,-1,-1,-1,0x0000000000000000,1500,1500,988,1500,1500,1500,1500,1500,1500,1500,1500,1500,1500,1500,1500,1500,1500,1500,1500,1500,1500,1500,1500,1500,1500,1500,1500,1500,1500,1500,1500,1500,7.6,51.507626 -0.128249,5.1,15.4,231
2026-09-14,18:32:52.400,-0.13,-0.10,0.08,,7.6,0.0,0,0,-52,0,100,10,0,9,25,-45,100,10,-1,8,-533,3,-1,0,-1,-1,-1,-1,0x0000000000000000,1500,1500,988,1500,1500,1500,1500,1500,1500,1500,1500,1500,1500,1500,1500,1500,1500,1500,1500,1500,1500,1500,1500,1500,1500,1500,1500,1500,1500,1500,1500,1500,7.6,51.507622 -0.128254,5.1,15.4,232
2026-09-14,18:32:52.600,-0.13,-0.09,0.08,,7.6,0.0,0,0,-52,0,100,10,0,9,25,-45,100,10,-1,8,-519,3,-1,0,-1,-1,-1,-1,0x0000000000000000,1500,1500,988,1500,1500,1500,1500,1500,1500,1500,1500,1500,1500,1500,1500,1500,1500,1500,1500,1500,1500,1500,1500,1500,1500,1500,1500,1500,1500,1500,1500,1500,7.6,51.507618 -0.128258,5.1,15.3,233
2026-09-14,18:32:52.800,-0.13,-0.09,0.08,,7.6,0.0,0,0,-52,0,100,10,0,9,25,-45,100,10,-1,8,-504,3,-1,0,-1,-1,-1,-1,0x0000000000000000,1500,1500,988,1500,1500,1500,1500,1500,1500,1500,1500,1500,1500,1500,1500,1500,1500,1500,1500,1500,1500,1500,1500,1500,1500,1500,1500,1500,1500,1500,1500,1500,7.6,51.507615 -0.128263,5.1,15.2,233
2026-09-14,18:32:53.000,-0.13,-0.09,0.08,,7.6,0.0,0,0,-52,0,100,10,0,9,25,-45,100,10,-1,8,-489,3,-1,0,-1,-1,-1,-1,0x0000000000000000,1500,1500,988,1500,1500,1500,1500,1500,1500,1500,1500,1500,1500,1500,1500,1500,1500,1500,1500,1500,1500,1500,1500,1500,1500,1500,1500,1500,1500,1500,1500,1500,7.6,51.507611 -0.128267,5.1,15.1,234
2026-09-14,18:32:53.200,-0.12,-0.08,0.08,,7.6,0.0,0,0,-52,0,100,10,0,9,25,-45,100,10,-1,8,-474,3,-1,0,-1,-1,-1,-1,0x0000000000000000,1500,1500,988,1500,1500,1500,1500,1500,1500,1500,1500,1500,1500,1500,1500,1500,1500,1500,1500,1500,1500,1500,1500,1500,1500,1500,1500,1500,1500,1500,1500,1500,7.6,51.507608 -0.128271,5.2,15.0,235
2026-09-14,18:32:53.400,-0.12,-0.08,0.08,,7.6,0.0,0,0,-51,0,100,10,0,9,25,-45,100,10,-1,8,-458,3,-1,0,-1,-1,-1,-1,0x0000000000000000,1500,1500,988,1500,1500,1500,1500,1500,1500,1500,1500,1500,1500,1500,1500,1500,1500,1500,1500,1500,1500,1500,1500,1500,1500,1500,1500,1500,1500,1500,1500,1500,7.6,51.507604 -0.128275,5.2,14.9,235
2026-09-14,18:32:53.600,-0.12,-0.07,0.07,,7.6,0.0,0,0,-51,0,100,10,0,9,25,-45,100,10,-1,8,-442,3,-1,0,-1,-1,-1,-1,0x0000000000000000,1500,1500,988,1500,1500,1500,1500,1500,1500,1500,1500,1500,1500,1500,1500,1500,1500,1500,1500,1500,1500,1500,1500,1500,1500,1500,1500,1500,1500,1500,1500,1500,7.6,51.507600 -0.128280,5.2,14.8,236
2026-09-14,18:32:53.800,-0.12,-0.07,0.07,,7.6,0.0,0,0,-51,0,100,10,0,9,25,-45,100,10,-1,8,-426,3,-1,0,-1,-1,-1,-1,0x0000000000000000,1500,1500,988,1500,1500,1500,1500,1500,1500,1500,1500,1500,1500,1500,1500,1500,1500,1500,1500,1500,1500,1500,1500,1500,1500,1500,1500,1500,1500,1500,1500,1500,7.6,51.507596 -0.128284,5.3,14.7,237
2026-09-14,18:32:54.000,-0.11,-0.07,0.07,,7.6,0.0,0,0,-51,0,100,10,0,9,25,-45,100,10,-1,8,-410,3,-1,0,-1,-1,-1,-1,0x0000000000000000,1500,1500,988,1500,1500,1500,1500,1500,1500,1500,1500,1500,1500,1500,1500,1500,1500,1500,1500,1500,1500,1500,1500,1500,1500,1500,1500,1500,1500,1500,1500,1500,7.6,51.507593 -0.128287,5.3,14.6,238
2026-09-14,18:32:54.200,-0.11,-0.06,0.07,,7.6,0.0,0,0,-51,0,100,10,0,9,25,-45,100,10,-1,8,-394,3,-1,0,-1,-1,-1,-1,0x0000000000000000,1500,1500,988,1500,1500,1500,1500,1500,1500,1500,1500,1500,1500,1500,1500,1500,1500,1500,1500,1500,1500,1500,1500,1500,1500,1500,1500,1500,1500,1500,1500,1500,7.6,51.507589 -0.128291,5.3,14.4,238
2026-09-14,18:32:54.400,-0.11,-0.06,0.07,,7.6,0.0,0,0,-50,0,100,10,0,9,25,-45,100,10,-1,8,-378,3,-1,0,-1,-1,-1,-1,0x0000000000000000,1500,1500,988,1500,1500,1500,1500,1500,1500,1500,1500,1500,1500,1500,1500,1500,1500,1500,1500,1500,1500,1500,1500,1500,1500,1500,1500,1500,1500,1500,1500,1500,7.6,51.507585 -0.128295,5.4,14.3,239
2026-09-14,18:32:54.600,-0.11,-0.05,0.07,,7.6,0.0,0,0,-50,0,100,10,0,9,25,-45,100,10,-1,8,-361,3,-1,0,-1,-1,-1,-1,0x0000000000000000,1500,1500,988,1500,1500,1500,1500,1500,1500,1500,1500,1500,1500,1500,1500,1500,1500,1500,1500,1500,1500,1500,1500,1500,1500,1500,1500,1500,1500,1500,1500,1500,7.6,51.507581 -0.128299,5.4,14.2,240
2026-09-14,18:32:54.800,-0.10,-0.05,0.07,,7.6,0.0,0,0,-50,0,100,10,0,9,25,-45,100,10,-1,8,-344,3,-1,0,-1,-1,-1,-1,0x0000000000000000,1500,1500,988,1500,1500,1500,1500,1500,1500,1500,1500,1500,1500,1500,1500,1500,1500,1500,1500,1500,1500,1500,1500,1500,1500,1500,1500,1500,1500,1500,1500,1500,7.6,51.507577 -0.128302,5.4,14.1,240
2026-09-14,18:32:55.000,-0.10,-0.04,0.07,,7.6,0.0,0,0,-50,0,100,10,0,9,25,-45,100,10,-1,8,-327,3,-1,0,-1,-1,-1,-1,0x0000000000000000,1500,1500,988,1500,1500,1500,1500,1500,1500,1500,1500,1500,1500,1500,1500,1500,1500,1500,1500,1500,1500,1500,1500,1500,1500,1500,1500,1500,1500,1500,1500,1500,7.6,51.507573 -0.128306,5.5,13.9,241
2026-09-14,18:32:55.200,-0.10,-0.04,0.07,,7.6,0.0,0,0,-49,0,100,10,0,9,25,-45,100,10,-1,8,-310,3,-1,0,-1,-1,-1,-1,0x0000000000000000,1500,1500,988,1500,1500,1500,1500,1500,1500,1500,1500,1500,1500,1500,1500,1500,1500,1500,1500,1500,1500,1500,1500,1500,1500,1500,1500,1500,1500,1500,1500,1500,7.6,51.507569 -0.128309,5.5,13.8,242
2026-09-14,18:32:55.400,-0.10,-0.04,0.07,,7.6,0.0,0,0,-49,0,100,10,0,9,25,-45,100,10,-1,8,-293,3,-1,0,-1,-1,-1,-1,0x0000000000000000,1500,1500,988,1500,1500,1500,1500,1500,1500,1500,1500,1500,1500,1500,1500,1500,1500,1500,1500,1500,1500,1500,1500,1500,1500,1500,1500,1500,1500,1500,1500,1500,7.6,51.507565 -0.128313,5.6,13.7,243
2026-09-14,18:32:55.600,-0.09,-0.03,0.07,,7.6,0.0,0,0,-49,0,100,10,0,9,25,-45,100,10,-1,8,-276,3,-1,0,-1,-1,-1,-1,0x0000000000000000,1500,1500,988,1500,1500,1500,1500,1500,1500,1500,1500,1500,1500,1500,1500,1500,1500,1500,1500,1500,1500,1500,1500,1500,1500,1500,1500,1500,1500,1500,1500,1500,7.6,51.507561 -0.128316,5.6,13.5,243
2026-09-14,18:32:55.800,-0.09,-0.03,0.07,,7.6,0.0,0,0,-49,0,100,10,0,9,25,-45,100,10,-1,8,-259,3,-1,0,-1,-1,-1,-1,0x0000000000000000,1500,1500,988,1500,1500,1500,1500,1500,1500,1500,1500,1500,1500,1500,1500,1500,1500,1500,1500,1500,1500,1500,1500,1500,1500,1500,1500,1500,1500,1500,1500,1500,7.6,51.507557 -0.128319,5.6,13.4,244
2026-09-14,18:32:56.000,-0.09,-0.02,0.07,,7.6,0.0,0,0,-49,0,100,10,0,9,25,-45,100,10,-1,8,-241,3,-1,0,-1,-1,-1,-1,0x0000000000000000,1500,1500,988,1500,1500,1500,1500,1500,1500,1500,1500,1500,1500,1500,1500,1500,1500,1500,1500,1500,1500,1500,1500,1500,1500,1500,1500,1500,1500,1500,1500,1500,7.6,51.507553 -0.128322,5.7,13.3,245
2026-09-14,18:32:56.200,-0.08,-0.02,0.06,,7.6,0.0,0,0,-48,0,100,10,0,9,25,-45,100,10,-1,8,-224,3,-1,0,-1,-1,-1,-1,0x0000000000000000,1500,1500,988,1500,1500,1500,1500,1500,1500,1500,1500,1500,1500,1500,1500,1500,1500,1500,1500,1500,1500,1500,1500,1500,1500,1500,1500,1500,1500,1500,1500,1500,7.6,51.507549 -0.128325,5.7,13.1,246
2026-09-14,18:32:56.400,-0.08,-0.02,0.06,,7.6,0.0,0,0,-48,0,100,10,0,9,25,-45,100,10,-1,8,-207,3,-1,0,-1,-1,-1,-1,0x0000000000000000,1500,1500,988,1500,1500,1500,1500,1500,1500,1500,1500,1500,1500,1500,1500,1500,1500,1500,1500,1500,1500,1500,1500,1500,1500,1500,1500,1500,1500,1500,1500,1500,7.6,51.507545 -0.128328,5.8,13.0,246
2026-09-14,18:32:56.600,-0.08,-0.01,0.06,,7.6,0.0,0,0,-48,0,100,10,0,9,25,-45,100,10,-1,8,-189,3,-1,0,-1,-1,-1,-1,0x0000000000000000,1500,1500,988,1500,1500,1500,1500,1500,1500,1500,1500,1500,1500,1500,1500,1500,1500,1500,1500,1500,1500,1500,1500,1500,1500,1500,1500,1500,1500,1500,1500,1500,7.6,51.507541 -0.128331,5.8,12.8,247
2026-09-14,18:32:56.800,-0.07,-0.01,0.06,,7.6,0.0,0,0,-48,0,100,10,0,9,25,-45,100,10,-1,8,-172,3,-1,0,-1,-1,-1,-1,0x0000000000000000,1500,1500,988,1500,1500,1500,1500,1500,1500,1500,1500,1500,1500,1500,1500,1500,1500,1500,1500,1500,1500,1500,1500,1500,1500,1500,1500,1500,1500,1500,1500,1500,7.6,51.507536 -0.128334,5.9,12.7,248
2026-09-14,18:32:57.000,-0.07,-0.00,0.06,,7.6,0.0,0,0,-47,0,100,10,0,9,25,-45,100,10,-1,8,-155,3,-1,0,-1,-1,-1,-1,0x0000000000000000,1500,1500,988,1500,1500,1500,1500,1500,1500,1500,1500,1500,1500,1500,1500,1500,1500,1500,1500,1500,1500,1500,1500,1500,1500,1500,1500,1500,1500,1500,1500,1500,7.6,51.507532 -0.128337,5.9,12.5,248
2026-09-14,18:32:57.200,-0.07,0.00,0.06,,7.6,0.0,0,0,-47,0,100,10,0,9,25,-45,100,10,-1,8,-138,3,-1,0,-1,-1,-1,-1,0x0000000000000000,1500,1500,988,1500,1500,1500,1500,1500,1500,1500,1500,1500,1500,1500,1500,1500,1500,1500,1500,1500,1500,1500,1500,1500,1500,1500,1500,1500,1500,1500,1500,1500,7.6,51.507528 -0.128339,6.0,12.4,249
2026-09-14,18:32:57.400,-0.06,0.01,0.06,,7.6,0.0,0,0,-47,0,100,10,0,9,25,-45,100,10,-1,8,-120,3,-1,0,-1,-1,-1,-1,0x0000000000000000,1500,1500,988,1500,1500,1500,1500,1500,1500,1500,1500,1500,1500,1500,1500,1500,1500,1500,1500,1500,1500,1500,1500,1500,1500,1500,1500,1500,1500,1500,1500,1500,7.6,51.507524 -0.128342,6.1,12.2,250
2026-09-14,18:32:57.600,-0.06,0.01,0.06,,7.6,0.0,0,0,-47,0,100,10,0,9,25,-45,100,10,-1,8,-103,3,-1,0,-1,-1,-1,-1,0x0000000000000000,1500,1500,988,1500,1500,1500,1500,1500,1500,1500,1500,1500,1500,1500,1500,1500,1500,1500,1500,1500,1500,1500,1500,1500,1500,1500,1500,1500,1500,1500,1500,1500,7.6,51.507520 -0.128344,6.1,12.1,251
2026-09-14,18:32:57.800,-0.05,0.01,0.06,,7.6,0.0,0,0,-46,0,100,10,0,9,25,-45,100,10,-1,8,-86,3,-1,0,-1,-1,-1,-1,0x0000000000000000,1500,1500,988,1500,1500,1500,1500,1500,1500,1500,1500,1500,1500,1500,1500,1500,1500,1500,1500,1500,1500,1500,1500,1500,1500,1500,1500,1500,1500,1500,1500,1500,7.6,51.507515 -0.128347,6.2,11.9,251
2026-09-14,18:32:58.000,-0.05,0.02,0.06,,7.6,0.0,0,0,-46,0,100,10,0,9,25,-45,100,10,-1,8,-69,3,-1,0,-1,-1,-1,-1,0x0000000000000000,1500,1500,988,1500,1500,1500,1500,1500,1500,1500,1500,1500,1500,1500,1500,1500,1500,1500,1500,1500,1500,1500,1500,1500,1500,1500,1500,1500,1500,1500,1500,1500,7.6,51.507511 -0.128349,6.2,11.8,252
2026-09-14,18:32:58.200,-0.05,0.02,0.06,,7.6,0.0,0,0,-46,0,100,10,0,9,25,-45,100,10,-1,8,-52,3,-1,0,-1,-1,-1,-1,0x0000000000000000,1500,1500,988,1500,1500,1500,1500,1500,1500,1500,1500,1500,1500,1500,1500,1500,1500,1500,1500,1500,1500,1500,1500,1500,1500,1500,1500,1500,1500,1500,1500,1500,7.6,51.507507 -0.128351,6.3,11.6,253
2026-09-14,18:32:58.400,-0.04,0.03,0.05,,7.6,0.0,0,0,-46,0,100,10,0,9,25,-45,100,10,-1,8,-36,3,-1,0,-1,-1,-1,-1,0x0000000000000000,1500,1500,988,1500,1500,1500,1500,1500,1500,1500,1500,1500,1500,1500,1500,1500,1500,1500,1500,1500,1500,1500,1500,1500,1500,1500,1500,1500,1500,1500,1500,1500,7.6,51.507502 -0.128353,6.4,11.5,253
2026-09-14,18:32:58.600,-0.04,0.03,0.05,,7.6,0.0,0,0,-45,0,100,10,0,9,25,-45,100,10,-1,8,-19,3,-1,0,-1,-1,-1,-1,0x0000000000000000,1500,1500,988,1500,1500,1500,1500,1500,1500,1500,1500,1500,1500,1500,1500,1500,1500,1500,1500,1500,1500,1500,1500,1500,1500,1500,1500,1500,1500,1500,1500,1500,7.6,51.507498 -0.128355,6.4,11.3,254
2026-09-14,18:32:58.800,-0.04,0.04,0.05,,7.6,0.0,0,0,-45,0,100,10,0,9,25,-45,100,10,-1,8,-2,3,-1,0,-1,-1,-1,-1,0x0000000000000000,1500,1500,988,1500,1500,1500,1500,1500,1500,1500,1500,1500,1500,1500,1500,1500,1500,1500,1500,1500,1500,1500,1500,1500,1500,1500,1500,1500,1500,1500,1500,1500,7.6,51.507494 -0.128357,6.5,11.2,255
2026-09-14,18:32:59.000,-0.03,0.04,0.05,,7.6,0.0,0,0,-45,0,100,10,0,9,25,-45,100,10,-1,8,14,3,-1,0,-1,-1,-1,-1,0x0000000000000000,1500,1500,988,1500,1500,1500,1500,1500,1500,1500,1500,1500,1500,1500,1500,1500,1500,1500,1500,1500,1500,1500,1500,1500,1500,1500,1500,1500,1500,1500,1500,1500,7.6,51.507489 -0.128359,6.6,11.0,256
2026-09-14,18:32:59.200,-0.03,0.04,0.05,,7.6,0.0,0,0,-45,0,100,10,0,9,25,-45,100,10,-1,8,30,3,-1,0,-1,-1,-1,-1,0x0000000000000000,1500,1500,988,1500,1500,1500,1500,1500,1500,1500,1500,1500,1500,1500,1500,1500,1500,1500,1500,1500,1500,1500,1500,1500,1500,1500,1500,1500,1500,1500,1500,1500,7.6,51.507485 -0.128361,6.6,10.9,256
2026-09-14,18:32:59.400,-0.02,0.05,0.05,,7.6,0.0,0,0,-44,0,100,10,0,9,25,-45,100,10,-1,8,46,3,-1,0,-1,-1,-1,-1,0x0000000000000000,1500,1500,988,1500,1500,1500,1500,1500,1500,1500,1500,1500,1500,1500,1500,1500,1500,1500,1500,1500,1500,1500,1500,1500,1500,1500,1500,1500,1500,1500,1500,1500,7.6,51.507481 -0.128363,6.7,10.7,257
2026-09-14,18:32:59.600,-0.02,0.05,0.05,,7.6,0.0,0,0,-44,0,100,10,0,9,25,-45,100,10,-1,8,62,3,-1,0,-1,-1,-1,-1,0x0000000000000000,1500,1500,988,1500,1500,1500,1500,1500,1500,1500,1500,1500,1500,1500,1500,1500,1500,1500,1500,1500,1500,1500,1500,1500,1500,1500,1500,1500,1500,1500,1500,1500,7.6,51.507476 -0.128364,6.8,10.6,258
2026-09-14,18:32:59.800,-0.02,0.06,0.05,,7.6,0.0,0,0,-44,0,100,10,0,9,25,-45,100,10,-1,8,77,3,-1,0,-1,-1,-1,-1,0x0000000000000000,1500,1500,988,1500,1500,1500,1500,1500,1500,1500,1500,1500,1500,1500,1500,1500,1500,1500,1500,1500,1500,1500,1500,1500,1500,1500,1500,1500,1500,1500,1500,1500,7.6,51.507472 -0.128366,6.8,10.5,258
2026-09-14,18:33:00.000,-0.01,0.06,0.05,,7.6,0.0,0,0,-44,0,100,10,0,9,25,-45,100,10,-1,8,92,3,-1,0,-1,-1,-1,-1,0x0000000000000000,1500,1500,988,1500,1500,1500,1500,1500,1500,1500,1500,1500,1500,1500,1500,1500,1500,1500,1500,1500,1500,1500,1500,1500,1500,1500,1500,1500,1500,1500,1500,1500,7.6,51.507467 -0.128367,6.9,10.3,259
2026-09-14,18:33:00.200,-0.01,0.06,0.05,,7.6,0.0,0,0,-44,0,100,10,0,9,25,-45,100,10,-1,8,107,3,-1,0,-1,-1,-1,-1,0x0000000000000000,1500,1500,988,1500,1500,1500,1500,1500,1500,1500,1500,1500,1500,1500,1500,1500,1500,1500,1500,1500,1500,1500,1500,1500,1500,1500,1500,1500,1500,1500,1500,1500,7.6,51.507463 -0.128368,7.0,10.2,260
2026-09-14,18:33:00.400,-0.00,0.07,0.04,,7.6,0.0,0,0,-43,0,100,10,0,9,25,-45,100,10,-1,8,122,3,-1,0,-1,-1,-1,-1,0x0000000000000000,1500,1500,988,1500,1500,1500,1500,1500,1500,1500,1500,1500,1500,1500,1500,1500,1500,1500,1500,1500,1500,1500,1500,1500,1500,1500,1500,1500,1500,1500,1500,1500,7.6,51.507458 -0.128370,7.0,10.0,261
2026-09-14,18:33:00.600,-0.00,0.07,0.04,,7.6,0.0,0,0,-43,0,100,10,0,9,25,-45,100,10,-1,8,137,3,-1,0,-1,-1,-1,-1,0x0000000000000000,1500,1500,988,1500,1500,1500,1500,1500,1500,1500,1500,1500,1500,1500,1500,1500,1500,1500,1500,1500,1500,1500,1500,1500,1500,1500,1500,1500,1500,1500,1500,1500,7.6,51.507454 -0.128371,7.1,9.9,261
2026-09-14,18:33:00.800,0.00,0.08,0.04,,7.6,0.0,0,0,-43,0,100,10,0,9,25,-45,100,10,-1,8,151,3,-1,0,-1,-1,-1,-1,0x0000000000000000,1500,1500,988,1500,1500,1500,1500,1500,1500,1500,1500,1500,1500,1500,1500,1500,1500,1500,1500,1500,1500,1500,1500,1500,1500,1500,1500,1500,1500,1500,1500,1500,7.6,51.507450 -0.128372,7.2,9.8,262
2026-09-14,18:33:01.000,0.01,0.08,0.04,,7.6,0.0,0,0,-43,0,100,10,0,9,25,-45,100,10,-1,8,165,3,-1,0,-1,-1,-1,-1,0x0000000000000000,1500,1500,988,1500,1500,1500,1500,1500,1500,1500,1500,1500,1500,1500,1500,1500,1500,1500,1500,1500,1500,1500,1500,1500,1500,1500,1500,1500,1500,1500,1500,1500,7.6,51.507445 -0.128373,7.3,9.7,263
2026-09-14,18:33:01.200,0.01,0.08,0.04,,7.6,0.0,0,0,-42,0,100,10,0,9,25,-45,100,10,-1,8,178,3,-1,0,-1,-1,-1,-1,0x0000000000000000,1500,1500,988,1500,1500,1500,1500,1500,1500,1500,1500,1500,1500,1500,1500,1500,1500,1500,1500,1500,1500,1500,1500,1500,1500,1500,1500,1500,1500,1500,1500,1500,7.6,51.507441 -0.128374,7.3,9.5,264
2026-09-14,18:33:01.400,0.02,0.09,0.04,,7.6,0.0,0,0,-42,0,100,10,0,9,25,-45,100,10,-1,8,192,3,-1,0,-1,-1,-1,-1,0x0000000000000000,1500,1500,988,1500,1500,1500,1500,1500,1500,1500,1500,1500,1500,1500,1500,1500,1500,1500,1500,1500,1500,1500,1500,1500,1500,1500,1500,1500,1500,1500,1500,1500,7.6,51.507436 -0.128374,7.4,9.4,264
2026-09-14,18:33:01.600,0.02,0.09,0.04,,7.6,0.0,0,0,-42,0,100,10,0,9,25,-45,100,10,-1,8,205,3,-1,0,-1,-1,-1,-1,0x0000000000000000,1500,1500,988,1500,1500,1500,1500,1500,1500,1500,1500,1500,1500,1500,1500,1500,1500,1500,1500,1500,1500,1500,1500,1500,1500,1500,1500,1500,1500,1500,1500,1500,7.6,51.507432 -0.128375,7.5,9.3,265
2026-09-14,18:33:01.800,0.02,0.10,0.04,,7.6,0.0,0,0,-42,0,100,10,0,9,25,-45,100,10,-1,8,217,3,-1,0,-1,-1,-1,-1,0x0000000000000000,1500,1500,988,1500,1500,1500,1500,1500,1500,1500,1500,1500,1500,1500,1500,1500,1500,1500,1500,1500,1500,1500,1500,1500,1500,1500,1500,1500,1500,1500,1500,1500,7.6,51.507427 -0.128376,7.5,9.2,266
2026-09-14,18:33:02.000,0.03,0.10,0.04,,7.6,0.0,0,0,-41,0,100,10,0,9,25,-45,100,10,-1,8,230,3,-1,0,-1,-1,-1,-1,0x0000000000000000,1500,1500,988,1500,1500,1500,1500,1500,1500,1500,1500,1500,1500,1500,1500,1500,1500,1500,1500,1500,1500,1500,1500,1500,1500,1500,1500,1500,1500,1500,1500,1500,7.6,51.507423 -0.128376,7.6,9.1,266
2026-09-14,18:33:02.200,0.03,0.10,0.04,,7.6,0.0,0,0,-41,0,100,10,0,9,25,-45,100,10,-1,8,241,3,-1,0,-1,-1,-1,-1,0x0000000000000000,1500,1500,988,1500,1500,1500,1500,1500,1500,1500,1500,1500,1500,1500,1500,1500,1500,1500,1500,1500,1500,1500,1500,1500,1500,1500,1500,1500,1500,1500,1500,1500,7.6,51.507418 -0.128377,7.7,9.0,267
2026-09-14,18:33:02.400,0.03,0.11,0.03,,7.6,0.0,0,0,-41,0,100,10,0,9,25,-45,100,10,-1,8,253,3,-1,0,-1,-1,-1,-1,0x0000000000000000,1500,1500,988,1500,1500,1500,1500,1500,1500,1500,1500,1500,1500,1500,1500,1500,1500,1500,1500,1500,1500,1500,1500,1500,1500,1500,1500,1500,1500,1500,1500,1500,7.6,51.507414 -0.128377,7.8,8.9,268
2026-09-14,18:33:02.600,0.04,0.11,0.03,,7.6,0.0,0,0,-41,0,100,10,0,9,25,-45,100,10,-1,8,264,3,-1,0,-1,-1,-1,-1,0x0000000000000000,1500,1500,988,1500,1500,1500,1500,1500,1500,1500,1500,1500,1500,1500,1500,1500,1500,1500,1500,1500,1500,1500,1500,1500,1500,1500,1500,1500,1500,1500,1500,1500,7.6,51.507409 -0.128377,7.8,8.8,269
2026-09-14,18:33:02.800,0.04,0.11,0.03,,7.6,0.0,0,0,-40,0,100,10,0,9,25,-45,100,10,-1,8,275,3,-1,0,-1,-1,-1,-1,0x0000000000000000,1500,1500,988,1500,1500,1500,1500,1500,1500,1500,1500,1500,1500,1500,1500,1500,1500,1500,1500,1500,1500,1500,1500,1500,1500,1500,1500,1500,1500,1500,1500,1500,7.6,51.507405 -0.128377,7.9,8.7,269
2026-09-14,18:33:03.000,0.05,0.12,0.03,,7.6,0.0,0,0,-40,0,100,10,0,9,25,-45,100,10,-1,8,285,3,-1,0,-1,-1,-1,-1,0x0000000000000000,1500,1500,988,1500,1500,1500,1500,1500,1500,1500,1500,1500,1500,1500,1500,1500,1500,1500,1500,1500,1500,1500,1500,1500,1500,1500,1500,1500,1500,1500,1500,1500,7.6,51.507400 -0.128377,8.0,8.6,270
2026-09-14,18:33:03.200,0.05,0.12,0.03,,7.6,0.0,0,0,-40,0,100,10,0,9,25,-45,100,10,-1,8,295,3,-1,0,-1,-1,-1,-1,0x0000000000000000,1500,1500,988,1500,1500,1500,1500,1500,1500,1500,1500,1500,1500,1500,1500,1500,1500,1500,1500,1500,1500,1500,1500,1500,1500,1500,1500,1500,1500,1500,1500,1500,7.6,51.507395 -0.128377,8.1,8.6,271
2026-09-14,18:33:03.400,0.05,0.12,0.03,,7.6,0.0,0,0,-41,0,100,10,0,9,25,-45,100,10,-1,8,305,3,-1,0,-1,-1,-1,-1,0x0000000000000000,1500,1500,988,1500,1500,1500,1500,1500,1500,1500,1500,1500,1500,1500,1500,1500,1500,1500,1500,1500,1500,1500,1500,1500,1500,1500,1500,1500,1500,1500,1500,1500,7.6,51.507391 -0.128377,8.2,8.5,271
2026-09-14,18:33:03.600,0.06,0.13,0.03,,7.6,0.0,0,0,-41,0,100,10,0,9,25,-45,100,10,-1,8,314,3,-1,0,-1,-1,-1,-1,0x0000000000000000,1500,1500,988,1500,1500,1500,1500,1500,1500,1500,1500,1500,1500,1500,1500,1500,1500,1500,1500,1500,1500,1500,1500,1500,1500,1500,1500,1500,1500,1500,1500,1500,7.6,51.507386 -0.128377,8.2,8.4,272
2026-09-14,18:33:03.800,0.06,0.13,0.03,,7.6,0.0,0,0,-41,0,100,10,0,9,25,-45,100,10,-1,8,323,3,-1,0,-1,-1,-1,-1,0x0000000000000000,1500,1500,988,1500,1500,1500,1500,1500,1500,1500,1500,1500,1500,1500,1500,1500,1500,1500,1500,1500,1500,1500,1500,1500,1500,1500,1500,1500,1500,1500,1500,1500,7.6,51.507382 -0.128377,8.3,8.3,273
2026-09-14,18:33:04.000,0.06,0.13,0.03,,7.6,0.0,0,0,-41,0,100,10,0,9,25,-45,100,10,-1,8,331,3,-1,0,-1,-1,-1,-1,0x0000000000000000,1500,1500,988,1500,1500,1500,1500,1500,1500,1500,1500,1500,1500,1500,1500,1500,1500,1500,1500,1500,1500,1500,1500,1500,1500,1500,1500,1500,1500,1500,1500,1500,7.6,51.507377 -0.128376,8.4,8.3,274
2026-09-14,18:33:04.200,0.07,0.14,0.02,,7.6,0.0,0,0,-42,0,100,10,0,9,25,-45,100,10,-1,8,339,3,-1,0,-1,-1,-1,-1,0x0000000000000000,1500,1500,988,1500,1500,1500,1500,1500,1500,1500,1500,1500,1500,1500,1500,1500,1500,1500,1500,1500,1500,1500,1500,1500,1500,1500,1500,1500,1500,1500,1500,1500,7.6,51.507373 -0.128376,8.5,8.2,274
2026-09-14,18:33:04.400,0.07,0.14,0.02,,7.6,0.0,0,0,-42,0,100,10,0,9,25,-45,100,10,-1,8,346,3,-1,0,-1,-1,-1,-1,0x0000000000000000,1500,1500,988,1500,1500,1500,1500,1500,1500,1500,1500,1500,1500,1500,1500,1500,1500,1500,1500,1500,1500,1500,1500,1500,1500,1500,1500,1500,1500,1500,1500,1500,7.6,51.507368 -0.128375,8.5,8.2,275
2026-09-14,18:33:04.600,0.08,0.14,0.02,,7.6,0.0,0,0,-42,0,100,10,0,9,25,-45,100,10,-1,8,353,3,-1,0,-1,-1,-1,-1,0x0000000000000000,1500,1500,988,1500,1500,1500,1500,1500,1500,1500,1500,1500,1500,1500,1500,1500,1500,1500,1500,1500,1500,1500,1500,1500,1500,1500,1500,1500,1500,1500,1500,1500,7.6,51.507364 -0.128374,8.6,8.1,276
2026-09-14,18:33:04.800,0.08,0.15,0.02,,7.6,0.0,0,0,-42,0,100,10,0,9,25,-45,100,10,-1,8,360,3,-1,0,-1,-1,-1,-1,0x0000000000000000,1500,1500,988,1500,1500,1500,1500,1500,1500,1500,1500,1500,1500,1500,1500,1500,1500,1500,1500,1500,1500,1500,1500,1500,1500,1500,1500,1500,1500,1500,1500,1500,7.6,51.507359 -0.128374,8.7,8.1,276
2026-09-14,18:33:05.000,0.08,0.15,0.02,,7.6,0.0,0,0,-43,0,100,10,0,9,25,-45,100,10,-1,8,366,3,-1,0,-1,-1,-1,-1,0x0000000000000000,1500,1500,988,1500,1500,1500,1500,1500,1500,1500,1500,1500,1500,1500,1500,1500,1500,1500,1500,1500,1500,1500,1500,1500,1500,1500,1500,1500,1500,1500,1500,1500,7.6,51.507355 -0.128373,8.7,8.1,277
2026-09-14,18:33:05.200,0.09,0.15,0.02,,7.6,0.0,0,0,-43,0,100,10,0,9,25,-45,100,10,-1,8,371,3,-1,0,-1,-1,-1,-1,0x0000000000000000,1500,1500,988,1500,1500,1500,1500,1500,1500,1500,1500,1500,1500,1500,1500,1500,1500,1500,1500,1500,1500,1500,1500,1500,1500,1500,1500,1500,1500,1500,1500,1500,7.6,51.507350 -0.128372,8.8,8.0,278
2026-09-14,18:33:05.400,0.09,0.15,0.02,,7.6,0.0,0,0,-43,0,100,10,0,9,25,-45,100,10,-1,8,376,3,-1,0,-1,-1,-1,-1,0x0000000000000000,1500,1500,988,1500,1500,1500,1500,1500,1500,1500,1500,1500,1500,1500,1500,1500,1500,1500,1500,1500,1500,1500,1500,1500,1500,1500,1500,1500,1500,1500,1500,1500,7.6,51.507346 -0.128371,8.9,8.0,279
2026-09-14,18:33:05.600,0.09,0.16,0.02,,7.6,0.0,0,0,-43,0,100,10,0,9,25,-45,100,10,-1,8,381,3,-1,0,-1,-1,-1,-1,0x0000000000000000,1500,1500,988,1500,1500,1500,1500,1500,1500,1500,1500,1500,1500,1500,1500,1500,1500,1500,1500,1500,1500,1500,1500,1500,1500,1500,1500,1500,1500,1500,1500,1500,7.6,51.507342 -0.128370,9.0,8.0,279
2026-09-14,18:33:05.800,0.09,0.16,0.02,,7.6,0.0,0,0,-44,0,100,10,0,9,25,-45,100,10,-1,8,385,3,-1,0,-1,-1,-1,-1,0x0000000000000000,1500,1500,988,1500,1500,1500,1500,1500,1500,1500,1500,1500,1500,1500,1500,1500,1500,1500,1500,1500,1500,1500,1500,1500,1500,1500,1500,1500,1500,1500,1500,1500,7.6,51.507337 -0.128368,9.0,8.0,280
2026-09-14,18:33:06.000,0.10,0.16,0.01,,7.6,0.0,0,0,-44,0,100,10,0,9,25,-45,100,10,-1,8,389,3,-1,0,-1,-1,-1,-1,0x0000000000000000,1500,1500,988,1500,1500,1500,1500,1500,1500,1500,1500,1500,1500,1500,1500,1500,1500,1500,1500,1500,1500,1500,1500,1500,1500,1500,1500,1500,1500,1500,1500,1500,7.6,51.507333 -0.128367,9.1,8.0,281
2026-09-14,18:33:06.200,0.10,0.16,0.01,,7.6,0.0,0,0,-44,0,100,10,0,9,25,-45,100,10,-1,8,392,3,-1,0,-1,-1,-1,-1,0x0000000000000000,1500,1500,988,1500,1500,1500,1500,1500,1500,1500,1500,1500,1500,1500,1500,1500,1500,1500,1500,1500,1500,1500,1500,1500,1500,1500,1500,1500,1500,1500,1500,1500,7.6,51.507328 -0.128366,9.2,8.0,282
2026-09-14,18:33:06.400,0.10,0.17,0.01,,7.6,0.0,0,0,-44,0,100,10,0,9,25,-45,100,10,-1,8,394,3,-1,0,-1,-1,-1,-1,0x0000000000000000,1500,1500,988,1500,1500,1500,1500,1500,1500,1500,1500,1500,1500,1500,1500,1500,1500,1500,1500,1500,1500,1500,1500,1500,1500,1500,1500,1500,1500,1500,1500,1500,7.6,51.507324 -0.128364,9.2,8.0,282
2026-09-14,18:33:06.600,0.11,0.17,0.01,,7.6,0.0,0,0,-44,0,100,10,0,9,25,-45,100,10,-1,8,396,3,-1,0,-1,-1,-1,-1,0x0000000000000000,1500,1500,988,1500,1500,1500,1500,1500,1500,1500,1500,1500,1500,1500,1500,1500,1500,1500,1500,1500,1500,1500,1500,1500,1500,1500,1500,1500,1500,1500,1500,1500,7.6,51.507319 -0.128363,9.3,8.0,283
2026-09-14,18:33:06.800,0.11,0.17,0.01,,7.6,0.0,0,0,-45,0,100,10,0,9,25,-45,100,10,-1,8,398,3,-1,0,-1,-1,-1,-1,0x0000000000000000,1500,1500,988,1500,1500,1500,1500,1500,1500,1500,1500,1500,1500,1500,1500,1500,1500,1500,1500,1500,1500,1500,1500,1500,1500,1500,1500,1500,1500,1500,1500,1500,7.6,51.507315 -0.128361,9.4,8.0,284
2026-09-14,18:33:07.000,0.11,0.17,0.01,,7.6,0.0,0,0,-45,0,100,10,0,9,25,-45,100,10,-1,8,399,3,-1,0,-1,-1,-1,-1,0x0000000000000000,1500,1500,988,1500,1500,1500,1500,1500,1500,1500,1500,1500,1500,1500,1500,1500,1500,1500,1500,1500,1500,1500,1500,1500,1500,1500,1500,1500,1500,1500,1500,1500,7.6,51.507311 -0.128359,9.4,8.1,284
2026-09-14,18:33:07.200,0.11,0.18,0.01,,7.6,0.0,0,0,-45,0,100,10,0,9,25,-45,100,10,-1,8,400,3,-1,0,-1,-1,-1,-1,0x0000000000000000,1500,1500,988,1500,1500,1500,1500,1500,1500,1500,1500,1500,1500,1500,1500,1500,1500,1500,1500,1500,1500,1500,1500,1500,1500,1500,1500,1500,1500,1500,1500,1500,7.6,51.507306 -0.128357,9.5,8.1,285
2026-09-14,18:33:07.400,0.12,0.18,0.01,,7.6,0.0,0,0,-45,0,100,10,0,9,25,-45,100,10,-1,8,400,3,-1,0,-1,-1,-1,-1,0x0000000000000000,1500,1500,988,1500,1500,1500,1500,1500,1500,1500,1500,1500,1500,1500,1500,1500,1500,1500,1500,1500,1500,1500,1500,1500,1500,1500,1500,1500,1500,1500,1500,1500,7.6,51.507302 -0.128355,9.6,8.1,286
2026-09-14,18:33:07.600,0.12,0.18,0.01,,7.6,0.0,0,0,-46,0,100,10,0,9,25,-45,100,10,-1,8,400,3,-1,0,-1,-1,-1,-1,0x0000000000000000,1500,1500,988,1500,1500,1500,1500,1500,1500,1500,1500,1500,1500,1500,1500,1500,1500,1500,1500,1500,1500,1500,1500,1500,1500,1500,1500,1500,1500,1500,1500,1500,7.6,51.507298 -0.128353,9.6,8.2,287
2026-09-14,18:33:07.800,0.12,0.18,0.00,,7.6,0.0,0,0,-46,0,100,10,0,9,25,-45,100,10,-1,8,399,3,-1,0,-1,-1,-1,-1,0x0000000000000000,1500,1500,988,1500,1500,1500,1500,1500,1500,1500,1500,1500,1500,1500,1500,1500,1500,1500,1500,1500,1500,1500,1500,1500,1500,1500,1500,1500,1500,1500,1500,1500,7.6,51.507293 -0.128351,9.7,8.2,287
2026-09-14,18:33:08.000,0.12,0.18,0.00,,7.6,0.0,0,0,-46,0,100,10,0,9,25,-45,100,10,-1,8,397,3,-1,0,-1,-1,-1,-1,0x0000000000000000,1500,1500,988,1500,1500,1500,1500,1500,1500,1500,1500,1500,1500,1500,1500,1500,1500,1500,1500,1500,1500,1500,1500,1500,1500,1500,1500,1500,1500,1500,1500,1500,7.6,51.507289 -0.128349,9.8,8.3,288
2026-09-14,18:33:08.200,0.13,0.19,0.00,,7.6,0.0,0,0,-46,0,100,10,0,9,25,-45,100,10,-1,8,395,3,-1,0,-1,-1,-1,-1,0x0000000000000000,1500,1500,988,1500,1500,1500,1500,1500,1500,1500,1500,1500,1500,1500,1500,1500,1500,1500,1500,1500,1500,1500,1500,1500,1500,1500,1500,1500,1500,1500,1500,1500,7.6,51.507285 -0.128347,9.8,8.3,289
2026-09-14,18:33:08.400,0.13,0.19,0.00,,7.6,0.0,0,0,-47,0,100,10,0,9,25,-45,100,10,-1,8,393,3,-1,0,-1,-1,-1,-1,0x0000000000000000,1500,1500,988,1500,1500,1500,1500,1500,1500,1500,1500,1500,1500,1500,1500,1500,1500,1500,1500,1500,1500,1500,1500,1500,1500,1500,1500,1500,1500,1500,1500,1500,7.6,51.507280 -0.128344,9.9,8.4,289
2026-09-14,18:33:08.600,0.13,0.19,-0.00,,7.6,0.0,0,0,-47,0,100,10,0,9,25,-45,100,10,-1,8,390,3,-1,0,-1,-1,-1,-1,0x0000000000000000,1500,1500,988,1500,1500,1500,1500,1500,1500,1500,1500,1500,1500,1500,1500,1500,1500,1500,1500,1500,1500,1500,1500,1500,1500,1500,1500,1500,1500,1500,1500,1500,7.6,51.507276 -0.128342,9.9,8.5,290
2026-09-14,18:33:08.800,0.13,0.19,-0.00,,7.6,0.0,0,0,-47,0,100,10,0,9,25,-45,100,10,-1,8,387,3,-1,0,-1,-1,-1,-1,0x0000000000000000,1500,1500,988,1500,1500,1500,1500,1500,1500,1500,1500,1500,1500,1500,1500,1500,1500,1500,1500,1500,1500,1500,1500,1500,1500,1500,1500,1500,1500,1500,1500,1500,7.6,51.507272 -0.128339,10.0,8.5,291
2026-09-14,18:33:09.000,0.13,0.19,-0.00,,7.6,0.0,0,0,-47,0,100,10,0,9,25,-45,100,10,-1,8,383,3,-1,0,-1,-1,-1,-1,0x0000000000000000,1500,1500,988,1500,1500,1500,1500,1500,1500,1500,1500,1500,1500,1500,1500,1500,1500,1500,1500,1500,1500,1500,1500,1500,1500,1500,1500,1500,1500,1500,1500,1500,7.6,51.507268 -0.128337,10.1,8.6,292
2026-09-14,18:33:09.200,0.14,0.19,-0.00,,7.6,0.0,0,0,-48,0,100,10,0,9,25,-45,100,10,-1,8,379,3,-1,0,-1,-1,-1,-1,0x0000000000000000,1500,1500,988,1500,1500,1500,1500,1500,1500,1500,1500,1500,1500,1500,1500,1500,1500,1500,1500,1500,1500,1500,1500,1500,1500,1500,1500,1500,1500,1500,1500,1500,7.6,51.507264 -0.128334,10.1,8.7,292
2026-09-14,18:33:09.400,0.14,0.19,-0.00,,7.6,0.0,0,0,-48,0,100,10,0,9,25,-45,100,10,-1,8,374,3,-1,0,-1,-1,-1,-1,0x0000000000000000,1500,1500,988,1500,1500,1500,1500,1500,1500,1500,1500,1500,1500,1500,1500,1500,1500,1500,1500,1500,1500,1500,1500,1500,1500,1500,1500,1500,1500,1500,1500,1500,7.6,51.507259 -0.128331,10.2,8.8,293
2026-09-14,18:33:09.600,0.14,0.19,-0.01,,7.6,0.0,0,0,-48,0,100,10,0,9,25,-45,100,10,-1,8,369,3,-1,0,-1,-1,-1,-1,0x0000000000000000,1500,1500,988,1500,1500,1500,1500,1500,1500,1500,1500,1500,1500,1500,1500,1500,1500,1500,1500,1500,1500,1500,1500,1500,1500,1500,1500,1500,1500,1500,1500,1500,7.6,51.507255 -0.128328,10.2,8.9,294
2026-09-14,18:33:09.800,0.14,0.20,-0.01,,7.6,0.0,0,0,-48,0,100,10,0,9,25,-45,100,10,-1,8,363,3,-1,0,-1,-1,-1,-1,0x0000000000000000,1500,1500,988,1500,1500,1500,1500,1500,1500,1500,1500,1500,1500,1500,1500,1500,1500,1500,1500,1500,1500,1500,1500,1500,1500,1500,1500,1500,1500,1500,1500,1500,7.6,51.507251 -0.128325,10.3,9.0,294
2026-09-14,18:33:10.000,0.14,0.20,-0.01,,7.6,0.0,0,0,-49,0,100,10,0,9,25,-45,100,10,-1,8,356,3,-1,0,-1,-1,-1,-1,0x0000000000000000,1500,1500,988,1500,1500,1500,1500,1500,1500,1500,1500,1500,1500,1500,1500,1500,1500,1500,1500,1500,1500,1500,1500,1500,1500,1500,1500,1500,1500,1500,1500,1500,7.6,51.507247 -0.128322,10.3,9.1,295
2026-09-14,18:33:10.200,0.14,0.20,-0.01,,7.6,0.0,0,0,-49,0,100,10,0,9,25,-45,100,10,-1,8,350,3,-1,0,-1,-1,-1,-1,0x0000000000000000,1500,1500,988,1500,1500,1500,1500,1500,1500,1500,1500,1500,1500,1500,1500,1500,1500,1500,1500,1500,1500,1500,1500,1500,1500,1500,1500,1500,1500,1500,1500,1500,7.6,51.507243 -0.128319,10.4,9.2,296
2026-09-14,18:33:10.400,0.14,0.20,-0.01,,7.6,0.0,0,0,-49,0,100,10,0,9,25,-45,100,10,-1,8,343,3,-1,0,-1,-1,-1,-1,0x0000000000000000,1500,1500,988,1500,1500,1500,1500,1500,1500,1500,1500,1500,1500,1500,1500,1500,1500,1500,1500,1500,1500,1500,1500,1500,1500,1500,1500,1500,1500,1500,1500,1500,7.6,51.507239 -0.128316,10.4,9.3,297
2026-09-14,18:33:10.600,0.15,0.20,-0.01,,7.6,0.0,0,0,-49,0,100,10,0,9,25,-45,100,10,-1,8,335,3,-1,0,-1,-1,-1,-1,0x0000000000000000,1500,1500,988,1500,1500,1500,1500,1500,1500,1500,1500,1500,1500,1500,1500,1500,1500,1500,1500,1500,1500,1500,1500,1500,1500,1500,1500,1500,1500,1500,1500,1500,7.6,51.507235 -0.128313,10.4,9.4,297
2026-09-14,18:33:10.800,0.15,0.20,-0.01,,7.6,0.0,0,0,-49,0,100,10,0,9,25,-45,100,10,-1,8,327,3,-1,0,-1,-1,-1,-1,0x0000000000000000,1500,1500,988,1500,1500,1500,1500,1500,1500,1500,1500,1500,1500,1500,1500,1500,1500,1500,1500,1500,1500,1500,1500,1500,1500,1500,1500,1500,1500,1500,1500,1500,7.6,51.507231 -0.128309,10.5,9.5,298
2026-09-14,18:33:11.000,0.15,0.20,-0.01,,7.6,0.0,0,0,-50,0,100,10,0,9,25,-45,100,10,-1,8,318,3,-1,0,-1,-1,-1,-1,0x0000000000000000,1500,1500,988,1500,1500,1500,1500,1500,1500,1500,1500,1500,1500,1500,1500,1500,1500,1500,1500,1500,1500,1500,1500,1500,1500,1500,1500,1500,1500,1500,1500,1500,7.6,51.507227 -0.128306,10.5,9.6,299
2026-09-14,18:33:11.200,0.15,0.20,-0.01,,7.6,0.0,0,0,-50,0,100,10,0,9,25,-45,100,10,-1,8,309,3,-1,0,-1,-1,-1,-1,0x0000000000000000,1500,1500,988,1500,1500,1500,1500,1500,1500,1500,1500,1500,1500,1500,1500,1500,1500,1500,1500,1500,1500,1500,1500,1500,1500,1500,1500,1500,1500,1500,1500,1500,7.6,51.507223 -0.128302,10.6,9.8,300
2026-09-14,18:33:11.400,0.15,0.20,-0.02,,7.6,0.0,0,0,-50,0,100,10,0,9,25,-45,100,10,-1,8,300,3,-1,0,-1,-1,-1,-1,0x0000000000000000,1500,1500,988,1500,1500,1500,1500,1500,1500,1500,1500,1500,1500,1500,1500,1500,1500,1500,1500,1500,1500,1500,1500,1500,1500,1500,1500,1500,1500,1500,1500,1500,7.6,51.507219 -0.128299,10.6,9.9,300
2026-09-14,18:33:11.600,0.15,0.20,-0.02,,7.6,0.0,0,0,-50,0,100,10,0,9,25,-45,100,10,-1,8,290,3,-1,0,-1,-1,-1,-1,0x0000000000000000,1500,1500,988,1500,1500,1500,1500,1500,1500,1500,1500,1500,1500,1500,1500,1500,1500,1500,1500,1500,1500,1500,1500,1500,1500,1500,1500,1500,1500,1500,1500,1500,7.6,51.507215 -0.128295,10.6,10.0,301
2026-09-14,18:33:11.800,0.15,0.20,-0.02,,7.6,0.0,0,0,-51,0,100,10,0,9,25,-45,100,10,-1,8,280,3,-1,0,-1,-1,-1,-1,0x0000000000000000,1500,1500,988,1500,1500,1500,1500,1500,1500,1500,1500,1500,1500,1500,1500,1500,1500,1500,1500,1500,1500,1500,1500,1500,1500,1500,1500,1500,1500,1500,1500,1500,7.6,51.507211 -0.128291,10.7,10.1,302
2026-09-14,18:33:12.000,0.15,0.20,-0.02,,7.6,0.0,0,0,-51,0,100,10,0,9,25,-45,100,10,-1,8,269,3,-1,0,-1,-1,-1,-1,0x0000000000000000,1500,1500,988,1500,1500,1500,1500,1500,1500,1500,1500,1500,1500,1500,1500,1500,1500,1500,1500,1500,1500,1500,1500,1500,1500,1500,1500,1500,1500,1500,1500,1500,7.6,51.507207 -0.128287,10.7,10.3,302
2026-09-14,18:33:12.200,0.15,0.20,-0.02,,7.6,0.0,0,0,-51,0,100,10,0,9,25,-45,100,10,-1,8,258,3,-1,0,-1,-1,-1,-1,0x0000000000000000,1500,1500,988,1500,1500,1500,1500,1500,1500,1500,1500,1500,1500,1500,1500,1500,1500,1500,1500,1500,1500,1500,1500,1500,1500,1500,1500,1500,1500,1500,1500,1500,7.6,51.507204 -0.128284,10.7,10.4,303
2026-09-14,18:33:12.400,0.15,0.20,-0.02,,7.6,0.0,0,0,-51,0,100,10,0,9,25,-45,100,10,-1,8,247,3,-1,0,-1,-1,-1,-1,0x0000000000000000,1500,1500,988,1500,1500,1500,1500,1500,1500,1500,1500,1500,1500,1500,1500,1500,1500,1500,1500,1500,1500,1500,1500,1500,1500,1500,1500,1500,1500,1500,1500,1500,7.6,51.507200 -0.128280,10.8,10.6,304
2026-09-14,18:33:12.600,0.15,0.20,-0.02,,7.6,0.0,0,0,-51,0,100,10,0,9,25,-45,100,10,-1,8,235,3,-1,0,-1,-1,-1,-1,0x0000000000000000,1500,1500,988,1500,1500,1500,1500,1500,1500,1500,1500,1500,1500,1500,1500,1500,1500,1500,1500,1500,1500,1500,1500,1500,1500,1500,1500,1500,1500,1500,1500,1500,7.6,51.507196 -0.128275,10.8,10.7,305
2026-09-14,18:33:12.800,0.15,0.20,-0.02,,7.6,0.0,0,0,-52,0,100,10,0,9,25,-45,100,10,-1,8,223,3,-1,0,-1,-1,-1,-1,0x0000000000000000,1500,1500,988,1500,1500,1500,1500,1500,1500,1500,1500,1500,1500,1500,1500,1500,1500,1500,1500,1500,1500,1500,1500,1500,1500,1500,1500,1500,1500,1500,1500,1500,7.6,51.507192 -0.128271,10.8,10.8,305
2026-09-14,18:33:13.000,0.15,0.20,-0.02,,7.6,0.0,0,0,-52,0,100,10,0,9,25,-45,100,10,-1,8,211,3,-1,0,-1,-1,-1,-1,0x0000000000000000,1500,1500,988,1500,1500,1500,1500,1500,1500,1500,1500,1500,1500,1500,1500,1500,1500,1500,1500,1500,1500,1500,1500,1500,1500,1500,1500,1500,1500,1500,1500,1500,7.6,51.507189 -0.128267,10.9,11.0,306
2026-09-14,18:33:13.200,0.15,0.20,-0.03,,7.6,0.0,0,0,-52,0,100,10,0,9,25,-45,100,10,-1,8,198,3,-1,0,-1,-1,-1,-1,0x0000000000000000,1500,1500,988,1500,1500,1500,1500,1500,1500,1500,1500,1500,1500,1500,1500,1500,1500,1500,1500,1500,1500,1500,1500,1500,1500,1500,1500,1500,1500,1500,1500,1500,7.6,51.507185 -0.128263,10.9,11.1,307
2026-09-14,18:33:13.400,0.15,0.20,-0.03,,7.6,0.0,0,0,-52,0,100,10,0,9,25,-45,100,10,-1,8,185,3,-1,0,-1,-1,-1,-1,0x0000000000000000,1500,1500,988,1500,1500,1500,1500,1500,1500,1500,1500,1500,1500,1500,1500,1500,1500,1500,1500,1500,1500,1500,1500,1500,1500,1500,1500,1500,1500,1500,1500,1500,7.6,51.507182 -0.128258,10.9,11.3,307
2026-09-14,18:33:13.600,0.15,0.20,-0.03,,7.6,0.0,0,0,-52,0,100,10,0,9,25,-45,100,10,-1,8,171,3,-1,0,-1,-1,-1,-1,0x0000000000000000,1500,1500,988,1500,1500,1500,1500,1500,1500,1500,1500,1500,1500,1500,1500,1500,1500,1500,1500,1500,1500,1500,1500,1500,1500,1500,1500,1500,1500,1500,1500,1500,7.6,51.507178 -0.128254,10.9,11.4,308
2026-09-14,18:33:13.800,0.15,0.20,-0.03,,7.6,0.0,0,0,-53,0,100,10,0,9,25,-45,100,10,-1,8,158,3,-1,0,-1,-1,-1,-1,0x0000000000000000,1500,1500,988,1500,1500,1500,1500,1500,1500,1500,1500,1500,1500,1500,1500,1500,1500,1500,1500,1500,1500,1500,1500,1500,1500,1500,1500,1500,1500,1500,1500,1500,7.6,51.507174 -0.128249,10.9,11.6,309
2026-09-14,18:33:14.000,0.15,0.19,-0.03,,7.6,0.0,0,0,-53,0,100,10,0,9,25,-45,100,10,-1,8,143,3,-1,0,-1,-1,-1,-1,0x0000000000000000,1500,1500,988,1500,1500,1500,1500,1500,1500,1500,1500,1500,1500,1500,1500,1500,1500,1500,1500,1500,1500,1500,1500,1500,1500,1500,1500,1500,1500,1500,1500,1500,7.6,51.507171 -0.128245,10.9,11.7,310
2026-09-14,18:33:14.200,0.15,0.19,-0.03,,7.6,0.0,0,0,-53,0,100,10,0,9,25,-45,100,10,-1,8,129,3,-1,0,-1,-1,-1,-1,0x0000000000000000,1500,1500,988,1500,1500,1500,1500,1500,1500,1500,1500,1500,1500,1500,1500,1500,1500,1500,1500,1500,1500,1500,1500,1500,1500,1500,1500,1500,1500,1500,1500,1500,7.6,51.507167 -0.128240,11.0,11.9,310
2026-09-14,18:33:14.400,0.15,0.19,-0.03,,7.6,0.0,0,0,-53,0,100,10,0,9,25,-45,100,10,-1,8,114,3,-1,0,-1,-1,-1,-1,0x0000000000000000,1500,1500,988,1500,1500,1500,1500,1500,1500,1500,1500,1500,1500,1500,1500,1500,1500,1500,1500,1500,1500,1500,1500,1500,1500,1500,1500,1500,1500,1500,1500,1500,7.6,51.507164 -0.128235,11.0,12.0,311
2026-09-14,18:33:14.600,0.14,0.19,-0.03,,7.6,0.0,0,0,-53,0,100,10,0,9,25,-45,100,10,-1,8,100,3,-1,0,-1,-1,-1,-1,0x0000000000000000,1500,1500,988,1500,1500,1500,1500,1500,1500,1500,1500,1500,1500,1500,1500,1500,1500,1500,1500,1500,1500,1500,1500,1500,1500,1500,1500,1500,1500,1500,1500,1500,7.6,51.507161 -0.128231,11.0,12.2,312
2026-09-14,18:33:14.800,0.14,0.19,-0.03,,7.6,0.0,0,0,-54,0,100,10,0,9,25,-45,100,10,-1,8,84,3,-1,0,-1,-1,-1,-1,0x0000000000000000,1500,1500,988,1500,1500,1500,1500,1500,1500,1500,1500,1500,1500,1500,1500,1500,1500,1500,1500,1500,1500,1500,1500,1500,1500,1500,1500,1500,1500,1500,1500,1500,7.6,51.507157 -0.128226,11.0,12.3,312
2026-09-14,18:33:15.000,0.14,0.19,-0.04,,7.6,0.0,0,0,-54,0,100,10,0,9,25,-45,100,10,-1,8,69,3,-1,0,-1,-1,-1,-1,0x0000000000000000,1500,1500,988,1500,1500,1500,1500,1500,1500,1500,1500,1500,1500,1500,1500,1500,1500,1500,1500,1500,1500,1500,1500,1500,1500,1500,1500,1500,1500,1500,1500,1500,7.6,51.507154 -0.128221,11.0,12.5,313
2026-09-14,18:33:15.200,0.14,0.19,-0.04,,7.6,0.0,0,0,-54,0,100,10,0,9,25,-45,100,10,-1,8,53,3,-1,0,-1,-1,-1,-1,0x0000000000000000,1500,1500,988,1500,1500,1500,1500,1500,1500,1500,1500,1500,1500,1500,1500,1500,1500,1500,1500,1500,1500,1500,1500,1500,1500,1500,1500,1500,1500,1500,1500,1500,7.6,51.507151 -0.128216,11.0,12.6,314
2026-09-14,18:33:15.400,0.14,0.19,-0.04,,7.6,0.0,0,0,-54,0,100,10,0,9,25,-45,100,10,-1,8,38,3,-1,0,-1,-1,-1,-1,0x0000000000000000,1500,1500,988,1500,1500,1500,1500,1500,1500,1500,1500,1500,1500,1500,1500,1500,1500,1500,1500,1500,1500,1500,1500,1500,1500,1500,1500,1500,1500,1500,1500,1500,7.6,51.507148 -0.128211,11.0,12.8,315
2026-09-14,18:33:15.600,0.14,0.18,-0.04,,7.6,0.0,0,0,-54,0,100,10,0,9,25,-45,100,10,-1,8,22,3,-1,0,-1,-1,-1,-1,0x0000000000000000,1500,1500,988,1500,1500,1500,1500,1500,1500,1500,1500,1500,1500,1500,1500,1500,1500,1500,1500,1500,1500,1500,1500,1500,1500,1500,1500,1500,1500,1500,1500,1500,7.6,51.507144 -0.128206,11.0,12.9,315
2026-09-14,18:33:15.800,0.14,0.18,-0.04,,7.6,0.0,0,0,-54,0,100,10,0,9,25,-45,100,10,-1,8,5,3,-1,0,-1,-1,-1,-1,0x0000000000000000,1500,1500,988,1500,1500,1500,1500,1500,1500,1500,1500,1500,1500,1500,1500,1500,1500,1500,1500,1500,1500,1500,1500,1500,1500,1500,1500,1500,1500,1500,1500,1500,7.6,51.507141 -0.128200,11.0,13.1,316
2026-09-14,18:33:16.000,0.13,0.18,-0.04,,7.6,0.0,0,0,-55,0,100,10,0,9,25,-45,100,10,-1,8,-11,3,-1,0,-1,-1,-1,-1,0x0000000000000000,1500,1500,988,1500,1500,1500,1500,1500,1500,1500,1500,1500,1500,1500,1500,1500,1500,1500,1500,1500,1500,1500,1500,1500,1500,1500,1500,1500,1500,1500,1500,1500,7.6,51.507138 -0.128195,11.0,13.2,317
2026-09-14,18:33:16.200,0.13,0.18,-0.04,,7.6,0.0,0,0,-55,0,100,10,0,9,25,-45,100,10,-1,8,-28,3,-1,0,-1,-1,-1,-1,0x0000000000000000,1500,1500,988,1500,1500,1500,1500,1500,1500,1500,1500,1500,1500,1500,1500,1500,1500,1500,1500,1500,1500,1500,1500,1500,1500,1500,1500,1500,1500,1500,1500,1500,7.6,51.507135 -0.128190,11.0,13.4,318
2026-09-14,18:33:16.400,0.13,0.18,-0.04,,7.6,0.0,0,0,-55,0,100,10,0,9,25,-45,100,10,-1,8,-44,3,-1,0,-1,-1,-1,-1,0x0000000000000000,1500,1500,988,1500,1500,1500,1500,1500,1500,1500,1500,1500,1500,1500,1500,1500,1500,1500,1500,1500,1500,1500,1500,1500,1500,1500,1500,1500,1500,1500,1500,1500,7.6,51.507132 -0.128184,11.0,13.5,318
2026-09-14,18:33:16.600,0.13,0.17,-0.04,,7.6,0.0,0,0,-55,0,100,10,0,9,25,-45,100,10,-1,8,-61,3,-1,0,-1,-1,-1,-1,0x0000000000000000,1500,1500,988,1500,1500,1500,1500,1500,1500,1500,1500,1500,1500,1500,1500,1500,1500,1500,1500,1500,1500,1500,1500,1500,1500,1500,1500,1500,1500,1500,1500,1500,7.6,51.507129 -0.128179,11.0,13.6,319
2026-09-14,18:33:16.800,0.13,0.17,-0.04,,7.6,0.0,0,0,-55,0,100,10,0,9,25,-45,100,10,-1,8,-78,3,-1,0,-1,-1,-1,-1,0x0000000000000000,1500,1500,988,1500,1500,1500,1500,1500,1500,1500,1500,1500,1500,1500,1500,1500,1500,1500,1500,1500,1500,1500,1500,1500,1500,1500,1500,1500,1500,1500,1500,1500,7.6,51.507126 -0.128174,11.0,13.8,320
2026-09-14,18:33:17.000,0.12,0.17,-0.05,,7.6,0.0,0,0,-55,0,100,10,0,9,25,-45,100,10,-1,8,-95,3,-1,0,-1,-1,-1,-1,0x0000000000000000,1500,1500,988,1500,1500,1500,1500,1500,1500,1500,1500,1500,1500,1500,1500,1500,1500,1500,1500,1500,1500,1500,1500,1500,1500,1500,1500,1500,1500,1500,1500,1500,7.6,51.507123 -0.128168,10.9,13.9,320
2026-09-14,18:33:17.200,0.12,0.17,-0.05,,7.6,0.0,0,0,-56,0,100,10,0,9,25,-45,100,10,-1,8,-112,3,-1,0,-1,-1,-1,-1,0x0000000000000000,1500,1500,988,1500,1500,1500,1500,1500,1500,1500,1500,1500,1500,1500,1500,1500,1500,1500,1500,1500,1500,1500,1500,1500,1500,1500,1500,1500,1500,1500,1500,1500,7.6,51.507120 -0.128162,10.9,14.0,321
2026-09-14,18:33:17.400,0.12,0.17,-0.05,,7.6,0.0,0,0,-56,0,100,10,0,9,25,-45,100,10,-1,8,-129,3,-1,0,-1,-1,-1,-1,0x0000000000000000,1500,1500,988,1500,1500,1500,1500,1500,1500,1500,1500,1500,1500,1500,1500,1500,1500,1500,1500,1500,1500,1500,1500,1500,1500,1500,1500,1500,1500,1500,1500,1500,7.6,51.507117 -0.128157,10.9,14.2,322
2026-09-14,18:33:17.600,0.12,0.16,-0.05,,7.6,0.0,0,0,-56,0,100,10,0,9,25,-45,100,10,-1,8,-147,3,-1,0,-1,-1,-1,-1,0x0000000000000000,1500,1500,988,1500,1500,1500,1500,1500,1500,1500,1500,1500,1500,1500,1500,1500,1500,1500,1500,1500,1500,1500,1500,1500,1500,1500,1500,1500,1500,1500,1500,1500,7.6,51.507115 -0.128151,10.9,14.3,323
2026-09-14,18:33:17.800,0.12,0.16,-0.05,,7.6,0.0,0,0,-56,0,100,10,0,9,25,-45,100,10,-1,8,-164,3,-1,0,-1,-1,-1,-1,0x0000000000000000,1500,1500,988,1500,1500,1500,1500,1500,1500,1500,1500,1500,1500,1500,1500,1500,1500,1500,1500,1500,1500,1500,1500,1500,1500,1500,1500,1500,1500,1500,1500,1500,7.6,51.507112 -0.128145,10.9,14.4,323
2026-09-14,18:33:18.000,0.11,0.16,-0.05,,7.6,0.0,0,0,-56,0,100,10,0,9,25,-45,100,10,-1,8,-181,3,-1,0,-1,-1,-1,-1,0x0000000000000000,1500,1500,988,1500,1500,1500,1500,1500,1500,1500,1500,1500,1500,1500,1500,1500,1500,1500,1500,1500,1500,1500,1500,1500,1500,1500,1500,1500,1500,1500,1500,1500,7.6,51.507109 -0.128139,10.9,14.5,324
2026-09-14,18:33:18.200,0.11,0.16,-0.05,,7.6,0.0,0,0,-56,0,100,10,0,9,25,-45,100,10,-1,8,-198,3,-1,0,-1,-1,-1,-1,0x0000000000000000,1500,1500,988,1500,1500,1500,1500,1500,1500,1500,1500,1500,1500,1500,1500,1500,1500,1500,1500,1500,1500,1500,1500,1500,1500,1500,1500,1500,1500,1500,1500,1500,7.6,51.507107 -0.128133,10.8,14.6,325
2026-09-14,18:33:18.400,0.11,0.15,-0.05,,7.6,0.0,0,0,-56,0,100,10,0,9,25,-45,100,10,-1,8,-216,3,-1,0,-1,-1,-1,-1,0x0000000000000000,1500,1500,988,1500,1500,1500,1500,1500,1500,1500,1500,1500,1500,1500,1500,1500,1500,1500,1500,1500,1500,1500,1500,1500,1500,1500,1500,1500,1500,1500,1500,1500,7.6,51.507104 -0.128127,10.8,14.8,325
2026-09-14,18:33:18.600,0.10,0.15,-0.05,,7.6,0.0,0,0,-57,0,100,10,0,9,25,-45,100,10,-1,8,-233,3,-1,0,-1,-1,-1,-1,0x0000000000000000,1500,1500,988,1500,1500,1500,1500,1500,1500,1500,1500,1500,1500,1500,1500,1500,1500,1500,1500,1500,1500,1500,1500,1500,1500,1500,1500,1500,1500,1500,1500,1500,7.6,51.507102 -0.128121,10.8,14.9,326
2026-09-14,18:33:18.800,0.10,0.15,-0.05,,7.6,0.0,0,0,-57,0,100,10,0,9,25,-45,100,10,-1,8,-250,3,-1,0,-1,-1,-1,-1,0x0000000000000000,1500,1500,988,1500,1500,1500,1500,1500,1500,1500,1500,1500,1500,1500,1500,1500,1500,1500,1500,1500,1500,1500,1500,1500,1500,1500,1500,1500,1500,1500,1500,1500,7.6,51.507099 -0.128115,10.7,15.0,327
2026-09-14,18:33:19.000,0.10,0.14,-0.06,,7.6,0.0,0,0,-57,0,100,10,0,9,25,-45,100,10,-1,8,-268,3,-1,0,-1,-1,-1,-1,0x0000000000000000,1500,1500,988,1500,1500,1500,1500,1500,1500,1500,1500,1500,1500,1500,1500,1500,1500,1500,1500,1500,1500,1500,1500,1500,1500,1500,1500,1500,1500,1500,1500,1500,7.6,51.507097 -0.128109,10.7,15.1,328
2026-09-14,18:33:19.200,0.10,0.14,-0.06,,7.6,0.0,0,0,-57,0,100,10,0,9,25,-45,100,10,-1,8,-285,3,-1,0,-1,-1,-1,-1,0x0000000000000000,1500,1500,988,1500,1500,1500,1500,1500,1500,1500,1500,1500,1500,1500,1500,1500,1500,1500,1500,1500,1500,1500,1500,1500,1500,1500,1500,1500,1500,1500,1500,1500,7.6,51.507094 -0.128103,10.7,15.2,328
2026-09-14,18:33:19.400,0.09,0.14,-0.06,,7.6,0.0,0,0,-57,0,100,10,0,9,25,-45,100,10,-1,8,-302,3,-1,0,-1,-1,-1,-1,0x0000000000000000,1500,1500,988,1500,1500,1500,1500,1500,1500,1500,1500,1500,1500,1500,1500,1500,1500,1500,1500,1500,1500,1500,1500,1500,1500,1500,1500,1500,1500,1500,1500,1500,7.6,51.507092 -0.128097,10.6,15.3,329
2026-09-14,18:33:19.600,0.09,0.13,-0.06,,7.6,0.0,0,0,-57,0,100,10,0,9,25,-45,100,10,-1,8,-319,3,-1,0,-1,-1,-1,-1,0x0000000000000000,1500,1500,988,1500,1500,1500,1500,1500,1500,1500,1500,1500,1500,1500,1500,1500,1500,1500,1500,1500,1500,1500,1500,1500,1500,1500,1500,1500,1500,1500,1500,1500,7.6,51.507090 -0.128091,10.6,15.3,330
2026-09-14,18:33:19.800,0.09,0.13,-0.06,,7.6,0.0,0,0,-57,0,100,10,0,9,25,-45,100,10,-1,8,-336,3,-1,0,-1,-1,-1,-1,0x0000000000000000,1500,1500,988,1500,1500,1500,1500,1500,1500,1500,1500,1500,1500,1500,1500,1500,1500,1500,1500,1500,1500,1500,1500,1500,1500,1500,1500,1500,1500,1500,1500,1500,7.6,51.507087 -0.128084,10.6,15.4,330
2026-09-14,18:33:20.000,0.08,0.13,-0.06,,7.6,0.0,0,0,-58,0,100,10,0,9,25,-45,100,10,-1,8,-353,3,-1,0,-1,-1,-1,-1,0x0000000000000000,1500,1500,988,1500,1500,1500,1500,1500,1500,1500,1500,1500,1500,1500,1500,1500,1500,1500,1500,1500,1500,1500,1500,1500,1500,1500,1500,1500,1500,1500,1500,1500,7.6,51.507085 -0.128078,10.5,15.5,331
2026-09-14,18:33:20.200,0.08,0.13,-0.06,,7.6,0.0,0,0,-58,0,100,10,0,9,25,-45,100,10,-1,8,-370,3,-1,0,-1,-1,-1,-1,0x0000000000000000,1500,1500,988,1500,1500,1500,1500,1500,1500,1500,1500,1500,1500,1500,1500,1500,1500,1500,1500,1500,1500,1500,1500,1500,1500,1500,1500,1500,1500,1500,1500,1500,7.6,51.507083 -0.128072,10.5,15.6,332
2026-09-14,18:33:20.400,0.08,0.12,-0.06,,7.6,0.0,0,0,-58,0,100,10,0,9,25,-45,100,10,-1,8,-386,3,-1,0,-1,-1,-1,-1,0x0000000000000000,1500,1500,988,1500,1500,1500,1500,1500,1500,1500,1500,1500,1500,1500,1500,1500,1500,1500,1500,1500,1500,1500,1500,1500,1500,1500,1500,1500,1500,1500,1500,1500,7.6,51.507081 -0.128065,10.4,15.6,333
2026-09-14,18:33:20.600,0.07,0.12,-0.06,,7.6,0.0,0,0,-58,0,100,10,0,9,25,-45,100,10,-1,8,-403,3,-1,0,-1,-1,-1,-1,0x0000000000000000,1500,1500,988,1500,1500,1500,1500,1500,1500,1500,1500,1500,1500,1500,1500,1500,1500,1500,1500,1500,1500,1500,1500,1500,1500,1500,1500,1500,1500,1500,1500,1500,7.6,51.507079 -0.128059,10.4,15.7,333
2026-09-14,18:33:20.800,0.07,0.11,-0.06,,7.6,0.0,0,0,-58,0,100,10,0,9,25,-45,100,10,-1,8,-419,3,-1,0,-1,-1,-1,-1,0x0000000000000000,1500,1500,988,1500,1500,1500,1500,1500,1500,1500,1500,1500,1500,1500,1500,1500,1500,1500,1500,1500,1500,1500,1500,1500,1500,1500,1500,1500,1500,1500,1500,1500,7.6,51.507077 -0.128052,10.4,15.7,334
2026-09-14,18:33:21.000,0.07,0.11,-0.06,,7.6,0.0,0,0,-58,0,100,10,0,9,25,-45,100,10,-1,8,-435,3,-1,0,-1,-1,-1,-1,0x0000000000000000,1500,1500,988,1500,1500,1500,1500,1500,1500,1500,1500,1500,1500,1500,1500,1500,1500,1500,1500,1500,1500,1500,1500,1500,1500,1500,1500,1500,1500,1500,1500,1500,7.6,51.507075 -0.128046,10.3,15.8,335
2026-09-14,18:33:21.200,0.06,0.11,-0.07,,7.6,0.0,0,0,-58,0,100,10,0,9,25,-45,100,10,-1,8,-451,3,-1,0,-1,-1,-1,-1,0x0000000000000000,1500,1500,988,1500,1500,1500,1500,1500,1500,1500,1500,1500,1500,1500,1500,1500,1500,1500,1500,1500,1500,1500,1500,1500,1500,1500,1500,1500,1500,1500,1500,1500,7.6,51.507073 -0.128039,10.3,15.8,336
2026-09-14,18:33:21.400,0.06,0.10,-0.07,,7.6,0.0,0,0,-58,0,100,10,0,9,25,-45,100,10,-1,8,-466,3,-1,0,-1,-1,-1,-1,0x0000000000000000,1500,1500,988,1500,1500,1500,1500,1500,1500,1500,1500,1500,1500,1500,1500,1500,1500,1500,1500,1500,1500,1500,1500,1500,1500,1500,1500,1500,1500,1500,1500,1500,7.6,51.507071 -0.128033,10.2,15.9,336
2026-09-14,18:33:21.600,0.05,0.10,-0.07,,7.6,0.0,0,0,-58,0,100,10,0,9,25,-45,100,10,-1,8,-482,3,-1,0,-1,-1,-1,-1,0x0000000000000000,1500,1500,988,1500,1500,1500,1500,1500,1500,1500,1500,1500,1500,1500,1500,1500,1500,1500,1500,1500,1500,1500,1500,1500,1500,1500,1500,1500,1500,1500,1500,1500,7.6,51.507069 -0.128026,10.2,15.9,337
2026-09-14,18:33:21.800,0.05,0.10,-0.07,,7.6,0.0,0,0,-59,0,100,10,0,9,25,-45,100,10,-1,8,-497,3,-1,0,-1,-1,-1,-1,0x0000000000000000,1500,1500,988,1500,1500,1500,1500,1500,1500,1500,1500,1500,1500,1500,1500,1500,1500,1500,1500,1500,1500,1500,1500,1500,1500,1500,1500,1500,1500,1500,1500,1500,7.6,51.507068 -0.128019,10.1,15.9,338
2026-09-14,18:33:22.000,0.05,0.09,-0.07,,7.6,0.0,0,0,-59,0,100,10,0,9,25,-45,100,10,-1,8,-512,3,-1,0,-1,-1,-1,-1,0x0000000000000000,1500,1500,988,1500,1500,1500,1500,1500,1500,1500,1500,1500,1500,1500,1500,1500,1500,1500,1500,1500,1500,1500,1500,1500,1500,1500,1500,1500,1500,1500,1500,1500,7.6,51.507066 -0.128013,10.1,16.0,338
2026-09-14,18:33:22.200,0.04,0.09,-0.07,,7.6,0.0,0,0,-59,0,100,10,0,9,25,-45,100,10,-1,8,-527,3,-1,0,-1,-1,-1,-1,0x0000000000000000,1500,1500,988,1500,1500,1500,1500,1500,1500,1500,1500,1500,1500,1500,1500,1500,1500,1500,1500,1500,1500,1500,1500,1500,1500,1500,1500,1500,1500,1500,1500,1500,7.6,51.507064 -0.128006,10.0,16.0,339
2026-09-14,18:33:22.400,0.04,0.09,-0.07,,7.6,0.0,0,0,-59,0,100,10,0,9,25,-45,100,10,-1,8,-541,3,-1,0,-1,-1,-1,-1,0x0000000000000000,1500,1500,988,1500,1500,1500,1500,1500,1500,1500,1500,1500,1500,1500,1500,1500,1500,1500,1500,1500,1500,1500,1500,1500,1500,1500,1500,1500,1500,1500,1500,1500,7.6,51.507063 -0.127999,9.9,16.0,340
2026-09-14,18:33:22.600,0.04,0.08,-0.07,,7.6,0.0,0,0,-59,0,100,10,0,9,25,-45,100,10,-1,8,-555,3,-1,0,-1,-1,-1,-1,0x0000000000000000,1500,1500,988,1500,1500,1500,1500,1500,1500,1500,1500,1500,1500,1500,1500,1500,1500,1500,1500,1500,1500,1500,1500,1500,1500,1500,1500,1500,1500,1500,1500,1500,7.6,51.507061 -0.127992,9.9,16.0,341
2026-09-14,18:33:22.800,0.03,0.08,-0.07,,7.6,0.0,0,0,-59,0,100,10,0,9,25,-45,100,10,-1,8,-569,3,-1,0,-1,-1,-1,-1,0x0000000000000000,1500,1500,988,1500,1500,1500,1500,1500,1500,1500,1500,1500,1500,1500,1500,1500,1500,1500,1500,1500,1500,1500,1500,1500,1500,1500,1500,1500,1500,1500,1500,1500,7.6,51.507060 -0.127985,9.8,16.0,341
2026-09-14,18:33:23.000,0.03,0.07,-0.07,,7.6,0.0,0,0,-59,0,100,10,0,9,25,-45,100,10,-1,8,-582,3,-1,0,-1,-1,-1,-1,0x0000000000000000,1500,1500,988,1500,1500,1500,1500,1500,1500,1500,1500,1500,1500,1500,1500,1500,1500,1500,1500,1500,1500,1500,1500,1500,1500,1500,1500,1500,1500,1500,1500,1500,7.6,51.507058 -0.127978,9.8,16.0,342
2026-09-14,18:33:23.200,0.02,0.07,-0.07,,7.6,0.0,0,0,-59,0,100,10,0,9,25,-45,100,10,-1,8,-596,3,-1,0,-1,-1,-1,-1,0x0000000000000000,1500,1500,988,1500,1500,1500,1500,1500,1500,1500,1500,1500,1500,1500,1500,1500,1500,1500,1500,1500,1500,1500,1500,1500,1500,1500,1500,1500,1500,1500,1500,1500,7.6,51.507057 -0.127971,9.7,16.0,343
2026-09-14,18:33:23.400,0.02,0.07,-0.07,,7.6,0.0,0,0,-59,0,100,10,0,9,25,-45,100,10,-1,8,-609,3,-1,0,-1,-1,-1,-1,0x0000000000000000,1500,1500,988,1500,1500,1500,1500,1500,1500,1500,1500,1500,1500,1500,1500,1500,1500,1500,1500,1500,1500,1500,1500,1500,1500,1500,1500,1500,1500,1500,1500,1500,7.6,51.507056 -0.127965,9.6,16.0,343
2026-09-14,18:33:23.600,0.02,0.06,-0.08,,7.6,0.0,0,0,-59,0,100,10,0,9,25,-45,100,10,-1,8,-621,3,-1,0,-1,-1,-1,-1,0x0000000000000000,1500,1500,988,1500,1500,1500,1500,1500,1500,1500,1500,1500,1500,1500,1500,1500,1500,1500,1500,1500,1500,1500,1500,1500,1500,1500,1500,1500,1500,1500,1500,1500,7.6,51.507054 -0.127958,9.6,15.9,344
2026-09-14,18:33:23.800,0.01,0.06,-0.08,,7.6,0.0,0,0,-59,0,100,10,0,9,25,-45,100,10,-1,8,-633,3,-1,0,-1,-1,-1,-1,0x0000000000000000,1500,1500,988,1500,1500,1500,1500,1500,1500,1500,1500,1500,1500,1500,1500,1500,1500,1500,1500,1500,1500,1500,1500,1500,1500,1500,1500,1500,1500,1500,1500,1500,7.6,51.507053 -0.127951,9.5,15.9,345
2026-09-14,18:33:24.000,0.01,0.05,-0.08,,7.6,0.0,0,0,-59,0,100,10,0,9,25,-45,100,10,-1,8,-645,3,-1,0,-1,-1,-1,-1,0x0000000000000000,1500,1500,988,1500,1500,1500,1500,1500,1500,1500,1500,1500,1500,1500,1500,1500,1500,1500,1500,1500,1500,1500,1500,1500,1500,1500,1500,1500,1500,1500,1500,1500,7.6,51.507052 -0.127944,9.4,15.9,346
2026-09-14,18:33:24.200,0.00,0.05,-0.08,,7.6,0.0,0,0,-59,0,100,10,0,9,25,-45,100,10,-1,8,-656,3,-1,0,-1,-1,-1,-1,0x0000000000000000,1500,1500,988,1500,1500,1500,1500,1500,1500,1500,1500,1500,1500,1500,1500,1500,1500,1500,1500,1500,1500,1500,1500,1500,1500,1500,1500,1500,1500,1500,1500,1500,7.6,51.507051 -0.127937,9.4,15.8,346
2026-09-14,18:33:24.400,0.00,0.05,-0.08,,7.6,0.0,0,0,-59,0,100,10,0,9,25,-45,100,10,-1,8,-668,3,-1,0,-1,-1,-1,-1,0x0000000000000000,1500,1500,988,1500,1500,1500,1500,1500,1500,1500,1500,1500,1500,1500,1500,1500,1500,1500,1500,1500,1500,1500,1500,1500,1500,1500,1500,1500,1500,1500,1500,1500,7.6,51.507050 -0.127929,9.3,15.8,347
2026-09-14,18:33:24.600,-0.00,0.04,-0.08,,7.6,0.0,0,0,-60,0,100,10,0,9,25,-45,100,10,-1,8,-678,3,-1,0,-1,-1,-1,-1,0x0000000000000000,1500,1500,988,1500,1500,1500,1500,1500,1500,1500,1500,1500,1500,1500,1500,1500,1500,1500,1500,1500,1500,1500,1500,1500,1500,1500,1500,1500,1500,1500,1500,1500,7.6,51.507049 -0.127922,9.2,15.7,348
2026-09-14,18:33:24.800,-0.01,0.04,-0.08,,7.6,0.0,0,0,-60,0,100,10,0,9,25,-45,100,10,-1,8,-688,3,-1,0,-1,-1,-1,-1,0x0000000000000000,1500,1500,988,1500,1500,1500,1500,1500,1500,1500,1500,1500,1500,1500,1500,1500,1500,1500,1500,1500,1500,1500,1500,1500,1500,1500,1500,1500,1500,1500,1500,1500,7.6,51.507048 -0.127915,9.2,15.7,348
2026-09-14,18:33:25.000,-0.01,0.03,-0.08,,7.6,0.0,0,0,-60,0,100,10,0,9,25,-45,100,10,-1,8,-698,3,-1,0,-1,-1,-1,-1,0x0000000000000000,1500,1500,988,1500,1500,1500,1500,1500,1500,1500,1500,1500,1500,1500,1500,1500,1500,1500,1500,1500,1500,1500,1500,1500,1500,1500,1500,1500,1500,1500,1500,1500,7.6,51.507047 -0.127908,9.1,15.6,349
2026-09-14,18:33:25.200,-0.02,0.03,-0.08,,7.6,0.0,0,0,-60,0,100,10,0,9,25,-45,100,10,-1,8,-708,3,-1,0,-1,-1,-1,-1,0x0000000000000000,1500,1500,988,1500,1500,1500,1500,1500,1500,1500,1500,1500,1500,1500,1500,1500,1500,1500,1500,1500,1500,1500,1500,1500,1500,1500,1500,1500,1500,1500,1500,1500,7.6,51.507046 -0.127901,9.0,15.6,350
2026-09-14,18:33:25.400,-0.02,0.02,-0.08,,7.6,0.0,0,0,-60,0,100,10,0,9,25,-45,100,10,-1,8,-717,3,-1,0,-1,-1,-1,-1,0x0000000000000000,1500,1500,988,1500,1500,1500,1500,1500,1500,1500,1500,1500,1500,1500,1500,1500,1500,1500,1500,1500,1500,1500,1500,1500,1500,1500,1500,1500,1500,1500,1500,1500,7.6,51.507045 -0.127894,9.0,15.5,351
2026-09-14,18:33:25.600,-0.02,0.02,-0.08,,7.6,0.0,0,0,-60,0,100,10,0,9,25,-45,100,10,-1,8,-725,3,-1,0,-1,-1,-1,-1,0x0000000000000000,1500,1500,988,1500,1500,1500,1500,1500,1500,1500,1500,1500,1500,1500,1500,1500,1500,1500,1500,1500,1500,1500,1500,1500,1500,1500,1500,1500,1500,1500,1500,1500,7.6,51.507045 -0.127887,8.9,15.4,351
2026-09-14,18:33:25.800,-0.03,0.02,-0.08,,7.6,0.0,0,0,-60,0,100,10,0,9,25,-45,100,10,-1,8,-734,3,-1,0,-1,-1,-1,-1,0x0000000000000000,1500,1500,988,1500,1500,1500,1500,1500,1500,1500,1500,1500,1500,1500,1500,1500,1500,1500,1500,1500,1500,1500,1500,1500,1500,1500,1500,1500,1500,1500,1500,1500,7.6,51.507044 -0.127880,8.8,15.3,352
2026-09-14,18:33:26.000,-0.03,0.01,-0.08,,7.6,0.0,0,0,-60,0,100,10,0,9,25,-45,100,10,-1,8,-741,3,-1,0,-1,-1,-1,-1,0x0000000000000000,1500,1500,988,1500,1500,1500,1500,1500,1500,1500,1500,1500,1500,1500,1500,1500,1500,1500,1500,1500,1500,1500,1500,1500,1500,1500,1500,1500,1500,1500,1500,1500,7.6,51.507044 -0.127872,8.7,15.2,353
2026-09-14,18:33:26.200,-0.03,0.01,-0.08,,7.6,0.0,0,0,-60,0,100,10,0,9,25,-45,100,10,-1,8,-749,3,-1,0,-1,-1,-1,-1,0x0000000000000000,1500,1500,988,1500,1500,1500,1500,1500,1500,1500,1500,1500,1500,1500,1500,1500,1500,1500,1500,1500,1500,1500,1500,1500,1500,1500,1500,1500,1500,1500,1500,1500,7.6,51.507043 -0.127865,8.7,15.2,354
2026-09-14,18:33:26.400,-0.04,0.00,-0.08,,7.6,0.0,0,0,-60,0,100,10,0,9,25,-45,100,10,-1,8,-755,3,-1,0,-1,-1,-1,-1,0x0000000000000000,1500,1500,988,1500,1500,1500,1500,1500,1500,1500,1500,1500,1500,1500,1500,1500,1500,1500,1500,1500,1500,1500,1500,1500,1500,1500,1500,1500,1500,1500,1500,1500,7.6,51.507042 -0.127858,8.6,15.1,354
2026-09-14,18:33:26.600,-0.04,-0.00,-0.09,,7.6,0.0,0,0,-60,0,100,10,0,9,25,-45,100,10,-1,8,-762,3,-1,0,-1,-1,-1,-1,0x0000000000000000,1500,1500,988,1500,1500,1500,1500,1500,1500,1500,1500,1500,1500,1500,1500,1500,1500,1500,1500,1500,1500,1500,1500,1500,1500,1500,1500,1500,1500,1500,1500,1500,7.6,51.507042 -0.127851,8.5,15.0,355
2026-09-14,18:33:26.800,-0.05,-0.01,-0.09,,7.6,0.0,0,0,-60,0,100,10,0,9,25,-45,100,10,-1,8,-768,3,-1,0,-1,-1,-1,-1,0x0000000000000000,1500,1500,988,1500,1500,1500,1500,1500,1500,1500,1500,1500,1500,1500,1500,1500,1500,1500,1500,1500,1500,1500,1500,1500,1500,1500,1500,1500,1500,1500,1500,1500,7.6,51.507042 -0.127843,8.5,14.9,356
2026-09-14,18:33:27.000,-0.05,-0.01,-0.09,,7.6,0.0,0,0,-60,0,100,10,0,9,25,-45,100,10,-1,8,-773,3,-1,0,-1,-1,-1,-1,0x0000000000000000,1500,1500,988,1500,1500,1500,1500,1500,1500,1500,1500,1500,1500,1500,1500,1500,1500,1500,1500,1500,1500,1500,1500,1500,1500,1500,1500,1500,1500,1500,1500,1500,7.6,51.507041 -0.127836,8.4,14.8,356
2026-09-14,18:33:27.200,-0.05,-0.01,-0.09,,7.6,0.0,0,0,-60,0,100,10,0,9,25,-45,100,10,-1,8,-778,3,-1,0,-1,-1,-1,-1,0x0000000000000000,1500,1500,988,1500,1500,1500,1500,1500,1500,1500,1500,1500,1500,1500,1500,1500,1500,1500,1500,1500,1500,1500,1500,1500,1500,1500,1500,1500,1500,1500,1500,1500,7.6,51.507041 -0.127829,8.3,14.6,357
2026-09-14,18:33:27.400,-0.06,-0.02,-0.09,,7.6,0.0,0,0,-60,0,100,10,0,9,25,-45,100,10,-1,8,-782,3,-1,0,-1,-1,-1,-1,0x0000000000000000,1500,1500,988,1500,1500,1500,1500,1500,1500,1500,1500,1500,1500,1500,1500,1500,1500,1500,1500,1500,1500,1500,1500,1500,1500,1500,1500,1500,1500,1500,1500,1500,7.6,51.507041 -0.127822,8.2,14.5,358
2026-09-14,18:33:27.600,-0.06,-0.02,-0.09,,7.6,0.0,0,0,-60,0,100,10,0,9,25,-45,100,10,-1,8,-786,3,-1,0,-1,-1,-1,-1,0x0000000000000000,1500,1500,988,1500,1500,1500,1500,1500,1500,1500,1500,1500,1500,1500,1500,1500,1500,1500,1500,1500,1500,1500,1500,1500,1500,1500,1500,1500,1500,1500,1500,1500,7.6,51.507041 -0.127815,8.2,14.4,359
2026-09-14,18:33:27.800,-0.06,-0.03,-0.09,,7.6,0.0,0,0,-60,0,100,10,0,9,25,-45,100,10,-1,8,-790,3,-1,0,-1,-1,-1,-1,0x0000000000000000,1500,1500,988,1500,1500,1500,1500,1500,1500,1500,1500,1500,1500,1500,1500,1500,1500,1500,1500,1500,1500,1500,1500,1500,1500,1500,1500,1500,1500,1500,1500,1500,7.6,51.507041 -0.127807,8.1,14.3,359
2026-09-14,18:33:28.000,-0.07,-0.03,-0.09,,7.6,0.0,0,0,-60,0,100,10,0,9,25,-45,100,10,-1,8,-793,3,-1,0,-1,-1,-1,-1,0x0000000000000000,1500,1500,988,1500,1500,1500,1500,1500,1500,1500,1500,1500,1500,1500,1500,1500,1500,1500,1500,1500,1500,1500,1500,1500,1500,1500,1500,1500,1500,1500,1500,1500,7.6,51.507041 -0.127800,8.0,14.2,0
2026-09-14,18:33:28.200,-0.07,-0.04,-0.09,,7.6,0.0,0,0,-60,0,100,10,0,9,25,-45,100,10,-1,8,-795,3,-1,0,-1,-1,-1,-1,0x0000000000000000,1500,1500,988,1500,1500,1500,1500,1500,1500,1500,1500,1500,1500,1500,1500,1500,1500,1500,1500,1500,1500,1500,1500,1500,1500,1500,1500,1500,1500,1500,1500,1500,7.6,51.507041 -0.127793,7.9,14.0,1
2026-09-14,18:33:28.400,-0.08,-0.04,-0.09,,7.6,0.0,0,0,-60,0,100,10,0,9,25,-45,100,10,-1,8,-797,3,-1,0,-1,-1,-1,-1,0x0000000000000000,1500,1500,988,1500,1500,1500,1500,1500,1500,1500,1500,1500,1500,1500,1500,1500,1500,1500,1500,1500,1500,1500,1500,1500,1500,1500,1500,1500,1500,1500,1500,1500,7.6,51.507041 -0.127785,7.8,13.9,1
2026-09-14,18:33:28.600,-0.08,-0.04,-0.09,,7.6,0.0,0,0,-60,0,100,10,0,9,25,-45,100,10,-1,8,-799,3,-1,0,-1,-1,-1,-1,0x0000000000000000,1500,1500,988,1500,1500,1500,1500,1500,1500,1500,1500,1500,1500,1500,1500,1500,1500,1500,1500,1500,1500,1500,1500,1500,1500,1500,1500,1500,1500,1500,1500,1500,7.6,51.507041 -0.127778,7.8,13.8,2
2026-09-14,18:33:28.800,-0.08,-0.05,-0.09,,7.6,0.0,0,0,-60,0,100,10,0,9,25,-45,100,10,-1,8,-799,3,-1,0,-1,-1,-1,-1,0x0000000000000000,1500,1500,988,1500,1500,1500,1500,1500,1500,1500,1500,1500,1500,1500,1500,1500,1500,1500,1500,1500,1500,1500,1500,1500,1500,1500,1500,1500,1500,1500,1500,1500,7.6,51.507041 -0.127771,7.7,13.6,3
2026-09-14,18:33:29.000,-0.09,-0.05,-0.09,,7.6,0.0,0,0,-60,0,100,10,0,9,25,-45,100,10,-1,8,-800,3,-1,0,-1,-1,-1,-1,0x0000000000000000,1500,1500,988,1500,1500,1500,1500,1500,1500,1500,1500,1500,1500,1500,1500,1500,1500,1500,1500,1500,1500,1500,1500,1500,1500,1500,1500,1500,1500,1500,1500,1500,7.6,51.507041 -0.127764,7.6,13.5,4
2026-09-14,18:33:29.200,-0.09,-0.06,-0.09,,7.6,0.0,0,0,-60,0,100,10,0,9,25,-45,100,10,-1,8,-800,3,-1,0,-1,-1,-1,-1,0x0000000000000000,1500,1500,988,1500,1500,1500,1500,1500,1500,1500,1500,1500,1500,1500,1500,1500,1500,1500,1500,1500,1500,1500,1500,1500,1500,1500,1500,1500,1500,1500,1500,1500,7.6,51.507042 -0.127757,7.5,13.4,4
2026-09-14,18:33:29.400,-0.09,-0.06,-0.09,,7.6,0.0,0,0,-60,0,100,10,0,9,25,-45,100,10,-1,8,-799,3,-1,0,-1,-1,-1,-1,0x0000000000000000,1500,1500,988,1500,1500,1500,1500,1500,1500,1500,1500,1500,1500,1500,1500,1500,1500,1500,1500,1500,1500,1500,1500,1500,1500,1500,1500,1500,1500,1500,1500,1500,7.6,51.507042 -0.127749,7.5,13.2,5
2026-09-14,18:33:29.600,-0.09,-0.06,-0.09,,7.6,0.0,0,0,-60,0,100,10,0,9,25,-45,100,10,-1,8,-798,3,-1,0,-1,-1,-1,-1,0x0000000000000000,1500,1500,988,1500,1500,1500,1500,1500,1500,1500,1500,1500,1500,1500,1500,1500,1500,1500,1500,1500,1500,1500,1500,1500,1500,1500,1500,1500,1500,1500,1500,1500,7.6,51.507042 -0.127742,7.4,13.1,6
2026-09-14,18:33:29.800,-0.10,-0.07,-0.09,,7.6,0.0,0,0,-60,0,100,10,0,9,25,-45,100,10,-1,8,-797,3,-1,0,-1,-1,-1,-1,0x0000000000000000,1500,1500,988,1500,1500,1500,1500,1500,1500,1500,1500,1500,1500,1500,1500,1500,1500,1500,1500,1500,1500,1500,1500,1500,1500,1500,1500,1500,1500,1500,1500,1500,7.6,51.507043 -0.127735,7.3,12.9,6
2026-09-14,18:33:30.000,-0.10,-0.07,-0.09,,7.6,0.0,0,0,-60,0,100,10,0,9,25,-45,100,10,-1,8,-795,3,-1,0,-1,-1,-1,-1,0x0000000000000000,1500,1500,988,1500,1500,1500,1500,1500,1500,1500,1500,1500,1500,1500,1500,1500,1500,1500,1500,1500,1500,1500,1500,1500,1500,1500,1500,1500,1500,1500,1500,1500,7.6,51.507044 -0.127728,7.3,12.8,7
2026-09-14,18:33:30.200,-0.10,-0.08,-0.09,,7.6,0.0,0,0,-60,0,100,10,0,9,25,-45,100,10,-1,8,-792,3,-1,0,-1,-1,-1,-1,0x0000000000000000,1500,1500,988,1500,1500,1500,1500,1500,1500,1500,1500,1500,1500,1500,1500,1500,1500,1500,1500,1500,1500,1500,1500,1500,1500,1500,1500,1500,1500,1500,1500,1500,7.6,51.507044 -0.127720,7.2,12.6,8
2026-09-14,18:33:30.400,-0.11,-0.08,-0.09,,7.6,0.0,0,0,-60,0,100,10,0,9,25,-45,100,10,-1,8,-789,3,-1,0,-1,-1,-1,-1,0x0000000000000000,1500,1500,988,1500,1500,1500,1500,1500,1500,1500,1500,1500,1500,1500,1500,1500,1500,1500,1500,1500,1500,1500,1500,1500,1500,1500,1500,1500,1500,1500,1500,1500,7.6,51.507045 -0.127713,7.1,12.5,9
2026-09-14,18:33:30.600,-0.11,-0.08,-0.09,,7.6,0.0,0,0,-60,0,100,10,0,9,25,-45,100,10,-1,8,-786,3,-1,0,-1,-1,-1,-1,0x0000000000000000,1500,1500,988,1500,1500,1500,1500,1500,1500,1500,1500,1500,1500,1500,1500,1500,1500,1500,1500,1500,1500,1500,1500,1500,1500,1500,1500,1500,1500,1500,1500,1500,7.6,51.507045 -0.127706,7.0,12.3,9
2026-09-14,18:33:30.800,-0.11,-0.09,-0.10,,7.6,0.0,0,0,-60,0,100,10,0,9,25,-45,100,10,-1,8,-782,3,-1,0,-1,-1,-1,-1,0x0000000000000000,1500,1500,988,1500,1500,1500,1500,1500,1500,1500,1500,1500,1500,1500,1500,1500,1500,1500,1500,1500,1500,1500,1500,1500,1500,1500,1500,1500,1500,1500,1500,1500,7.6,51.507046 -0.127699,7.0,12.2,10
2026-09-14,18:33:31.000,-0.11,-0.09,-0.10,,7.6,0.0,0,0,-60,0,100,10,0,9,25,-45,100,10,-1,8,-777,3,-1,0,-1,-1,-1,-1,0x0000000000000000,1500,1500,988,1500,1500,1500,1500,1500,1500,1500,1500,1500,1500,1500,1500,1500,1500,1500,1500,1500,1500,1500,1500,1500,1500,1500,1500,1500,1500,1500,1500,1500,7.6,51.507047 -0.127692,6.9,12.0,11
2026-09-14,18:33:31.200,-0.12,-0.10,-0.10,,7.6,0.0,0,0,-60,0,100,10,0,9,25,-45,100,10,-1,8,-772,3,-1,0,-1,-1,-1,-1,0x0000000000000000,1500,1500,988,1500,1500,1500,1500,1500,1500,1500,1500,1500,1500,1500,1500,1500,1500,1500,1500,1500,1500,1500,1500,1500,1500,1500,1500,1500,1500,1500,1500,1500,7.6,51.507048 -0.127685,6.8,11.9,12
2026-09-14,18:33:31.400,-0.12,-0.10,-0.10,,7.6,0.0,0,0,-60,0,100,10,0,9,25,-45,100,10,-1,8,-767,3,-1,0,-1,-1,-1,-1,0x0000000000000000,1500,1500,988,1500,1500,1500,1500,1500,1500,1500,1500,1500,1500,1500,1500,1500,1500,1500,1500,1500,1500,1500,1500,1500,1500,1500,1500,1500,1500,1500,1500,1500,7.6,51.507049 -0.127678,6.8,11.7,12
2026-09-14,18:33:31.600,-0.12,-0.10,-0.10,,7.6,0.0,0,0,-59,0,100,10,0,9,25,-45,100,10,-1,8,-761,3,-1,0,-1,-1,-1,-1,0x0000000000000000,1500,1500,988,1500,1500,1500,1500,1500,1500,1500,1500,1500,1500,1500,1500,1500,1500,1500,1500,1500,1500,1500,1500,1500,1500,1500,1500,1500,1500,1500,1500,1500,7.6,51.507050 -0.127671,6.7,11.6,13
2026-09-14,18:33:31.800,-0.12,-0.11,-0.10,,7.6,0.0,0,0,-59,0,100,10,0,9,25,-45,100,10,-1,8,-754,3,-1,0,-1,-1,-1,-1,0x0000000000000000,1500,1500,988,1500,1500,1500,1500,1500,1500,1500,1500,1500,1500,1500,1500,1500,1500,1500,1500,1500,1500,1500,1500,1500,1500,1500,1500,1500,1500,1500,1500,1500,7.6,51.507051 -0.127663,6.6,11.4,14
2026-09-14,18:33:32.000,-0.13,-0.11,-0.10,,7.6,0.0,0,0,-59,0,100,10,0,9,25,-45,100,10,-1,8,-748,3,-1,0,-1,-1,-1,-1,0x0000000000000000,1500,1500,988,1500,1500,1500,1500,1500,1500,1500,1500,1500,1500,1500,1500,1500,1500,1500,1500,1500,1500,1500,1500,1500,1500,1500,1500,1500,1500,1500,1500,1500,7.6,51.507052 -0.127656,6.6,11.3,14
2026-09-14,18:33:32.200,-0.13,-0.11,-0.10,,7.6,0.0,0,0,-59,0,100,10,0,9,25,-45,100,10,-1,8,-740,3,-1,0,-1,-1,-1,-1,0x0000000000000000,1500,1500,988,1500,1500,1500,1500,1500,1500,1500,1500,1500,1500,1500,1500,1500,1500,1500,1500,1500,1500,1500,1500,1500,1500,1500,1500,1500,1500,1500,1500,1500,7.6,51.507053 -0.127649,6.5,11.1,15
2026-09-14,18:33:32.400,-0.13,-0.12,-0.10,,7.6,0.0,0,0,-59,0,100,10,0,9,25,-45,100,10,-1,8,-733,3,-1,0,-1,-1,-1,-1,0x0000000000000000,1500,1500,988,1500,1500,1500,1500,1500,1500,1500,1500,1500,1500,1500,1500,1500,1500,1500,1500,1500,1500,1500,1500,1500,1500,1500,1500,1500,1500,1500,1500,1500,7.6,51.507054 -0.127642,6.4,11.0,16
2026-09-14,18:33:32.600,-0.13,-0.12,-0.10,,7.6,0.0,0,0,-59,0,100,10,0,9,25,-45,100,10,-1,8,-724,3,-1,0,-1,-1,-1,-1,0x0000000000000000,1500,1500,988,1500,1500,1500,1500,1500,1500,1500,1500,1500,1500,1500,1500,1500,1500,1500,1500,1500,1500,1500,1500,1500,1500,1500,1500,1500,1500,1500,1500,1500,7.6,51.507056 -0.127635,6.4,10.8,17
2026-09-14,18:33:32.800,-0.13,-0.12,-0.10,,7.6,0.0,0,0,-59,0,100,10,0,9,25,-45,100,10,-1,8,-716,3,-1,0,-1,-1,-1,-1,0x0000000000000000,1500,1500,988,1500,1500,1500,1500,1500,1500,1500,1500,1500,1500,1500,1500,1500,1500,1500,1500,1500,1500,1500,1500,1500,1500,1500,1500,1500,1500,1500,1500,1500,7.6,51.507057 -0.127629,6.3,10.7,17
2026-09-14,18:33:33.000,-0.14,-0.13,-0.10,,7.6,0.0,0,0,-59,0,100,10,0,9,25,-45,100,10,-1,8,-707,3,-1,0,-1,-1,-1,-1,0x0000000000000000,1500,1500,988,1500,1500,1500,1500,1500,1500,1500,1500,1500,1500,1500,1500,1500,1500,1500,1500,1500,1500,1500,1500,1500,1500,1500,1500,1500,1500,1500,1500,1500,7.6,51.507058 -0.127622,6.2,10.5,18
2026-09-14,18:33:33.200,-0.14,-0.13,-0.10,,7.6,0.0,0,0,-59,0,100,10,0,9,25,-45,100,10,-1,8,-697,3,-1,0,-1,-1,-1,-1,0x0000000000000000,1500,1500,988,1500,1500,1500,1500,1500,1500,1500,1500,1500,1500,1500,1500,1500,1500,1500,1500,1500,1500,1500,1500,1500,1500,1500,1500,1500,1500,1500,1500,1500,7.6,51.507060 -0.127615,6.2,10.4,19
2026-09-14,18:33:33.400,-0.14,-0.13,-0.10,,7.6,0.0,0,0,-59,0,100,10,0,9,25,-45,100,10,-1,8,-687,3,-1,0,-1,-1,-1,-1,0x0000000000000000,1500,1500,988,1500,1500,1500,1500,1500,1500,1500,1500,1500,1500,1500,1500,1500,1500,1500,1500,1500,1500,1500,1500,1500,1500,1500,1500,1500,1500,1500,1500,1500,7.6,51.507061 -0.127608,6.1,10.3,19
2026-09-14,18:33:33.600,-0.14,-0.14,-0.10,,7.6,0.0,0,0,-59,0,100,10,0,9,25,-45,100,10,-1,8,-677,3,-1,0,-1,-1,-1,-1,0x0000000000000000,1500,1500,988,1500,1500,1500,1500,1500,1500,1500,1500,1500,1500,1500,1500,1500,1500,1500,1500,1500,1500,1500,1500,1500,1500,1500,1500,1500,1500,1500,1500,1500,7.6,51.507063 -0.127601,6.1,10.1,20
2026-09-14,18:33:33.800,-0.14,-0.14,-0.10,,7.6,0.0,0,0,-59,0,100,10,0,9,25,-45,100,10,-1,8,-666,3,-1,0,-1,-1,-1,-1,0x0000000000000000,1500,1500,988,1500,1500,1500,1500,1500,1500,1500,1500,1500,1500,1500,1500,1500,1500,1500,1500,1500,1500,1500,1500,1500,1500,1500,1500,1500,1500,1500,1500,1500,7.6,51.507064 -0.127594,6.0,10.0,21
2026-09-14,18:33:34.000,-0.14,-0.14,-0.10,,7.6,0.0,0,0,-59,0,100,10,0,9,25,-45,100,10,-1,8,-655,3,-1,0,-1,-1,-1,-1,0x0000000000000000,1500,1500,988,1500,1500,1500,1500,1500,1500,1500,1500,1500,1500,1500,1500,1500,1500,1500,1500,1500,1500,1500,1500,1500,1500,1500,1500,1500,1500,1500,1500,1500,7.6,51.507066 -0.127587,5.9,9.9,22
2026-09-14,18:33:34.200,-0.14,-0.15,-0.10,,7.6,0.0,0,0,-59,0,100,10,0,9,25,-45,100,10,-1,8,-644,3,-1,0,-1,-1,-1,-1,0x0000000000000000,1500,1500,988,1500,1500,1500,1500,1500,1500,1500,1500,1500,1500,1500,1500,1500,1500,1500,1500,1500,1500,1500,1500,1500,1500,1500,1500,1500,1500,1500,1500,1500,7.6,51.507068 -0.127581,5.9,9.7,22
2026-09-14,18:33:34.400,-0.15,-0.15,-0.10,,7.6,0.0,0,0,-58,0,100,10,0,9,25,-45,100,10,-1,8,-632,3,-1,0,-1,-1,-1,-1,0x0000000000000000,1500,1500,988,1500,1500,1500,1500,1500,1500,1500,1500,1500,1500,1500,1500,1500,1500,1500,1500,1500,1500,1500,1500,1500,1500,1500,1500,1500,1500,1500,1500,1500,7.6,51.507069 -0.127574,5.8,9.6,23
2026-09-14,18:33:34.600,-0.15,-0.15,-0.10,,7.6,0.0,0,0,-58,0,100,10,0,9,25,-45,100,10,-1,8,-619,3,-1,0,-1,-1,-1,-1,0x0000000000000000,1500,1500,988,1500,1500,1500,1500,1500,1500,1500,1500,1500,1500,1500,1500,1500,1500,1500,1500,1500,1500,1500,1500,1500,1500,1500,1500,1500,1500,1500,1500,1500,7.6,51.507071 -0.127567,5.8,9.5,24
2026-09-14,18:33:34.800,-0.15,-0.15,-0.10,,7.6,0.0,0,0,-58,0,100,10,0,9,25,-45,100,10,-1,8,-607,3,-1,0,-1,-1,-1,-1,0x0000000000000000,1500,1500,988,1500,1500,1500,1500,1500,1500,1500,1500,1500,1500,1500,1500,1500,1500,1500,1500,1500,1500,1500,1500,1500,1500,1500,1500,1500,1500,1500,1500,1500,7.6,51.507073 -0.127561,5.7,9.4,24
2026-09-14,18:33:35.000,-0.15,-0.16,-0.10,,7.6,0.0,0,0,-58,0,100,10,0,9,25,-45,100,10,-1,8,-594,3,-1,0,-1,-1,-1,-1,0x0000000000000000,1500,1500,988,1500,1500,1500,1500,1500,1500,1500,1500,1500,1500,1500,1500,1500,1500,1500,1500,1500,1500,1500,1500,1500,1500,1500,1500,1500,1500,1500,1500,1500,7.6,51.507075 -0.127554,5.7,9.3,25
2026-09-14,18:33:35.200,-0.15,-0.16,-0.10,,7.6,0.0,0,0,-58,0,100,10,0,9,25,-45,100,10,-1,8,-581,3,-1,0,-1,-1,-1,-1,0x0000000000000000,1500,1500,988,1500,1500,1500,1500,1500,1500,1500,1500,1500,1500,1500,1500,1500,1500,1500,1500,1500,1500,1500,1500,1500,1500,1500,1500,1500,1500,1500,1500,1500,7.6,51.507077 -0.127548,5.6,9.2,26
2026-09-14,18:33:35.400,-0.15,-0.16,-0.10,,7.6,0.0,0,0,-58,0,100,10,0,9,25,-45,100,10,-1,8,-567,3,-1,0,-1,-1,-1,-1,0x0000000000000000,1500,1500,988,1500,1500,1500,1500,1500,1500,1500,1500,1500,1500,1500,1500,1500,1500,1500,1500,1500,1500,1500,1500,1500,1500,1500,1500,1500,1500,1500,1500,1500,7.6,51.507079 -0.127541,5.6,9.1,27
2026-09-14,18:33:35.600,-0.15,-0.16,-0.10,,7.6,0.0,0,0,-58,0,100,10,0,9,25,-45,100,10,-1,8,-553,3,-1,0,-1,-1,-1,-1,0x0000000000000000,1500,1500,988,1500,1500,1500,1500,1500,1500,1500,1500,1500,1500,1500,1500,1500,1500,1500,1500,1500,1500,1500,1500,1500,1500,1500,1500,1500,1500,1500,1500,1500,7.6,51.507081 -0.127535,5.6,9.0,27
2026-09-14,18:33:35.800,-0.15,-0.17,-0.10,,7.6,0.0,0,0,-58,0,100,10,0,9,25,-45,100,10,-1,8,-539,3,-1,0,-1,-1,-1,-1,0x0000000000000000,1500,1500,988,1500,1500,1500,1500,1500,1500,1500,1500,1500,1500,1500,1500,1500,1500,1500,1500,1500,1500,1500,1500,1500,1500,1500,1500,1500,1500,1500,1500,1500,7.6,51.507083 -0.127528,5.5,8.9,28
2026-09-14,18:33:36.000,-0.15,-0.17,-0.10,,7.6,0.0,0,0,-58,0,100,10,0,9,25,-45,100,10,-1,8,-525,3,-1,0,-1,-1,-1,-1,0x0000000000000000,1500,1500,988,1500,1500,1500,1500,1500,1500,1500,1500,1500,1500,1500,1500,1500,1500,1500,1500,1500,1500,1500,1500,1500,1500,1500,1500,1500,1500,1500,1500,1500,7.6,51.507085 -0.127522,5.5,8.8,29
2026-09-14,18:33:36.200,-0.15,-0.17,-0.10,,7.6,0.0,0,0,-57,0,100,10,0,9,25,-45,100,10,-1,8,-510,3,-1,0,-1,-1,-1,-1,0x0000000000000000,1500,1500,988,1500,1500,1500,1500,1500,1500,1500,1500,1500,1500,1500,1500,1500,1500,1500,1500,1500,1500,1500,1500,1500,1500,1500,1500,1500,1500,1500,1500,1500,7.6,51.507087 -0.127516,5.4,8.7,30
2026-09-14,18:33:36.400,-0.15,-0.17,-0.10,,7.6,0.0,0,0,-57,0,100,10,0,9,25,-45,100,10,-1,8,-495,3,-1,0,-1,-1,-1,-1,0x0000000000000000,1500,1500,988,1500,1500,1500,1500,1500,1500,1500,1500,1500,1500,1500,1500,1500,1500,1500,1500,1500,1500,1500,1500,1500,1500,1500,1500,1500,1500,1500,1500,1500,7.6,51.507090 -0.127509,5.4,8.6,30
2026-09-14,18:33:36.600,-0.15,-0.18,-0.10,,7.6,0.0,0,0,-57,0,100,10,0,9,25,-45,100,10,-1,8,-480,3,-1,0,-1,-1,-1,-1,0x0000000000000000,1500,1500,988,1500,1500,1500,1500,1500,1500,1500,1500,1500,1500,1500,1500,1500,1500,1500,1500,1500,1500,1500,1500,1500,1500,1500,1500,1500,1500,1500,1500,1500,7.6,51.507092 -0.127503,5.4,8.5,31
2026-09-14,18:33:36.800,-0.15,-0.18,-0.10,,7.6,0.0,0,0,-57,0,100,10,0,9,25,-45,100,10,-1,8,-464,3,-1,0,-1,-1,-1,-1,0x0000000000000000,1500,1500,988,1500,1500,1500,1500,1500,1500,1500,1500,1500,1500,1500,1500,1500,1500,1500,1500,1500,1500,1500,1500,1500,1500,1500,1500,1500,1500,1500,1500,1500,7.6,51.507094 -0.127497,5.3,8.5,32
2026-09-14,18:33:37.000,-0.15,-0.18,-0.10,,7.6,0.0,0,0,-57,0,100,10,0,9,25,-45,100,10,-1,8,-449,3,-1,0,-1,-1,-1,-1,0x0000000000000000,1500,1500,988,1500,1500,1500,1500,1500,1500,1500,1500,1500,1500,1500,1500,1500,1500,1500,1500,1500,1500,1500,1500,1500,1500,1500,1500,1500,1500,1500,1500,1500,7.6,51.507097 -0.127491,5.3,8.4,32
2026-09-14,18:33:37.200,-0.15,-0.18,-0.10,,7.6,0.0,0,0,-57,0,100,10,0,9,25,-45,100,10,-1,8,-433,3,-1,0,-1,-1,-1,-1,0x0000000000000000,1500,1500,988,1500,1500,1500,1500,1500,1500,1500,1500,1500,1500,1500,1500,1500,1500,1500,1500,1500,1500,1500,1500,1500,1500,1500,1500,1500,1500,1500,1500,1500,7.6,51.507099 -0.127485,5.3,8.3,33
2026-09-14,18:33:37.400,-0.15,-0.18,-0.10,,7.6,0.0,0,0,-57,0,100,10,0,9,25,-45,100,10,-1,8,-417,3,-1,0,-1,-1,-1,-1,0x0000000000000000,1500,1500,988,1500,1500,1500,1500,1500,1500,1500,1500,1500,1500,1500,1500,1500,1500,1500,1500,1500,1500,1500,1500,1500,1500,1500,1500,1500,1500,1500,1500,1500,7.6,51.507102 -0.127479,5.2,8.3,34
2026-09-14,18:33:37.600,-0.15,-0.19,-0.10,,7.6,0.0,0,0,-56,0,100,10,0,9,25,-45,100,10,-1,8,-400,3,-1,0,-1,-1,-1,-1,0x0000000000000000,1500,1500,988,1500,1500,1500,1500,1500,1500,1500,1500,1500,1500,1500,1500,1500,1500,1500,1500,1500,1500,1500,1500,1500,1500,1500,1500,1500,1500,1500,1500,1500,7.6,51.507104 -0.127473,5.2,8.2,35
2026-09-14,18:33:37.800,-0.15,-0.19,-0.10,,7.6,0.0,0,0,-56,0,100,10,0,9,25,-45,100,10,-1,8,-384,3,-1,0,-1,-1,-1,-1,0x0000000000000000,1500,1500,988,1500,1500,1500,1500,1500,1500,1500,1500,1500,1500,1500,1500,1500,1500,1500,1500,1500,1500,1500,1500,1500,1500,1500,1500,1500,1500,1500,1500,1500,7.6,51.507107 -0.127467,5.2,8.2,35
2026-09-14,18:33:38.000,-0.15,-0.19,-0.10,,7.6,0.0,0,0,-56,0,100,10,0,9,25,-45,100,10,-1,8,-367,3,-1,0,-1,-1,-1,-1,0x0000000000000000,1500,1500,988,1500,1500,1500,1500,1500,1500,1500,1500,1500,1500,1500,1500,1500,1500,1500,1500,1500,1500,1500,1500,1500,1500,1500,1500,1500,1500,1500,1500,1500,7.6,51.507109 -0.127461,5.1,8.1,36
2026-09-14,18:33:38.200,-0.15,-0.19,-0.10,,7.6,0.0,0,0,-56,0,100,10,0,9,25,-45,100,10,-1,8,-351,3,-1,0,-1,-1,-1,-1,0x0000000000000000,1500,1500,988,1500,1500,1500,1500,1500,1500,1500,1500,1500,1500,1500,1500,1500,1500,1500,1500,1500,1500,1500,1500,1500,1500,1500,1500,1500,1500,1500,1500,1500,7.6,51.507112 -0.127455,5.1,8.1,37
2026-09-14,18:33:38.400,-0.14,-0.19,-0.10,,7.6,0.0,0,0,-56,0,100,10,0,9,25,-45,100,10,-1,8,-334,3,-1,0,-1,-1,-1,-1,0x0000000000000000,1500,1500,988,1500,1500,1500,1500,1500,1500,1500,1500,1500,1500,1500,1500,1500,1500,1500,1500,1500,1500,1500,1500,1500,1500,1500,1500,1500,1500,1500,1500,1500,7.6,51.507115 -0.127449,5.1,8.1,37
2026-09-14,18:33:38.600,-0.14,-0.19,-0.10,,7.6,0.0,0,0,-56,0,100,10,0,9,25,-45,100,10,-1,8,-317,3,-1,0,-1,-1,-1,-1,0x0000000000000000,1500,1500,988,1500,1500,1500,1500,1500,1500,1500,1500,1500,1500,1500,1500,1500,1500,1500,1500,1500,1500,1500,1500,1500,1500,1500,1500,1500,1500,1500,1500,1500,7.6,51.507117 -0.127443,5.1,8.0,38
2026-09-14,18:33:38.800,-0.14,-0.19,-0.10,,7.6,0.0,0,0,-56,0,100,10,0,9,25,-45,100,10,-1,8,-300,3,-1,0,-1,-1,-1,-1,0x0000000000000000,1500,1500,988,1500,1500,1500,1500,1500,1500,1500,1500,1500,1500,1500,1500,1500,1500,1500,1500,1500,1500,1500,1500,1500,1500,1500,1500,1500,1500,1500,1500,1500,7.6,51.507120 -0.127438,5.1,8.0,39
2026-09-14,18:33:39.000,-0.14,-0.19,-0.10,,7.6,0.0,0,0,-55,0,100,10,0,9,25,-45,100,10,-1,8,-283,3,-1,0,-1,-1,-1,-1,0x0000000000000000,1500,1500,988,1500,1500,1500,1500,1500,1500,1500,1500,1500,1500,1500,1500,1500,1500,1500,1500,1500,1500,1500,1500,1500,1500,1500,1500,1500,1500,1500,1500,1500,7.6,51.507123 -0.127432,5.1,8.0,40
2026-09-14,18:33:39.200,-0.14,-0.20,-0.10,,7.6,0.0,0,0,-55,0,100,10,0,9,25,-45,100,10,-1,8,-265,3,-1,0,-1,-1,-1,-1,0x0000000000000000,1500,1500,988,1500,1500,1500,1500,1500,1500,1500,1500,1500,1500,1500,1500,1500,1500,1500,1500,1500,1500,1500,1500,1500,1500,1500,1500,1500,1500,1500,1500,1500,7.6,51.507126 -0.127426,5.0,8.0,40
2026-09-14,18:33:39.400,-0.14,-0.20,-0.10,,7.6,0.0,0,0,-55,0,100,10,0,9,25,-45,100,10,-1,8,-248,3,-1,0,-1,-1,-1,-1,0x0000000000000000,1500,1500,988,1500,1500,1500,1500,1500,1500,1500,1500,1500,1500,1500,1500,1500,1500,1500,1500,1500,1500,1500,1500,1500,1500,1500,1500,1500,1500,1500,1500,1500,7.6,51.507129 -0.127421,5.0,8.0,41
2026-09-14,18:33:39.600,-0.14,-0.20,-0.10,,7.6,0.0,0,0,-55,0,100,10,0,9,25,-45,100,10,-1,8,-231,3,-1,0,-1,-1,-1,-1,0x0000000000000000,1500,1500,988,1500,1500,1500,1500,1500,1500,1500,1500,1500,1500,1500,1500,1500,1500,1500,1500,1500,1500,1500,1500,1500,1500,1500,1500,1500,1500,1500,1500,1500,7.6,51.507132 -0.127416,5.0,8.0,42
2026-09-14,18:33:39.800,-0.13,-0.20,-0.10,,7.6,0.0,0,0,-55,0,100,10,0,9,25,-45,100,10,-1,8,-214,3,-1,0,-1,-1,-1,-1,0x0000000000000000,1500,1500,988,1500,1500,1500,1500,1500,1500,1500,1500,1500,1500,1500,1500,1500,1500,1500,1500,1500,1500,1500,1500,1500,1500,1500,1500,1500,1500,1500,1500,1500,7.6,51.507135 -0.127410,5.0,8.0,42
2026-09-14,18:33:40.000,-0.13,-0.20,-0.10,,7.6,0.0,0,0,-55,0,100,10,0,9,25,-45,100,10,-1,8,-196,3,-1,0,-1,-1,-1,-1,0x0000000000000000,1500,1500,988,1500,1500,1500,1500,1500,1500,1500,1500,1500,1500,1500,1500,1500,1500,1500,1500,1500,1500,1500,1500,1500,1500,1500,1500,1500,1500,1500,1500,1500,7.6,51.507138 -0.127405,5.0,8.0,43
2026-09-14,18:33:40.200,-0.13,-0.20,-0.10,,7.6,0.0,0,0,-54,0,100,10,0,9,25,-45,100,10,-1,8,-179,3,-1,0,-1,-1,-1,-1,0x0000000000000000,1500,1500,988,1500,1500,1500,1500,1500,1500,1500,1500,1500,1500,1500,1500,1500,1500,1500,1500,1500,1500,1500,1500,1500,1500,1500,1500,1500,1500,1500,1500,1500,7.6,51.507141 -0.127400,5.0,8.0,44
2026-09-14,18:33:40.400,-0.13,-0.20,-0.10,,7.6,0.0,0,0,-54,0,100,10,0,9,25,-45,100,10,-1,8,-162,3,-1,0,-1,-1,-1,-1,0x0000000000000000,1500,1500,988,1500,1500,1500,1500,1500,1500,1500,1500,1500,1500,1500,1500,1500,1500,1500,1500,1500,1500,1500,1500,1500,1500,1500,1500,1500,1500,1500,1500,1500,7.6,51.507144 -0.127394,5.0,8.1,45
2026-09-14,18:33:40.600,-0.13,-0.20,-0.10,,7.6,0.0,0,0,-54,0,100,10,0,9,25,-45,100,10,-1,8,-144,3,-1,0,-1,-1,-1,-1,0x0000000000000000,1500,1500,988,1500,1500,1500,1500,1500,1500,1500,1500,1500,1500,1500,1500,1500,1500,1500,1500,1500,1500,1500,1500,1500,1500,1500,1500,1500,1500,1500,1500,1500,7.6,51.507148 -0.127389,5.0,8.1,45
2026-09-14,18:33:40.800,-0.12,-0.20,-0.10,,7.6,0.0,0,0,-54,0,100,10,0,9,25,-45,100,10,-1,8,-127,3,-1,0,-1,-1,-1,-1,0x0000000000000000,1500,1500,988,1500,1500,1500,1500,1500,1500,1500,1500,1500,1500,1500,1500,1500,1500,1500,1500,1500,1500,1500,1500,1500,1500,1500,1500,1500,1500,1500,1500,1500,7.6,51.507151 -0.127384,5.0,8.1,46
2026-09-14,18:33:41.000,-0.12,-0.20,-0.10,,7.6,0.0,0,0,-54,0,100,10,0,9,25,-45,100,10,-1,8,-110,3,-1,0,-1,-1,-1,-1,0x0000000000000000,1500,1500,988,1500,1500,1500,1500,1500,1500,1500,1500,1500,1500,1500,1500,1500,1500,1500,1500,1500,1500,1500,1500,1500,1500,1500,1500,1500,1500,1500,1500,1500,7.6,51.507154 -0.127379,5.0,8.2,47
2026-09-14,18:33:41.200,-0.12,-0.20,-0.10,,7.6,0.0,0,0,-54,0,100,10,0,9,25,-45,100,10,-1,8,-93,3,-1,0,-1,-1,-1,-1,0x0000000000000000,1500,1500,988,1500,1500,1500,1500,1500,1500,1500,1500,1500,1500,1500,1500,1500,1500,1500,1500,1500,1500,1500,1500,1500,1500,1500,1500,1500,1500,1500,1500,1500,7.6,51.507157 -0.127374,5.0,8.2,48
2026-09-14,18:33:41.400,-0.12,-0.20,-0.10,,7.6,0.0,0,0,-53,0,100,10,0,9,25,-45,100,10,-1,8,-76,3,-1,0,-1,-1,-1,-1,0x0000000000000000,1500,1500,988,1500,1500,1500,1500,1500,1500,1500,1500,1500,1500,1500,1500,1500,1500,1500,1500,1500,1500,1500,1500,1500,1500,1500,1500,1500,1500,1500,1500,1500,7.6,51.507161 -0.127369,5.0,8.3,48
2026-09-14,18:33:41.600,-0.12,-0.20,-0.10,,7.6,0.0,0,0,-53,0,100,10,0,9,25,-45,100,10,-1,8,-59,3,-1,0,-1,-1,-1,-1,0x0000000000000000,1500,1500,988,1500,1500,1500,1500,1500,1500,1500,1500,1500,1500,1500,1500,1500,1500,1500,1500,1500,1500,1500,1500,1500,1500,1500,1500,1500,1500,1500,1500,1500,7.6,51.507164 -0.127365,5.0,8.4,49
2026-09-14,18:33:41.800,-0.11,-0.20,-0.10,,7.6,0.0,0,0,-53,0,100,10,0,9,25,-45,100,10,-1,8,-42,3,-1,0,-1,-1,-1,-1,0x0000000000000000,1500,1500,988,1500,1500,1500,1500,1500,1500,1500,1500,1500,1500,1500,1500,1500,1500,1500,1500,1500,1500,1500,1500,1500,1500,1500,1500,1500,1500,1500,1500,1500,7.6,51.507167 -0.127360,5.0,8.4,50
2026-09-14,18:33:42.000,-0.11,-0.20,-0.09,,7.6,0.0,0,0,-53,0,100,10,0,9,25,-45,100,10,-1,8,-25,3,-1,0,-1,-1,-1,-1,0x0000000000000000,1500,1500,988,1500,1500,1500,1500,1500,1500,1500,1500,1500,1500,1500,1500,1500,1500,1500,1500,1500,1500,1500,1500,1500,1500,1500,1500,1500,1500,1500,1500,1500,7.6,51.507171 -0.127355,5.1,8.5,50
2026-09-14,18:33:42.200,-0.11,-0.20,-0.09,,7.6,0.0,0,0,-53,0,100,10,0,9,25,-45,100,10,-1,8,-9,3,-1,0,-1,-1,-1,-1,0x0000000000000000,1500,1500,988,1500,1500,1500,1500,1500,1500,1500,1500,1500,1500,1500,1500,1500,1500,1500,1500,1500,1500,1500,1500,1500,1500,1500,1500,1500,1500,1500,1500,1500,7.6,51.507174 -0.127351,5.1,8.6,51
2026-09-14,18:33:42.400,-0.10,-0.20,-0.09,,7.6,0.0,0,0,-52,0,100,10,0,9,25,-45,100,10,-1,8,7,3,-1,0,-1,-1,-1,-1,0x0000000000000000,1500,1500,988,1500,1500,1500,1500,1500,1500,1500,1500,1500,1500,1500,1500,1500,1500,1500,1500,1500,1500,1500,1500,1500,1500,1500,1500,1500,1500,1500,1500,1500,7.6,51.507178 -0.127346,5.1,8.6,52
2026-09-14,18:33:42.600,-0.10,-0.20,-0.09,,7.6,0.0,0,0,-52,0,100,10,0,9,25,-45,100,10,-1,8,24,3,-1,0,-1,-1,-1,-1,0x0000000000000000,1500,1500,988,1500,1500,1500,1500,1500,1500,1500,1500,1500,1500,1500,1500,1500,1500,1500,1500,1500,1500,1500,1500,1500,1500,1500,1500,1500,1500,1500,1500,1500,7.6,51.507182 -0.127342,5.1,8.7,53
2026-09-14,18:33:42.800,-0.10,-0.20,-0.09,,7.6,0.0,0,0,-52,0,100,10,0,9,25,-45,100,10,-1,8,40,3,-1,0,-1,-1,-1,-1,0x0000000000000000,1500,1500,988,1500,1500,1500,1500,1500,1500,1500,1500,1500,1500,1500,1500,1500,1500,1500,1500,1500,1500,1500,1500,1500,1500,1500,1500,1500,1500,1500,1500,1500,7.6,51.507185 -0.127337,5.1,8.8,53
2026-09-14,18:33:43.000,-0.10,-0.20,-0.09,,7.6,0.0,0,0,-52,0,100,10,0,9,25,-45,100,10,-1,8,55,3,-1,0,-1,-1,-1,-1,0x0000000000000000,1500,1500,988,1500,1500,1500,1500,1500,1500,1500,1500,1500,1500,1500,1500,1500,1500,1500,1500,1500,1500,1500,1500,1500,1500,1500,1500,1500,1500,1500,1500,1500,7.6,51.507189 -0.127333,5.1,8.9,54
2026-09-14,18:33:43.200,-0.09,-0.20,-0.09,,7.6,0.0,0,0,-52,0,100,10,0,9,25,-45,100,10,-1,8,71,3,-1,0,-1,-1,-1,-1,0x0000000000000000,1500,1500,988,1500,1500,1500,1500,1500,1500,1500,1500,1500,1500,1500,1500,1500,1500,1500,1500,1500,1500,1500,1500,1500,1500,1500,1500,1500,1500,1500,1500,1500,7.6,51.507192 -0.127329,5.2,9.0,55
2026-09-14,18:33:43.400,-0.09,-0.19,-0.09,,7.6,0.0,0,0,-51,0,100,10,0,9,25,-45,100,10,-1,8,86,3,-1,0,-1,-1,-1,-1,0x0000000000000000,1500,1500,988,1500,1500,1500,1500,1500,1500,1500,1500,1500,1500,1500,1500,1500,1500,1500,1500,1500,1500,1500,1500,1500,1500,1500,1500,1500,1500,1500,1500,1500,7.6,51.507196 -0.127325,5.2,9.1,55
2026-09-14,18:33:43.600,-0.09,-0.19,-0.09,,7.6,0.0,0,0,-51,0,100,10,0,9,25,-45,100,10,-1,8,102,3,-1,0,-1,-1,-1,-1,0x0000000000000000,1500,1500,988,1500,1500,1500,1500,1500,1500,1500,1500,1500,1500,1500,1500,1500,1500,1500,1500,1500,1500,1500,1500,1500,1500,1500,1500,1500,1500,1500,1500,1500,7.6,51.507200 -0.127320,5.2,9.2,56
2026-09-14,18:33:43.800,-0.08,-0.19,-0.09,,7.6,0.0,0,0,-51,0,100,10,0,9,25,-45,100,10,-1,8,116,3,-1,0,-1,-1,-1,-1,0x0000000000000000,1500,1500,988,1500,1500,1500,1500,1500,1500,1500,1500,1500,1500,1500,1500,1500,1500,1500,1500,1500,1500,1500,1500,1500,1500,1500,1500,1500,1500,1500,1500,1500,7.6,51.507204 -0.127316,5.3,9.3,57
2026-09-14,18:33:44.000,-0.08,-0.19,-0.09,,7.6,0.0,0,0,-51,0,100,10,0,9,25,-45,100,10,-1,8,131,3,-1,0,-1,-1,-1,-1,0x0000000000000000,1500,1500,988,1500,1500,1500,1500,1500,1500,1500,1500,1500,1500,1500,1500,1500,1500,1500,1500,1500,1500,1500,1500,1500,1500,1500,1500,1500,1500,1500,1500,1500,7.6,51.507207 -0.127313,5.3,9.4,58
2026-09-14,18:33:44.200,-0.08,-0.19,-0.09,,7.6,0.0,0,0,-51,0,100,10,0,9,25,-45,100,10,-1,8,145,3,-1,0,-1,-1,-1,-1,0x0000000000000000,1500,1500,988,1500,1500,1500,1500,1500,1500,1500,1500,1500,1500,1500,1500,1500,1500,1500,1500,1500,1500,1500,1500,1500,1500,1500,1500,1500,1500,1500,1500,1500,7.6,51.507211 -0.127309,5.3,9.6,58
2026-09-14,18:33:44.400,-0.07,-0.19,-0.09,,7.6,0.0,0,0,-50,0,100,10,0,9,25,-45,100,10,-1,8,159,3,-1,0,-1,-1,-1,-1,0x0000000000000000,1500,1500,988,1500,1500,1500,1500,1500,1500,1500,1500,1500,1500,1500,1500,1500,1500,1500,1500,1500,1500,1500,1500,1500,1500,1500,1500,1500,1500,1500,1500,1500,7.6,51.507215 -0.127305,5.4,9.7,59
2026-09-14,18:33:44.600,-0.07,-0.19,-0.09,,7.6,0.0,0,0,-50,0,100,10,0,9,25,-45,100,10,-1,8,173,3,-1,0,-1,-1,-1,-1,0x0000000000000000,1500,1500,988,1500,1500,1500,1500,1500,1500,1500,1500,1500,1500,1500,1500,1500,1500,1500,1500,1500,1500,1500,1500,1500,1500,1500,1500,1500,1500,1500,1500,1500,7.6,51.507219 -0.127301,5.4,9.8,60
2026-09-14,18:33:44.800,-0.07,-0.19,-0.09,,7.6,0.0,0,0,-50,0,100,10,0,9,25,-45,100,10,-1,8,187,3,-1,0,-1,-1,-1,-1,0x0000000000000000,1500,1500,988,1500,1500,1500,1500,1500,1500,1500,1500,1500,1500,1500,1500,1500,1500,1500,1500,1500,1500,1500,1500,1500,1500,1500,1500,1500,1500,1500,1500,1500,7.6,51.507223 -0.127298,5.4,9.9,60
2026-09-14,18:33:45.000,-0.06,-0.18,-0.09,,7.6,0.0,0,0,-50,0,100,10,0,9,25,-45,100,10,-1,8,200,3,-1,0,-1,-1,-1,-1,0x0000000000000000,1500,1500,988,1500,1500,1500,1500,1500,1500,1500,1500,1500,1500,1500,1500,1500,1500,1500,1500,1500,1500,1500,1500,1500,1500,1500,1500,1500,1500,1500,1500,1500,7.6,51.507227 -0.127294,5.5,10.1,61
2026-09-14,18:33:45.200,-0.06,-0.18,-0.09,,7.6,0.0,0,0,-49,0,100,10,0,9,25,-45,100,10,-1,8,212,3,-1,0,-1,-1,-1,-1,0x0000000000000000,1500,1500,988,1500,1500,1500,1500,1500,1500,1500,1500,1500,1500,1500,1500,1500,1500,1500,1500,1500,1500,1500,1500,1500,1500,1500,1500,1500,1500,1500,1500,1500,7.6,51.507231 -0.127291,5.5,10.2,62
2026-09-14,18:33:45.400,-0.05,-0.18,-0.09,,7.6,0.0,0,0,-49,0,100,10,0,9,25,-45,100,10,-1,8,225,3,-1,0,-1,-1,-1,-1,0x0000000000000000,1500,1500,988,1500,1500,1500,1500,1500,1500,1500,1500,1500,1500,1500,1500,1500,1500,1500,1500,1500,1500,1500,1500,1500,1500,1500,1500,1500,1500,1500,1500,1500,7.6,51.507235 -0.127287,5.6,10.3,63
2026-09-14,18:33:45.600,-0.05,-0.18,-0.09,,7.6,0.0,0,0,-49,0,100,10,0,9,25,-45,100,10,-1,8,237,3,-1,0,-1,-1,-1,-1,0x0000000000000000,1500,1500,988,1500,1500,1500,1500,1500,1500,1500,1500,1500,1500,1500,1500,1500,1500,1500,1500,1500,1500,1500,1500,1500,1500,1500,1500,1500,1500,1500,1500,1500,7.6,51.507239 -0.127284,5.6,10.5,63
2026-09-14,18:33:45.800,-0.05,-0.18,-0.09,,7.6,0.0,0,0,-49,0,100,10,0,9,25,-45,100,10,-1,8,249,3,-1,0,-1,-1,-1,-1,0x0000000000000000,1500,1500,988,1500,1500,1500,1500,1500,1500,1500,1500,1500,1500,1500,1500,1500,1500,1500,1500,1500,1500,1500,1500,1500,1500,1500,1500,1500,1500,1500,1500,1500,7.6,51.507243 -0.127281,5.6,10.6,64
2026-09-14,18:33:46.000,-0.04,-0.17,-0.09,,7.6,0.0,0,0,-49,0,100,10,0,9,25,-45,100,10,-1,8,260,3,-1,0,-1,-1,-1,-1,0x0000000000000000,1500,1500,988,1500,1500,1500,1500,1500,1500,1500,1500,1500,1500,1500,1500,1500,1500,1500,1500,1500,1500,1500,1500,1500,1500,1500,1500,1500,1500,1500,1500,1500,7.6,51.507247 -0.127278,5.7,10.7,65
2026-09-14,18:33:46.200,-0.04,-0.17,-0.08,,7.6,0.0,0,0,-48,0,100,10,0,9,25,-45,100,10,-1,8,271,3,-1,0,-1,-1,-1,-1,0x0000000000000000,1500,1500,988,1500,1500,1500,1500,1500,1500,1500,1500,1500,1500,1500,1500,1500,1500,1500,1500,1500,1500,1500,1500,1500,1500,1500,1500,1500,1500,1500,1500,1500,7.6,51.507251 -0.127275,5.7,10.9,66
2026-09-14,18:33:46.400,-0.04,-0.17,-0.08,,7.6,0.0,0,0,-48,0,100,10,0,9,25,-45,100,10,-1,8,281,3,-1,0,-1,-1,-1,-1,0x0000000000000000,1500,1500,988,1500,1500,1500,1500,1500,1500,1500,1500,1500,1500,1500,1500,1500,1500,1500,1500,1500,1500,1500,1500,1500,1500,1500,1500,1500,1500,1500,1500,1500,7.6,51.507255 -0.127272,5.8,11.0,66
2026-09-14,18:33:46.600,-0.03,-0.17,-0.08,,7.6,0.0,0,0,-48,0,100,10,0,9,25,-45,100,10,-1,8,292,3,-1,0,-1,-1,-1,-1,0x0000000000000000,1500,1500,988,1500,1500,1500,1500,1500,1500,1500,1500,1500,1500,1500,1500,1500,1500,1500,1500,1500,1500,1500,1500,1500,1500,1500,1500,1500,1500,1500,1500,1500,7.6,51.507259 -0.127269,5.8,11.2,67
2026-09-14,18:33:46.800,-0.03,-0.17,-0.08,,7.6,0.0,0,0,-48,0,100,10,0,9,25,-45,100,10,-1,8,301,3,-1,0,-1,-1,-1,-1,0x0000000000000000,1500,1500,988,1500,1500,1500,1500,1500,1500,1500,1500,1500,1500,1500,1500,1500,1500,1500,1500,1500,1500,1500,1500,1500,1500,1500,1500,1500,1500,1500,1500,1500,7.6,51.507264 -0.127266,5.9,11.3,68
2026-09-14,18:33:47.000,-0.02,-0.16,-0.08,,7.6,0.0,0,0,-47,0,100,10,0,9,25,-45,100,10,-1,8,311,3,-1,0,-1,-1,-1,-1,0x0000000000000000,1500,1500,988,1500,1500,1500,1500,1500,1500,1500,1500,1500,1500,1500,1500,1500,1500,1500,1500,1500,1500,1500,1500,1500,1500,1500,1500,1500,1500,1500,1500,1500,7.6,51.507268 -0.127263,5.9,11.5,68
2026-09-14,18:33:47.200,-0.02,-0.16,-0.08,,7.6,0.0,0,0,-47,0,100,10,0,9,25,-45,100,10,-1,8,319,3,-1,0,-1,-1,-1,-1,0x0000000000000000,1500,1500,988,1500,1500,1500,1500,1500,1500,1500,1500,1500,1500,1500,1500,1500,1500,1500,1500,1500,1500,1500,1500,1500,1500,1500,1500,1500,1500,1500,1500,1500,7.6,51.507272 -0.127261,6.0,11.6,69
2026-09-14,18:33:47.400,-0.02,-0.16,-0.08,,7.6,0.0,0,0,-47,0,100,10,0,9,25,-45,100,10,-1,8,328,3,-1,0,-1,-1,-1,-1,0x0000000000000000,1500,1500,988,1500,1500,1500,1500,1500,1500,1500,1500,1500,1500,1500,1500,1500,1500,1500,1500,1500,1500,1500,1500,1500,1500,1500,1500,1500,1500,1500,1500,1500,7.6,51.507276 -0.127258,6.1,11.8,70
2026-09-14,18:33:47.600,-0.01,-0.16,-0.08,,7.6,0.0,0,0,-47,0,100,10,0,9,25,-45,100,10,-1,8,336,3,-1,0,-1,-1,-1,-1,0x0000000000000000,1500,1500,988,1500,1500,1500,1500,1500,1500,1500,1500,1500,1500,1500,1500,1500,1500,1500,1500,1500,1500,1500,1500,1500,1500,1500,1500,1500,1500,1500,1500,1500,7.6,51.507280 -0.127256,6.1,11.9,71
2026-09-14,18:33:47.800,-0.01,-0.15,-0.08,,7.6,0.0,0,0,-46,0,100,10,0,9,25,-45,100,10,-1,8,344,3,-1,0,-1,-1,-1,-1,0x0000000000000000,1500,1500,988,1500,1500,1500,1500,1500,1500,1500,1500,1500,1500,1500,1500,1500,1500,1500,1500,1500,1500,1500,1500,1500,1500,1500,1500,1500,1500,1500,1500,1500,7.6,51.507285 -0.127253,6.2,12.1,71
2026-09-14,18:33:48.000,-0.00,-0.15,-0.08,,7.6,0.0,0,0,-46,0,100,10,0,9,25,-45,100,10,-1,8,351,3,-1,0,-1,-1,-1,-1,0x0000000000000000,1500,1500,988,1500,1500,1500,1500,1500,1500,1500,1500,1500,1500,1500,1500,1500,1500,1500,1500,1500,1500,1500,1500,1500,1500,1500,1500,1500,1500,1500,1500,1500,7.6,51.507289 -0.127251,6.2,12.2,72
2026-09-14,18:33:48.200,-0.00,-0.15,-0.08,,7.6,0.0,0,0,-46,0,100,10,0,9,25,-45,100,10,-1,8,357,3,-1,0,-1,-1,-1,-1,0x0000000000000000,1500,1500,988,1500,1500,1500,1500,1500,1500,1500,1500,1500,1500,1500,1500,1500,1500,1500,1500,1500,1500,1500,1500,1500,1500,1500,1500,1500,1500,1500,1500,1500,7.6,51.507293 -0.127249,6.3,12.4,73
2026-09-14,18:33:48.400,0.00,-0.14,-0.08,,7.6,0.0,0,0,-46,0,100,10,0,9,25,-45,100,10,-1,8,363,3,-1,0,-1,-1,-1,-1,0x0000000000000000,1500,1500,988,1500,1500,1500,1500,1500,1500,1500,1500,1500,1500,1500,1500,1500,1500,1500,1500,1500,1500,1500,1500,1500,1500,1500,1500,1500,1500,1500,1500,1500,7.6,51.507298 -0.127247,6.4,12.5,73
2026-09-14,18:33:48.600,0.01,-0.14,-0.08,,7.6,0.0,0,0,-45,0,100,10,0,9,25,-45,100,10,-1,8,369,3,-1,0,-1,-1,-1,-1,0x0000000000000000,1500,1500,988,1500,1500,1500,1500,1500,1500,1500,1500,1500,1500,1500,1500,1500,1500,1500,1500,1500,1500,1500,1500,1500,1500,1500,1500,1500,1500,1500,1500,1500,7.6,51.507302 -0.127245,6.4,12.7,74
2026-09-14,18:33:48.800,0.01,-0.14,-0.08,,7.6,0.0,0,0,-45,0,100,10,0,9,25,-45,100,10,-1,8,374,3,-1,0,-1,-1,-1,-1,0x0000000000000000,1500,1500,988,1500,1500,1500,1500,1500,1500,1500,1500,1500,1500,1500,1500,1500,1500,1500,1500,1500,1500,1500,1500,1500,1500,1500,1500,1500,1500,1500,1500,1500,7.6,51.507306 -0.127243,6.5,12.8,75
2026-09-14,18:33:49.000,0.02,-0.14,-0.08,,7.6,0.0,0,0,-45,0,100,10,0,9,25,-45,100,10,-1,8,379,3,-1,0,-1,-1,-1,-1,0x0000000000000000,1500,1500,988,1500,1500,1500,1500,1500,1500,1500,1500,1500,1500,1500,1500,1500,1500,1500,1500,1500,1500,1500,1500,1500,1500,1500,1500,1500,1500,1500,1500,1500,7.6,51.507311 -0.127241,6.6,13.0,76
2026-09-14,18:33:49.200,0.02,-0.13,-0.07,,7.6,0.0,0,0,-45,0,100,10,0,9,25,-45,100,10,-1,8,384,3,-1,0,-1,-1,-1,-1,0x0000000000000000,1500,1500,988,1500,1500,1500,1500,1500,1500,1500,1500,1500,1500,1500,1500,1500,1500,1500,1500,1500,1500,1500,1500,1500,1500,1500,1500,1500,1500,1500,1500,1500,7.6,51.507315 -0.127239,6.6,13.1,76
2026-09-14,18:33:49.400,0.02,-0.13,-0.07,,7.6,0.0,0,0,-44,0,100,10,0,9,25,-45,100,10,-1,8,387,3,-1,0,-1,-1,-1,-1,0x0000000000000000,1500,1500,988,1500,1500,1500,1500,1500,1500,1500,1500,1500,1500,1500,1500,1500,1500,1500,1500,1500,1500,1500,1500,1500,1500,1500,1500,1500,1500,1500,1500,1500,7.6,51.507319 -0.127237,6.7,13.3,77
2026-09-14,18:33:49.600,0.03,-0.13,-0.07,,7.6,0.0,0,0,-44,0,100,10,0,9,25,-45,100,10,-1,8,391,3,-1,0,-1,-1,-1,-1,0x0000000000000000,1500,1500,988,1500,1500,1500,1500,1500,1500,1500,1500,1500,1500,1500,1500,1500,1500,1500,1500,1500,1500,1500,1500,1500,1500,1500,1500,1500,1500,1500,1500,1500,7.6,51.507324 -0.127236,6.8,13.4,78
2026-09-14,18:33:49.800,0.03,-0.12,-0.07,,7.6,0.0,0,0,-44,0,100,10,0,9,25,-45,100,10,-1,8,393,3,-1,0,-1,-1,-1,-1,0x0000000000000000,1500,1500,988,1500,1500,1500,1500,1500,1500,1500,1500,1500,1500,1500,1500,1500,1500,1500,1500,1500,1500,1500,1500,1500,1500,1500,1500,1500,1500,1500,1500,1500,7.6,51.507328 -0.127234,6.8,13.5,78
2026-09-14,18:33:50.000,0.03,-0.12,-0.07,,7.6,0.0,0,0,-44,0,100,10,0,9,25,-45,100,10,-1,8,396,3,-1,0,-1,-1,-1,-1,0x0000000000000000,1500,1500,988,1500,1500,1500,1500,1500,1500,1500,1500,1500,1500,1500,1500,1500,1500,1500,1500,1500,1500,1500,1500,1500,1500,1500,1500,1500,1500,1500,1500,1500,7.6,51.507333 -0.127233,6.9,13.7,79
2026-09-14,18:33:50.200,0.04,-0.12,-0.07,,7.6,0.0,0,0,-44,0,100,10,0,9,25,-45,100,10,-1,8,398,3,-1,0,-1,-1,-1,-1,0x0000000000000000,1500,1500,988,1500,1500,1500,1500,1500,1500,1500,1500,1500,1500,1500,1500,1500,1500,1500,1500,1500,1500,1500,1500,1500,1500,1500,1500,1500,1500,1500,1500,1500,7.6,51.507337 -0.127232,7.0,13.8,80
2026-09-14,18:33:50.400,0.04,-0.11,-0.07,,7.6,0.0,0,0,-43,0,100,10,0,9,25,-45,100,10,-1,8,399,3,-1,0,-1,-1,-1,-1,0x0000000000000000,1500,1500,988,1500,1500,1500,1500,1500,1500,1500,1500,1500,1500,1500,1500,1500,1500,1500,1500,1500,1500,1500,1500,1500,1500,1500,1500,1500,1500,1500,1500,1500,7.6,51.507342 -0.127230,7.0,14.0,81
2026-09-14,18:33:50.600,0.05,-0.11,-0.07,,7.6,0.0,0,0,-43,0,100,10,0,9,25,-45,100,10,-1,8,400,3,-1,0,-1,-1,-1,-1,0x0000000000000000,1500,1500,988,1500,1500,1500,1500,1500,1500,1500,1500,1500,1500,1500,1500,1500,1500,1500,1500,1500,1500,1500,1500,1500,1500,1500,1500,1500,1500,1500,1500,1500,7.6,51.507346 -0.127229,7.1,14.1,81
2026-09-14,18:33:50.800,0.05,-0.10,-0.07,,7.6,0.0,0,0,-43,0,100,10,0,9,25,-45,100,10,-1,8,400,3,-1,0,-1,-1,-1,-1,0x0000000000000000,1500,1500,988,1500,1500,1500,1500,1500,1500,1500,1500,1500,1500,1500,1500,1500,1500,1500,1500,1500,1500,1500,1500,1500,1500,1500,1500,1500,1500,1500,1500,1500,7.6,51.507350 -0.127228,7.2,14.2,82
2026-09-14,18:33:51.000,0.05,-0.10,-0.07,,7.6,0.0,0,0,-43,0,100,10,0,9,25,-45,100,10,-1,8,400,3,-1,0,-1,-1,-1,-1,0x0000000000000000,1500,1500,988,1500,1500,1500,1500,1500,1500,1500,1500,1500,1500,1500,1500,1500,1500,1500,1500,1500,1500,1500,1500,1500,1500,1500,1500,1500,1500,1500,1500,1500,7.6,51.507355 -0.127227,7.3,14.3,83
2026-09-14,18:33:51.200,0.06,-0.10,-0.07,,7.6,0.0,0,0,-42,0,100,10,0,9,25,-45,100,10,-1,8,399,3,-1,0,-1,-1,-1,-1,0x0000000000000000,1500,1500,988,1500,1500,1500,1500,1500,1500,1500,1500,1500,1500,1500,1500,1500,1500,1500,1500,1500,1500,1500,1500,1500,1500,1500,1500,1500,1500,1500,1500,1500,7.6,51.507359 -0.127226,7.3,14.5,84
2026-09-14,18:33:51.400,0.06,-0.09,-0.07,,7.6,0.0,0,0,-42,0,100,10,0,9,25,-45,100,10,-1,8,398,3,-1,0,-1,-1,-1,-1,0x0000000000000000,1500,1500,988,1500,1500,1500,1500,1500,1500,1500,1500,1500,1500,1500,1500,1500,1500,1500,1500,1500,1500,1500,1500,1500,1500,1500,1500,1500,1500,1500,1500,1500,7.6,51.507364 -0.127226,7.4,14.6,84
2026-09-14,18:33:51.600,0.06,-0.09,-0.06,,7.6,0.0,0,0,-42,0,100,10,0,9,25,-45,100,10,-1,8,396,3,-1,0,-1,-1,-1,-1,0x0000000000000000,1500,1500,988,1500,1500,1500,1500,1500,1500,1500,1500,1500,1500,1500,1500,1500,1500,1500,1500,1500,1500,1500,1500,1500,1500,1500,1500,1500,1500,1500,1500,1500,7.6,51.507368 -0.127225,7.5,14.7,85
2026-09-14,18:33:51.800,0.07,-0.09,-0.06,,7.6,0.0,0,0,-42,0,100,10,0,9,25,-45,100,10,-1,8,394,3,-1,0,-1,-1,-1,-1,0x0000000000000000,1500,1500,988,1500,1500,1500,1500,1500,1500,1500,1500,1500,1500,1500,1500,1500,1500,1500,1500,1500,1500,1500,1500,1500,1500,1500,1500,1500,1500,1500,1500,1500,7.6,51.507373 -0.127224,7.5,14.8,86
2026-09-14,18:33:52.000,0.07,-0.08,-0.06,,7.6,0.0,0,0,-41,0,100,10,0,9,25,-45,100,10,-1,8,391,3,-1,0,-1,-1,-1,-1,0x0000000000000000,1500,1500,988,1500,1500,1500,1500,1500,1500,1500,1500,1500,1500,1500,1500,1500,1500,1500,1500,1500,1500,1500,1500,1500,1500,1500,1500,1500,1500,1500,1500,1500,7.6,51.507377 -0.127224,7.6,14.9,86
2026-09-14,18:33:52.200,0.07,-0.08,-0.06,,7.6,0.0,0,0,-41,0,100,10,0,9,25,-45,100,10,-1,8,388,3,-1,0,-1,-1,-1,-1,0x0000000000000000,1500,1500,988,1500,1500,1500,1500,1500,1500,1500,1500,1500,1500,1500,1500,1500,1500,1500,1500,1500,1500,1500,1500,1500,1500,1500,1500,1500,1500,1500,1500,1500,7.6,51.507382 -0.127223,7.7,15.0,87
2026-09-14,18:33:52.400,0.08,-0.07,-0.06,,7.6,0.0,0,0,-41,0,100,10,0,9,25,-45,100,10,-1,8,385,3,-1,0,-1,-1,-1,-1,0x0000000000000000,1500,1500,988,1500,1500,1500,1500,1500,1500,1500,1500,1500,1500,1500,1500,1500,1500,1500,1500,1500,1500,1500,1500,1500,1500,1500,1500,1500,1500,1500,1500,1500,7.6,51.507386 -0.127223,7.8,15.1,88
2026-09-14,18:33:52.600,0.08,-0.07,-0.06,,7.6,0.0,0,0,-41,0,100,10,0,9,25,-45,100,10,-1,8,380,3,-1,0,-1,-1,-1,-1,0x0000000000000000,1500,1500,988,1500,1500,1500,1500,1500,1500,1500,1500,1500,1500,1500,1500,1500,1500,1500,1500,1500,1500,1500,1500,1500,1500,1500,1500,1500,1500,1500,1500,1500,7.6,51.507391 -0.127223,7.8,15.2,89
2026-09-14,18:33:52.800,0.08,-0.07,-0.06,,7.6,0.0,0,0,-40,0,100,10,0,9,25,-45,100,10,-1,8,376,3,-1,0,-1,-1,-1,-1,0x0000000000000000,1500,1500,988,1500,1500,1500,1500,1500,1500,1500,1500,1500,1500,1500,1500,1500,1500,1500,1500,1500,1500,1500,1500,1500,1500,1500,1500,1500,1500,1500,1500,1500,7.6,51.507395 -0.127223,7.9,15.3,89
2026-09-14,18:33:53.000,0.09,-0.06,-0.06,,7.6,0.0,0,0,-40,0,100,10,0,9,25,-45,100,10,-1,8,371,3,-1,0,-1,-1,-1,-1,0x0000000000000000,1500,1500,988,1500,1500,1500,1500,1500,1500,1500,1500,1500,1500,1500,1500,1500,1500,1500,1500,1500,1500,1500,1500,1500,1500,1500,1500,1500,1500,1500,1500,1500,7.6,51.507400 -0.127223,8.0,15.4,90
2026-09-14,18:33:53.200,0.09,-0.06,-0.06,,7.6,0.0,0,0,-40,0,100,10,0,9,25,-45,100,10,-1,8,365,3,-1,0,-1,-1,-1,-1,0x0000000000000000,1500,1500,988,1500,1500,1500,1500,1500,1500,1500,1500,1500,1500,1500,1500,1500,1500,1500,1500,1500,1500,1500,1500,1500,1500,1500,1500,1500,1500,1500,1500,1500,7.6,51.507405 -0.127223,8.1,15.4,91
2026-09-14,18:33:53.400,0.09,-0.05,-0.06,,7.6,0.0,0,0,-41,0,100,10,0,9,25,-45,100,10,-1,8,359,3,-1,0,-1,-1,-1,-1,0x0000000000000000,1500,1500,988,1500,1500,1500,1500,1500,1500,1500,1500,1500,1500,1500,1500,1500,1500,1500,1500,1500,1500,1500,1500,1500,1500,1500,1500,1500,1500,1500,1500,1500,7.6,51.507409 -0.127223,8.2,15.5,91
2026-09-14,18:33:53.600,0.10,-0.05,-0.06,,7.6,0.0,0,0,-41,0,100,10,0,9,25,-45,100,10,-1,8,352,3,-1,0,-1,-1,-1,-1,0x0000000000000000,1500,1500,988,1500,1500,1500,1500,1500,1500,1500,1500,1500,1500,1500,1500,1500,1500,1500,1500,1500,1500,1500,1500,1500,1500,1500,1500,1500,1500,1500,1500,1500,7.6,51.507414 -0.127223,8.2,15.6,92
2026-09-14,18:33:53.800,0.10,-0.05,-0.06,,7.6,0.0,0,0,-41,0,100,10,0,9,25,-45,100,10,-1,8,345,3,-1,0,-1,-1,-1,-1,0x0000000000000000,1500,1500,988,1500,1500,1500,1500,1500,1500,1500,1500,1500,1500,1500,1500,1500,1500,1500,1500,1500,1500,1500,1500,1500,1500,1500,1500,1500,1500,1500,1500,1500,7.6,51.507418 -0.127223,8.3,15.7,93
2026-09-14,18:33:54.000,0.10,-0.04,-0.05,,7.6,0.0,0,0,-41,0,100,10,0,9,25,-45,100,10,-1,8,338,3,-1,0,-1,-1,-1,-1,0x0000000000000000,1500,1500,988,1500,1500,1500,1500,1500,1500,1500,1500,1500,1500,1500,1500,1500,1500,1500,1500,1500,1500,1500,1500,1500,1500,1500,1500,1500,1500,1500,1500,1500,7.6,51.507423 -0.127224,8.4,15.7,94
2026-09-14,18:33:54.200,0.11,-0.04,-0.05,,7.6,0.0,0,0,-42,0,100,10,0,9,25,-45,100,10,-1,8,330,3,-1,0,-1,-1,-1,-1,0x0000000000000000,1500,1500,988,1500,1500,1500,1500,1500,1500,1500,1500,1500,1500,1500,1500,1500,1500,1500,1500,1500,1500,1500,1500,1500,1500,1500,1500,1500,1500,1500,1500,1500,7.6,51.507427 -0.127224,8.5,15.8,94
2026-09-14,18:33:54.400,0.11,-0.03,-0.05,,7.6,0.0,0,0,-42,0,100,10,0,9,25,-45,100,10,-1,8,322,3,-1,0,-1,-1,-1,-1,0x0000000000000000,1500,1500,988,1500,1500,1500,1500,1500,1500,1500,1500,1500,1500,1500,1500,1500,1500,1500,1500,1500,1500,1500,1500,1500,1500,1500,1500,1500,1500,1500,1500,1500,7.6,51.507432 -0.127225,8.5,15.8,95
2026-09-14,18:33:54.600,0.11,-0.03,-0.05,,7.6,0.0,0,0,-42,0,100,10,0,9,25,-45,100,10,-1,8,313,3,-1,0,-1,-1,-1,-1,0x0000000000000000,1500,1500,988,1500,1500,1500,1500,1500,1500,1500,1500,1500,1500,1500,1500,1500,1500,1500,1500,1500,1500,1500,1500,1500,1500,1500,1500,1500,1500,1500,1500,1500,7.6,51.507436 -0.127226,8.6,15.9,96
2026-09-14,18:33:54.800,0.11,-0.02,-0.05,,7.6,0.0,0,0,-42,0,100,10,0,9,25,-45,100,10,-1,8,304,3,-1,0,-1,-1,-1,-1,0x0000000000000000,1500,1500,988,1500,1500,1500,1500,1500,1500,1500,1500,1500,1500,1500,1500,1500,1500,1500,1500,1500,1500,1500,1500,1500,1500,1500,1500,1500,1500,1500,1500,1500,7.6,51.507441 -0.127226,8.7,15.9,96
2026-09-14,18:33:55.000,0.12,-0.02,-0.05,,7.6,0.0,0,0,-43,0,100,10,0,9,25,-45,100,10,-1,8,294,3,-1,0,-1,-1,-1,-1,0x0000000000000000,1500,1500,988,1500,1500,1500,1500,1500,1500,1500,1500,1500,1500,1500,1500,1500,1500,1500,1500,1500,1500,1500,1500,1500,1500,1500,1500,1500,1500,1500,1500,1500,7.6,51.507445 -0.127227,8.7,15.9,97
2026-09-14,18:33:55.200,0.12,-0.02,-0.05,,7.6,0.0,0,0,-43,0,100,10,0,9,25,-45,100,10,-1,8,284,3,-1,0,-1,-1,-1,-1,0x0000000000000000,1500,1500,988,1500,1500,1500,1500,1500,1500,1500,1500,1500,1500,1500,1500,1500,1500,1500,1500,1500,1500,1500,1500,1500,1500,1500,1500,1500,1500,1500,1500,1500,7.6,51.507450 -0.127228,8.8,16.0,98
2026-09-14,18:33:55.400,0.12,-0.01,-0.05,,7.6,0.0,0,0,-43,0,100,10,0,9,25,-45,100,10,-1,8,274,3,-1,0,-1,-1,-1,-1,0x0000000000000000,1500,1500,988,1500,1500,1500,1500,1500,1500,1500,1500,1500,1500,1500,1500,1500,1500,1500,1500,1500,1500,1500,1500,1500,1500,1500,1500,1500,1500,1500,1500,1500,7.6,51.507454 -0.127229,8.9,16.0,99
2026-09-14,18:33:55.600,0.12,-0.01,-0.05,,7.6,0.0,0,0,-43,0,100,10,0,9,25,-45,100,10,-1,8,263,3,-1,0,-1,-1,-1,-1,0x0000000000000000,1500,1500,988,1500,1500,1500,1500,1500,1500,1500,1500,1500,1500,1500,1500,1500,1500,1500,1500,1500,1500,1500,1500,1500,1500,1500,1500,1500,1500,1500,1500,1500,7.6,51.507458 -0.127230,9.0,16.0,99
2026-09-14,18:33:55.800,0.13,-0.00,-0.05,,7.6,0.0,0,0,-44,0,100,10,0,9,25,-45,100,10,-1,8,252,3,-1,0,-1,-1,-1,-1,0x0000000000000000,1500,1500,988,1500,1500,1500,1500,1500,1500,1500,1500,1500,1500,1500,1500,1500,1500,1500,1500,1500,1500,1500,1500,1500,1500,1500,1500,1500,1500,1500,1500,1500,7.6,51.507463 -0.127232,9.0,16.0,100
2026-09-14,18:33:56.000,0.13,0.00,-0.04,,7.6,0.0,0,0,-44,0,100,10,0,9,25,-45,100,10,-1,8,240,3,-1,0,-1,-1,-1,-1,0x0000000000000000,1500,1500,988,1500,1500,1500,1500,1500,1500,1500,1500,1500,1500,1500,1500,1500,1500,1500,1500,1500,1500,1500,1500,1500,1500,1500,1500,1500,1500,1500,1500,1500,7.6,51.507467 -0.127233,9.1,16.0,101
2026-09-14,18:33:56.200,0.13,0.01,-0.04,,7.6,0.0,0,0,-44,0,100,10,0,9,25,-45,100,10,-1,8,228,3,-1,0,-1,-1,-1,-1,0x0000000000000000,1500,1500,988,1500,1500,1500,1500,1500,1500,1500,1500,1500,1500,1500,1500,1500,1500,1500,1500,1500,1500,1500,1500,1500,1500,1500,1500,1500,1500,1500,1500,1500,7.6,51.507472 -0.127234,9.2,16.0,102
2026-09-14,18:33:56.400,0.13,0.01,-0.04,,7.6,0.0,0,0,-44,0,100,10,0,9,25,-45,100,10,-1,8,216,3,-1,0,-1,-1,-1,-1,0x0000000000000000,1500,1500,988,1500,1500,1500,1500,1500,1500,1500,1500,1500,1500,1500,1500,1500,1500,1500,1500,1500,1500,1500,1500,1500,1500,1500,1500,1500,1500,1500,1500,1500,7.6,51.507476 -0.127236,9.2,16.0,102
2026-09-14,18:33:56.600,0.13,0.01,-0.04,,7.6,0.0,0,0,-44,0,100,10,0,9,25,-45,100,10,-1,8,203,3,-1,0,-1,-1,-1,-1,0x0000000000000000,1500,1500,988,1500,1500,1500,1500,1500,1500,1500,1500,1500,1500,1500,1500,1500,1500,1500,1500,1500,1500,1500,1500,1500,1500,1500,1500,1500,1500,1500,1500,1500,7.6,51.507481 -0.127237,9.3,16.0,103
2026-09-14,18:33:56.800,0.14,0.02,-0.04,,7.6,0.0,0,0,-45,0,100,10,0,9,25,-45,100,10,-1,8,190,3,-1,0,-1,-1,-1,-1,0x0000000000000000,1500,1500,988,1500,1500,1500,1500,1500,1500,1500,1500,1500,1500,1500,1500,1500,1500,1500,1500,1500,1500,1500,1500,1500,1500,1500,1500,1500,1500,1500,1500,1500,7.6,51.507485 -0.127239,9.4,16.0,104
2026-09-14,18:33:57.000,0.14,0.02,-0.04,,7.6,0.0,0,0,-45,0,100,10,0,9,25,-45,100,10,-1,8,177,3,-1,0,-1,-1,-1,-1,0x0000000000000000,1500,1500,988,1500,1500,1500,1500,1500,1500,1500,1500,1500,1500,1500,1500,1500,1500,1500,1500,1500,1500,1500,1500,1500,1500,1500,1500,1500,1500,1500,1500,1500,7.6,51.507489 -0.127241,9.4,15.9,104
2026-09-14,18:33:57.200,0.14,0.03,-0.04,,7.6,0.0,0,0,-45,0,100,10,0,9,25,-45,100,10,-1,8,163,3,-1,0,-1,-1,-1,-1,0x0000000000000000,1500,1500,988,1500,1500,1500,1500,1500,1500,1500,1500,1500,1500,1500,1500,1500,1500,1500,1500,1500,1500,1500,1500,1500,1500,1500,1500,1500,1500,1500,1500,1500,7.6,51.507494 -0.127243,9.5,15.9,105
2026-09-14,18:33:57.400,0.14,0.03,-0.04,,7.6,0.0,0,0,-45,0,100,10,0,9,25,-45,100,10,-1,8,149,3,-1,0,-1,-1,-1,-1,0x0000000000000000,1500,1500,988,1500,1500,1500,1500,1500,1500,1500,1500,1500,1500,1500,1500,1500,1500,1500,1500,1500,1500,1500,1500,1500,1500,1500,1500,1500,1500,1500,1500,1500,7.6,51.507498 -0.127245,9.6,15.9,106
2026-09-14,18:33:57.600,0.14,0.04,-0.04,,7.6,0.0,0,0,-46,0,100,10,0,9,25,-45,100,10,-1,8,135,3,-1,0,-1,-1,-1,-1,0x0000000000000000,1500,1500,988,1500,1500,1500,1500,1500,1500,1500,1500,1500,1500,1500,1500,1500,1500,1500,1500,1500,1500,1500,1500,1500,1500,1500,1500,1500,1500,1500,1500,1500,7.6,51.507502 -0.127247,9.6,15.8,107
2026-09-14,18:33:57.800,0.14,0.04,-0.03,,7.6,0.0,0,0,-46,0,100,10,0,9,25,-45,100,10,-1,8,120,3,-1,0,-1,-1,-1,-1,0x0000000000000000,1500,1500,988,1500,1500,1500,1500,1500,1500,1500,1500,1500,1500,1500,1500,1500,1500,1500,1500,1500,1500,1500,1500,1500,1500,1500,1500,1500,1500,1500,1500,1500,7.6,51.507507 -0.127249,9.7,15.8,107
2026-09-14,18:33:58.000,0.14,0.04,-0.03,,7.6,0.0,0,0,-46,0,100,10,0,9,25,-45,100,10,-1,8,105,3,-1,0,-1,-1,-1,-1,0x0000000000000000,1500,1500,988,1500,1500,1500,1500,1500,1500,1500,1500,1500,1500,1500,1500,1500,1500,1500,1500,1500,1500,1500,1500,1500,1500,1500,1500,1500,1500,1500,1500,1500,7.6,51.507511 -0.127251,9.8,15.7,108
2026-09-14,18:33:58.200,0.15,0.05,-0.03,,7.6,0.0,0,0,-46,0,100,10,0,9,25,-45,100,10,-1,8,90,3,-1,0,-1,-1,-1,-1,0x0000000000000000,1500,1500,988,1500,1500,1500,1500,1500,1500,1500,1500,1500,1500,1500,1500,1500,1500,1500,1500,1500,1500,1500,1500,1500,1500,1500,1500,1500,1500,1500,1500,1500,7.6,51.507515 -0.127253,9.8,15.7,109
2026-09-14,18:33:58.400,0.15,0.05,-0.03,,7.6,0.0,0,0,-47,0,100,10,0,9,25,-45,100,10,-1,8,75,3,-1,0,-1,-1,-1,-1,0x0000000000000000,1500,1500,988,1500,1500,1500,1500,1500,1500,1500,1500,1500,1500,1500,1500,1500,1500,1500,1500,1500,1500,1500,1500,1500,1500,1500,1500,1500,1500,1500,1500,1500,7.6,51.507520 -0.127256,9.9,15.6,109
2026-09-14,18:33:58.600,0.15,0.06,-0.03,,7.6,0.0,0,0,-47,0,100,10,0,9,25,-45,100,10,-1,8,60,3,-1,0,-1,-1,-1,-1,0x0000000000000000,1500,1500,988,1500,1500,1500,1500,1500,1500,1500,1500,1500,1500,1500,1500,1500,1500,1500,1500,1500,1500,1500,1500,1500,1500,1500,1500,1500,1500,1500,1500,1500,7.6,51.507524 -0.127258,9.9,15.5,110
2026-09-14,18:33:58.800,0.15,0.06,-0.03,,7.6,0.0,0,0,-47,0,100,10,0,9,25,-45,100,10,-1,8,44,3,-1,0,-1,-1,-1,-1,0x0000000000000000,1500,1500,988,1500,1500,1500,1500,1500,1500,1500,1500,1500,1500,1500,1500,1500,1500,1500,1500,1500,1500,1500,1500,1500,1500,1500,1500,1500,1500,1500,1500,1500,7.6,51.507528 -0.127261,10.0,15.5,111
2026-09-14,18:33:59.000,0.15,0.06,-0.03,,7.6,0.0,0,0,-47,0,100,10,0,9,25,-45,100,10,-1,8,28,3,-1,0,-1,-1,-1,-1,0x0000000000000000,1500,1500,988,1500,1500,1500,1500,1500,1500,1500,1500,1500,1500,1500,1500,1500,1500,1500,1500,1500,1500,1500,1500,1500,1500,1500,1500,1500,1500,1500,1500,1500,7.6,51.507532 -0.127263,10.1,15.4,112
2026-09-14,18:33:59.200,0.15,0.07,-0.03,,7.6,0.0,0,0,-48,0,100,10,0,9,25,-45,100,10,-1,8,12,3,-1,0,-1,-1,-1,-1,0x0000000000000000,1500,1500,988,1500,1500,1500,1500,1500,1500,1500,1500,1500,1500,1500,1500,1500,1500,1500,1500,1500,1500,1500,1500,1500,1500,1500,1500,1500,1500,1500,1500,1500,7.6,51.507536 -0.127266,10.1,15.3,112
2026-09-14,18:33:59.400,0.15,0.07,-0.03,,7.6,0.0,0,0,-48,0,100,10,0,9,25,-45,100,10,-1,8,-5,3,-1,0,-1,-1,-1,-1,0x0000000000000000,1500,1500,988,1500,1500,1500,1500,1500,1500,1500,1500,1500,1500,1500,1500,1500,1500,1500,1500,1500,1500,1500,1500,1500,1500,1500,1500,1500,1500,1500,1500,1500,7.6,51.507541 -0.127269,10.2,15.2,113
2026-09-14,18:33:59.600,0.15,0.08,-0.03,,7.6,0.0,0,0,-48,0,100,10,0,9,25,-45,100,10,-1,8,-21,3,-1,0,-1,-1,-1,-1,0x0000000000000000,1500,1500,988,1500,1500,1500,1500,1500,1500,1500,1500,1500,1500,1500,1500,1500,1500,1500,1500,1500,1500,1500,1500,1500,1500,1500,1500,1500,1500,1500,1500,1500,7.6,51.507545 -0.127272,10.2,15.1,114
2026-09-14,18:33:59.800,0.15,0.08,-0.02,,7.6,0.0,0,0,-48,0,100,10,0,9,25,-45,100,10,-1,8,-38,3,-1,0,-1,-1,-1,-1,0x0000000000000000,1500,1500,988,1500,1500,1500,1500,1500,1500,1500,1500,1500,1500,1500,1500,1500,1500,1500,1500,1500,1500,1500,1500,1500,1500,1500,1500,1500,1500,1500,1500,1500,7.6,51.507549 -0.127275,10.3,15.0,114
2026-09-14,18:34:00.000,0.15,0.08,-0.02,,7.6,0.0,0,0,-49,0,100,10,0,9,25,-45,100,10,-1,8,-54,3,-1,0,-1,-1,-1,-1,0x0000000000000000,1500,1500,988,1500,1500,1500,1500,1500,1500,1500,1500,1500,1500,1500,1500,1500,1500,1500,1500,1500,1500,1500,1500,1500,1500,1500,1500,1500,1500,1500,1500,1500,7.6,51.507553 -0.127278,10.3,14.9,115
2026-09-14,18:34:00.200,0.15,0.09,-0.02,,7.6,0.0,0,0,-49,0,100,10,0,9,25,-45,100,10,-1,8,-71,3,-1,0,-1,-1,-1,-1,0x0000000000000000,1500,1500,988,1500,1500,1500,1500,1500,1500,1500,1500,1500,1500,1500,1500,1500,1500,1500,1500,1500,1500,1500,1500,1500,1500,1500,1500,1500,1500,1500,1500,1500,7.6,51.507557 -0.127281,10.4,14.8,116
2026-09-14,18:34:00.400,0.15,0.09,-0.02,,7.6,0.0,0,0,-49,0,100,10,0,9,25,-45,100,10,-1,8,-88,3,-1,0,-1,-1,-1,-1,0x0000000000000000,1500,1500,988,1500,1500,1500,1500,1500,1500,1500,1500,1500,1500,1500,1500,1500,1500,1500,1500,1500,1500,1500,1500,1500,1500,1500,1500,1500,1500,1500,1500,1500,7.6,51.507561 -0.127284,10.4,14.7,117
2026-09-14,18:34:00.600,0.15,0.10,-0.02,,7.6,0.0,0,0,-49,0,100,10,0,9,25,-45,100,10,-1,8,-105,3,-1,0,-1,-1,-1,-1,0x0000000000000000,1500,1500,988,1500,1500,1500,1500,1500,1500,1500,1500,1500,1500,1500,1500,1500,1500,1500,1500,1500,1500,1500,1500,1500,1500,1500,1500,1500,1500,1500,1500,1500,7.6,51.507565 -0.127287,10.4,14.6,117
2026-09-14,18:34:00.800,0.15,0.10,-0.02,,7.6,0.0,0,0,-49,0,100,10,0,9,25,-45,100,10,-1,8,-123,3,-1,0,-1,-1,-1,-1,0x0000000000000000,1500,1500,988,1500,1500,1500,1500,1500,1500,1500,1500,1500,1500,1500,1500,1500,1500,1500,1500,1500,1500,1500,1500,1500,1500,1500,1500,1500,1500,1500,1500,1500,7.6,51.507569 -0.127291,10.5,14.5,118
2026-09-14,18:34:01.000,0.15,0.10,-0.02,,7.6,0.0,0,0,-50,0,100,10,0,9,25,-45,100,10,-1,8,-140,3,-1,0,-1,-1,-1,-1,0x0000000000000000,1500,1500,988,1500,1500,1500,1500,1500,1500,1500,1500,1500,1500,1500,1500,1500,1500,1500,1500,1500,1500,1500,1500,1500,1500,1500,1500,1500,1500,1500,1500,1500,7.6,51.507573 -0.127294,10.5,14.4,119
2026-09-14,18:34:01.200,0.15,0.11,-0.02,,7.6,0.0,0,0,-50,0,100,10,0,9,25,-45,100,10,-1,8,-157,3,-1,0,-1,-1,-1,-1,0x0000000000000000,1500,1500,988,1500,1500,1500,1500,1500,1500,1500,1500,1500,1500,1500,1500,1500,1500,1500,1500,1500,1500,1500,1500,1500,1500,1500,1500,1500,1500,1500,1500,1500,7.6,51.507577 -0.127298,10.6,14.2,120
2026-09-14,18:34:01.400,0.15,0.11,-0.02,,7.6,0.0,0,0,-50,0,100,10,0,9,25,-45,100,10,-1,8,-174,3,-1,0,-1,-1,-1,-1,0x0000000000000000,1500,1500,988,1500,1500,1500,1500,1500,1500,1500,1500,1500,1500,1500,1500,1500,1500,1500,1500,1500,1500,1500,1500,1500,1500,1500,1500,1500,1500,1500,1500,1500,7.6,51.507581 -0.127301,10.6,14.1,120
2026-09-14,18:34:01.600,0.15,0.11,-0.01,,7.6,0.0,0,0,-50,0,100,10,0,9,25,-45,100,10,-1,8,-192,3,-1,0,-1,-1,-1,-1,0x0000000000000000,1500,1500,988,1500,1500,1500,1500,1500,1500,1500,1500,1500,1500,1500,1500,1500,1500,1500,1500,1500,1500,1500,1500,1500,1500,1500,1500,1500,1500,1500,1500,1500,7.6,51.507585 -0.127305,10.6,14.0,121
2026-09-14,18:34:01.800,0.15,0.12,-0.01,,7.6,0.0,0,0,-51,0,100,10,0,9,25,-45,100,10,-1,8,-209,3,-1,0,-1,-1,-1,-1,0x0000000000000000,1500,1500,988,1500,1500,1500,1500,1500,1500,1500,1500,1500,1500,1500,1500,1500,1500,1500,1500,1500,1500,1500,1500,1500,1500,1500,1500,1500,1500,1500,1500,1500,7.6,51.507589 -0.127309,10.7,13.9,122
2026-09-14,18:34:02.000,0.15,0.12,-0.01,,7.6,0.0,0,0,-51,0,100,10,0,9,25,-45,100,10,-1,8,-226,3,-1,0,-1,-1,-1,-1,0x0000000000000000,1500,1500,988,1500,1500,1500,1500,1500,1500,1500,1500,1500,1500,1500,1500,1500,1500,1500,1500,1500,1500,1500,1500,1500,1500,1500,1500,1500,1500,1500,1500,1500,7.6,51.507593 -0.127313,10.7,13.7,122
2026-09-14,18:34:02.200,0.14,0.12,-0.01,,7.6,0.0,0,0,-51,0,100,10,0,9,25,-45,100,10,-1,8,-244,3,-1,0,-1,-1,-1,-1,0x0000000000000000,1500,1500,988,1500,1500,1500,1500,1500,1500,1500,1500,1500,1500,1500,1500,1500,1500,1500,1500,1500,1500,1500,1500,1500,1500,1500,1500,1500,1500,1500,1500,1500,7.6,51.507596 -0.127316,10.7,13.6,123
2026-09-14,18:34:02.400,0.14,0.13,-0.01,,7.6,0.0,0,0,-51,0,100,10,0,9,25,-45,100,10,-1,8,-261,3,-1,0,-1,-1,-1,-1,0x0000000000000000,1500,1500,988,1500,1500,1500,1500,1500,1500,1500,1500,1500,1500,1500,1500,1500,1500,1500,1500,1500,1500,1500,1500,1500,1500,1500,1500,1500,1500,1500,1500,1500,7.6,51.507600 -0.127320,10.8,13.4,124
2026-09-14,18:34:02.600,0.14,0.13,-0.01,,7.6,0.0,0,0,-51,0,100,10,0,9,25,-45,100,10,-1,8,-278,3,-1,0,-1,-1,-1,-1,0x0000000000000000,1500,1500,988,1500,1500,1500,1500,1500,1500,1500,1500,1500,1500,1500,1500,1500,1500,1500,1500,1500,1500,1500,1500,1500,1500,1500,1500,1500,1500,1500,1500,1500,7.6,51.507604 -0.127325,10.8,13.3,125
2026-09-14,18:34:02.800,0.14,0.13,-0.01,,7.6,0.0,0,0,-52,0,100,10,0,9,25,-45,100,10,-1,8,-295,3,-1,0,-1,-1,-1,-1,0x0000000000000000,1500,1500,988,1500,1500,1500,1500,1500,1500,1500,1500,1500,1500,1500,1500,1500,1500,1500,1500,1500,1500,1500,1500,1500,1500,1500,1500,1500,1500,1500,1500,1500,7.6,51.507608 -0.127329,10.8,13.2,125
2026-09-14,18:34:03.000,0.14,0.14,-0.01,,7.6,0.0,0,0,-52,0,100,10,0,9,25,-45,100,10,-1,8,-312,3,-1,0,-1,-1,-1,-1,0x0000000000000000,1500,1500,988,1500,1500,1500,1500,1500,1500,1500,1500,1500,1500,1500,1500,1500,1500,1500,1500,1500,1500,1500,1500,1500,1500,1500,1500,1500,1500,1500,1500,1500,7.6,51.507611 -0.127333,10.9,13.0,126
2026-09-14,18:34:03.200,0.14,0.14,-0.01,,7.6,0.0,0,0,-52,0,100,10,0,9,25,-45,100,10,-1,8,-329,3,-1,0,-1,-1,-1,-1,0x0000000000000000,1500,1500,988,1500,1500,1500,1500,1500,1500,1500,1500,1500,1500,1500,1500,1500,1500,1500,1500,1500,1500,1500,1500,1500,1500,1500,1500,1500,1500,1500,1500,1500,7.6,51.507615 -0.127337,10.9,12.9,127
2026-09-14,18:34:03.400,0.14,0.14,-0.00,,7.6,0.0,0,0,-52,0,100,10,0,9,25,-45,100,10,-1,8,-346,3,-1,0,-1,-1,-1,-1,0x0000000000000000,1500,1500,988,1500,1500,1500,1500,1500,1500,1500,1500,1500,1500,1500,1500,1500,1500,1500,1500,1500,1500,1500,1500,1500,1500,1500,1500,1500,1500,1500,1500,1500,7.6,51.507618 -0.127342,10.9,12.7,127
2026-09-14,18:34:03.600,0.13,0.15,-0.00,,7.6,0.0,0,0,-52,0,100,10,0,9,25,-45,100,10,-1,8,-363,3,-1,0,-1,-1,-1,-1,0x0000000000000000,1500,1500,988,1500,1500,1500,1500,1500,1500,1500,1500,1500,1500,1500,1500,1500,1500,1500,1500,1500,1500,1500,1500,1500,1500,1500,1500,1500,1500,1500,1500,1500,7.6,51.507622 -0.127346,10.9,12.6,128
2026-09-14,18:34:03.800,0.13,0.15,-0.00,,7.6,0.0,0,0,-53,0,100,10,0,9,25,-45,100,10,-1,8,-380,3,-1,0,-1,-1,-1,-1,0x0000000000000000,1500,1500,988,1500,1500,1500,1500,1500,1500,1500,1500,1500,1500,1500,1500,1500,1500,1500,1500,1500,1500,1500,1500,1500,1500,1500,1500,1500,1500,1500,1500,1500,7.6,51.507626 -0.127351,10.9,12.4,129
2026-09-14,18:34:04.000,0.13,0.15,-0.00,,7.6,0.0,0,0,-53,0,100,10,0,9,25,-45,100,10,-1,8,-396,3,-1,0,-1,-1,-1,-1,0x0000000000000000,1500,1500,988,1500,1500,1500,1500,1500,1500,1500,1500,1500,1500,1500,1500,1500,1500,1500,1500,1500,1500,1500,1500,1500,1500,1500,1500,1500,1500,1500,1500,1500,7.6,51.507629 -0.127355,10.9,12.3,130
2026-09-14,18:34:04.200,0.13,0.15,0.00,,7.6,0.0,0,0,-53,0,100,10,0,9,25,-45,100,10,-1,8,-412,3,-1,0,-1,-1,-1,-1,0x0000000000000000,1500,1500,988,1500,1500,1500,1500,1500,1500,1500,1500,1500,1500,1500,1500,1500,1500,1500,1500,1500,1500,1500,1500,1500,1500,1500,1500,1500,1500,1500,1500,1500,7.6,51.507633 -0.127360,11.0,12.1,130
2026-09-14,18:34:04.400,0.13,0.16,0.00,,7.6,0.0,0,0,-53,0,100,10,0,9,25,-45,100,10,-1,8,-429,3,-1,0,-1,-1,-1,-1,0x0000000000000000,1500,1500,988,1500,1500,1500,1500,1500,1500,1500,1500,1500,1500,1500,1500,1500,1500,1500,1500,1500,1500,1500,1500,1500,1500,1500,1500,1500,1500,1500,1500,1500,7.6,51.507636 -0.127365,11.0,12.0,131
2026-09-14,18:34:04.600,0.12,0.16,0.00,,7.6,0.0,0,0,-53,0,100,10,0,9,25,-45,100,10,-1,8,-445,3,-1,0,-1,-1,-1,-1,0x0000000000000000,1500,1500,988,1500,1500,1500,1500,1500,1500,1500,1500,1500,1500,1500,1500,1500,1500,1500,1500,1500,1500,1500,1500,1500,1500,1500,1500,1500,1500,1500,1500,1500,7.6,51.507639 -0.127369,11.0,11.8,132
2026-09-14,18:34:04.800,0.12,0.16,0.00,,7.6,0.0,0,0,-54,0,100,10,0,9,25,-45,100,10,-1,8,-460,3,-1,0,-1,-1,-1,-1,0x0000000000000000,1500,1500,988,1500,1500,1500,1500,1500,1500,1500,1500,1500,1500,1500,1500,1500,1500,1500,1500,1500,1500,1500,1500,1500,1500,1500,1500,1500,1500,1500,1500,1500,7.6,51.507643 -0.127374,11.0,11.7,132
2026-09-14,18:34:05.000,0.12,0.16,0.01,,7.6,0.0,0,0,-54,0,100,10,0,9,25,-45,100,10,-1,8,-476,3,-1,0,-1,-1,-1,-1,0x0000000000000000,1500,1500,988,1500,1500,1500,1500,1500,1500,1500,1500,1500,1500,1500,1500,1500,1500,1500,1500,1500,1500,1500,1500,1500,1500,1500,1500,1500,1500,1500,1500,1500,7.6,51.507646 -0.127379,11.0,11.5,133
2026-09-14,18:34:05.200,0.12,0.17,0.01,,7.6,0.0,0,0,-54,0,100,10,0,9,25,-45,100,10,-1,8,-491,3,-1,0,-1,-1,-1,-1,0x0000000000000000,1500,1500,988,1500,1500,1500,1500,1500,1500,1500,1500,1500,1500,1500,1500,1500,1500,1500,1500,1500,1500,1500,1500,1500,1500,1500,1500,1500,1500,1500,1500,1500,7.6,51.507649 -0.127384,11.0,11.4,134
2026-09-14,18:34:05.400,0.12,0.17,0.01,,7.6,0.0,0,0,-54,0,100,10,0,9,25,-45,100,10,-1,8,-506,3,-1,0,-1,-1,-1,-1,0x0000000000000000,1500,1500,988,1500,1500,1500,1500,1500,1500,1500,1500,1500,1500,1500,1500,1500,1500,1500,1500,1500,1500,1500,1500,1500,1500,1500,1500,1500,1500,1500,1500,1500,7.6,51.507652 -0.127389,11.0,11.2,135
2026-09-14,18:34:05.600,0.11,0.17,0.01,,7.6,0.0,0,0,-54,0,100,10,0,9,25,-45,100,10,-1,8,-521,3,-1,0,-1,-1,-1,-1,0x0000000000000000,1500,1500,988,1500,1500,1500,1500,1500,1500,1500,1500,1500,1500,1500,1500,1500,1500,1500,1500,1500,1500,1500,1500,1500,1500,1500,1500,1500,1500,1500,1500,1500,7.6,51.507656 -0.127394,11.0,11.1,135
2026-09-14,18:34:05.800,0.11,0.17,0.01,,7.6,0.0,0,0,-54,0,100,10,0,9,25,-45,100,10,-1,8,-535,3,-1,0,-1,-1,-1,-1,0x0000000000000000,1500,1500,988,1500,1500,1500,1500,1500,1500,1500,1500,1500,1500,1500,1500,1500,1500,1500,1500,1500,1500,1500,1500,1500,1500,1500,1500,1500,1500,1500,1500,1500,7.6,51.507659 -0.127400,11.0,10.9,136
2026-09-14,18:34:06.000,0.11,0.18,0.01,,7.6,0.0,0,0,-55,0,100,10,0,9,25,-45,100,10,-1,8,-550,3,-1,0,-1,-1,-1,-1,0x0000000000000000,1500,1500,988,1500,1500,1500,1500,1500,1500,1500,1500,1500,1500,1500,1500,1500,1500,1500,1500,1500,1500,1500,1500,1500,1500,1500,1500,1500,1500,1500,1500,1500,7.6,51.507662 -0.127405,11.0,10.8,137
2026-09-14,18:34:06.200,0.10,0.18,0.01,,7.6,0.0,0,0,-55,0,100,10,0,9,25,-45,100,10,-1,8,-564,3,-1,0,-1,-1,-1,-1,0x0000000000000000,1500,1500,988,1500,1500,1500,1500,1500,1500,1500,1500,1500,1500,1500,1500,1500,1500,1500,1500,1500,1500,1500,1500,1500,1500,1500,1500,1500,1500,1500,1500,1500,7.6,51.507665 -0.127410,11.0,10.6,138
2026-09-14,18:34:06.400,0.10,0.18,0.01,,7.6,0.0,0,0,-55,0,100,10,0,9,25,-45,100,10,-1,8,-577,3,-1,0,-1,-1,-1,-1,0x0000000000000000,1500,1500,988,1500,1500,1500,1500,1500,1500,1500,1500,1500,1500,1500,1500,1500,1500,1500,1500,1500,1500,1500,1500,1500,1500,1500,1500,1500,1500,1500,1500,1500,7.6,51.507668 -0.127416,11.0,10.5,138
2026-09-14,18:34:06.600,0.10,0.18,0.01,,7.6,0.0,0,0,-55,0,100,10,0,9,25,-45,100,10,-1,8,-591,3,-1,0,-1,-1,-1,-1,0x0000000000000000,1500,1500,988,1500,1500,1500,1500,1500,1500,1500,1500,1500,1500,1500,1500,1500,1500,1500,1500,1500,1500,1500,1500,1500,1500,1500,1500,1500,1500,1500,1500,1500,7.6,51.507671 -0.127421,11.0,10.4,139
2026-09-14,18:34:06.800,0.10,0.18,0.02,,7.6,0.0,0,0,-55,0,100,10,0,9,25,-45,100,10,-1,8,-604,3,-1,0,-1,-1,-1,-1,0x0000000000000000,1500,1500,988,1500,1500,1500,1500,1500,1500,1500,1500,1500,1500,1500,1500,1500,1500,1500,1500,1500,1500,1500,1500,1500,1500,1500,1500,1500,1500,1500,1500,1500,7.6,51.507674 -0.127426,11.0,10.2,140
2026-09-14,18:34:07.000,0.09,0.19,0.02,,7.6,0.0,0,0,-55,0,100,10,0,9,25,-45,100,10,-1,8,-616,3,-1,0,-1,-1,-1,-1,0x0000000000000000,1500,1500,988,1500,1500,1500,1500,1500,1500,1500,1500,1500,1500,1500,1500,1500,1500,1500,1500,1500,1500,1500,1500,1500,1500,1500,1500,1500,1500,1500,1500,1500,7.6,51.507677 -0.127432,10.9,10.1,140
2026-09-14,18:34:07.200,0.09,0.19,0.02,,7.6,0.0,0,0,-56,0,100,10,0,9,25,-45,100,10,-1,8,-629,3,-1,0,-1,-1,-1,-1,0x0000000000000000,1500,1500,988,1500,1500,1500,1500,1500,1500,1500,1500,1500,1500,1500,1500,1500,1500,1500,1500,1500,1500,1500,1500,1500,1500,1500,1500,1500,1500,1500,1500,1500,7.6,51.507680 -0.127438,10.9,10.0,141
2026-09-14,18:34:07.400,0.09,0.19,0.02,,7.6,0.0,0,0,-56,0,100,10,0,9,25,-45,100,10,-1,8,-640,3,-1,0,-1,-1,-1,-1,0x0000000000000000,1500,1500,988,1500,1500,1500,1500,1500,1500,1500,1500,1500,1500,1500,1500,1500,1500,1500,1500,1500,1500,1500,1500,1500,1500,1500,1500,1500,1500,1500,1500,1500,7.6,51.507683 -0.127443,10.9,9.8,142
2026-09-14,18:34:07.600,0.08,0.19,0.02,,7.6,0.0,0,0,-56,0,100,10,0,9,25,-45,100,10,-1,8,-652,3,-1,0,-1,-1,-1,-1,0x0000000000000000,1500,1500,988,1500,1500,1500,1500,1500,1500,1500,1500,1500,1500,1500,1500,1500,1500,1500,1500,1500,1500,1500,1500,1500,1500,1500,1500,1500,1500,1500,1500,1500,7.6,51.507685 -0.127449,10.9,9.7,143
2026-09-14,18:34:07.800,0.08,0.19,0.02,,7.6,0.0,0,0,-56,0,100,10,0,9,25,-45,100,10,-1,8,-663,3,-1,0,-1,-1,-1,-1,0x0000000000000000,1500,1500,988,1500,1500,1500,1500,1500,1500,1500,1500,1500,1500,1500,1500,1500,1500,1500,1500,1500,1500,1500,1500,1500,1500,1500,1500,1500,1500,1500,1500,1500,7.6,51.507688 -0.127455,10.9,9.6,143
2026-09-14,18:34:08.000,0.08,0.19,0.02,,7.6,0.0,0,0,-56,0,100,10,0,9,25,-45,100,10,-1,8,-674,3,-1,0,-1,-1,-1,-1,0x0000000000000000,1500,1500,988,1500,1500,1500,1500,1500,1500,1500,1500,1500,1500,1500,1500,1500,1500,1500,1500,1500,1500,1500,1500,1500,1500,1500,1500,1500,1500,1500,1500,1500,7.6,51.507691 -0.127461,10.9,9.5,144
2026-09-14,18:34:08.200,0.07,0.19,0.02,,7.6,0.0,0,0,-56,0,100,10,0,9,25,-45,100,10,-1,8,-685,3,-1,0,-1,-1,-1,-1,0x0000000000000000,1500,1500,988,1500,1500,1500,1500,1500,1500,1500,1500,1500,1500,1500,1500,1500,1500,1500,1500,1500,1500,1500,1500,1500,1500,1500,1500,1500,1500,1500,1500,1500,7.6,51.507693 -0.127467,10.8,9.4,145
2026-09-14,18:34:08.400,0.07,0.19,0.02,,7.6,0.0,0,0,-56,0,100,10,0,9,25,-45,100,10,-1,8,-695,3,-1,0,-1,-1,-1,-1,0x0000000000000000,1500,1500,988,1500,1500,1500,1500,1500,1500,1500,1500,1500,1500,1500,1500,1500,1500,1500,1500,1500,1500,1500,1500,1500,1500,1500,1500,1500,1500,1500,1500,1500,7.6,51.507696 -0.127473,10.8,9.2,145
2026-09-14,18:34:08.600,0.07,0.20,0.03,,7.6,0.0,0,0,-57,0,100,10,0,9,25,-45,100,10,-1,8,-704,3,-1,0,-1,-1,-1,-1,0x0000000000000000,1500,1500,988,1500,1500,1500,1500,1500,1500,1500,1500,1500,1500,1500,1500,1500,1500,1500,1500,1500,1500,1500,1500,1500,1500,1500,1500,1500,1500,1500,1500,1500,7.6,51.507698 -0.127479,10.8,9.1,146
2026-09-14,18:34:08.800,0.06,0.20,0.03,,7.6,0.0,0,0,-57,0,100,10,0,9,25,-45,100,10,-1,8,-713,3,-1,0,-1,-1,-1,-1,0x0000000000000000,1500,1500,988,1500,1500,1500,1500,1500,1500,1500,1500,1500,1500,1500,1500,1500,1500,1500,1500,1500,1500,1500,1500,1500,1500,1500,1500,1500,1500,1500,1500,1500,7.6,51.507701 -0.127485,10.7,9.0,147
2026-09-14,18:34:09.000,0.06,0.20,0.03,,7.6,0.0,0,0,-57,0,100,10,0,9,25,-45,100,10,-1,8,-722,3,-1,0,-1,-1,-1,-1,0x0000000000000000,1500,1500,988,1500,1500,1500,1500,1500,1500,1500,1500,1500,1500,1500,1500,1500,1500,1500,1500,1500,1500,1500,1500,1500,1500,1500,1500,1500,1500,1500,1500,1500,7.6,51.507703 -0.127491,10.7,8.9,148
2026-09-14,18:34:09.200,0.06,0.20,0.03,,7.6,0.0,0,0,-57,0,100,10,0,9,25,-45,100,10,-1,8,-730,3,-1,0,-1,-1,-1,-1,0x0000000000000000,1500,1500,988,1500,1500,1500,1500,1500,1500,1500,1500,1500,1500,1500,1500,1500,1500,1500,1500,1500,1500,1500,1500,1500,1500,1500,1500,1500,1500,1500,1500,1500,7.6,51.507706 -0.127497,10.7,8.8,148
2026-09-14,18:34:09.400,0.05,0.20,0.03,,7.6,0.0,0,0,-57,0,100,10,0,9,25,-45,100,10,-1,8,-738,3,-1,0,-1,-1,-1,-1,0x0000000000000000,1500,1500,988,1500,1500,1500,1500,1500,1500,1500,1500,1500,1500,1500,1500,1500,1500,1500,1500,1500,1500,1500,1500,1500,1500,1500,1500,1500,1500,1500,1500,1500,7.6,51.507708 -0.127503,10.6,8.7,149
2026-09-14,18:34:09.600,0.05,0.20,0.03,,7.6,0.0,0,0,-57,0,100,10,0,9,25,-45,100,10,-1,8,-746,3,-1,0,-1,-1,-1,-1,0x0000000000000000,1500,1500,988,1500,1500,1500,1500,1500,1500,1500,1500,1500,1500,1500,1500,1500,1500,1500,1500,1500,1500,1500,1500,1500,1500,1500,1500,1500,1500,1500,1500,1500,7.6,51.507710 -0.127509,10.6,8.7,150
2026-09-14,18:34:09.800,0.04,0.20,0.03,,7.6,0.0,0,0,-57,0,100,10,0,9,25,-45,100,10,-1,8,-753,3,-1,0,-1,-1,-1,-1,0x0000000000000000,1500,1500,988,1500,1500,1500,1500,1500,1500,1500,1500,1500,1500,1500,1500,1500,1500,1500,1500,1500,1500,1500,1500,1500,1500,1500,1500,1500,1500,1500,1500,1500,7.6,51.507713 -0.127516,10.6,8.6,150
2026-09-14,18:34:10.000,0.04,0.20,0.03,,7.6,0.0,0,0,-58,0,100,10,0,9,25,-45,100,10,-1,8,-759,3,-1,0,-1,-1,-1,-1,0x0000000000000000,1500,1500,988,1500,1500,1500,1500,1500,1500,1500,1500,1500,1500,1500,1500,1500,1500,1500,1500,1500,1500,1500,1500,1500,1500,1500,1500,1500,1500,1500,1500,1500,7.6,51.507715 -0.127522,10.5,8.5,151
2026-09-14,18:34:10.200,0.04,0.20,0.03,,7.6,0.0,0,0,-58,0,100,10,0,9,25,-45,100,10,-1,8,-765,3,-1,0,-1,-1,-1,-1,0x0000000000000000,1500,1500,988,1500,1500,1500,1500,1500,1500,1500,1500,1500,1500,1500,1500,1500,1500,1500,1500,1500,1500,1500,1500,1500,1500,1500,1500,1500,1500,1500,1500,1500,7.6,51.507717 -0.127528,10.5,8.4,152
2026-09-14,18:34:10.400,0.03,0.20,0.03,,7.6,0.0,0,0,-58,0,100,10,0,9,25,-45,100,10,-1,8,-771,3,-1,0,-1,-1,-1,-1,0x0000000000000000,1500,1500,988,1500,1500,1500,1500,1500,1500,1500,1500,1500,1500,1500,1500,1500,1500,1500,1500,1500,1500,1500,1500,1500,1500,1500,1500,1500,1500,1500,1500,1500,7.6,51.507719 -0.127535,10.4,8.4,153
2026-09-14,18:34:10.600,0.03,0.20,0.04,,7.6,0.0,0,0,-58,0,100,10,0,9,25,-45,100,10,-1,8,-776,3,-1,0,-1,-1,-1,-1,0x0000000000000000,1500,1500,988,1500,1500,1500,1500,1500,1500,1500,1500,1500,1500,1500,1500,1500,1500,1500,1500,1500,1500,1500,1500,1500,1500,1500,1500,1500,1500,1500,1500,1500,7.6,51.507721 -0.127541,10.4,8.3,153
2026-09-14,18:34:10.800,0.02,0.20,0.04,,7.6,0.0,0,0,-58,0,100,10,0,9,25,-45,100,10,-1,8,-781,3,-1,0,-1,-1,-1,-1,0x0000000000000000,1500,1500,988,1500,1500,1500,1500,1500,1500,1500,1500,1500,1500,1500,1500,1500,1500,1500,1500,1500,1500,1500,1500,1500,1500,1500,1500,1500,1500,1500,1500,1500,7.6,51.507723 -0.127548,10.4,8.3,154
2026-09-14,18:34:11.000,0.02,0.20,0.04,,7.6,0.0,0,0,-58,0,100,10,0,9,25,-45,100,10,-1,8,-785,3,-1,0,-1,-1,-1,-1,0x0000000000000000,1500,1500,988,1500,1500,1500,1500,1500,1500,1500,1500,1500,1500,1500,1500,1500,1500,1500,1500,1500,1500,1500,1500,1500,1500,1500,1500,1500,1500,1500,1500,1500,7.6,51.507725 -0.127554,10.3,8.2,155
2026-09-14,18:34:11.200,0.02,0.20,0.04,,7.6,0.0,0,0,-58,0,100,10,0,9,25,-45,100,10,-1,8,-788,3,-1,0,-1,-1,-1,-1,0x0000000000000000,1500,1500,988,1500,1500,1500,1500,1500,1500,1500,1500,1500,1500,1500,1500,1500,1500,1500,1500,1500,1500,1500,1500,1500,1500,1500,1500,1500,1500,1500,1500,1500,7.6,51.507727 -0.127561,10.3,8.2,156
2026-09-14,18:34:11.400,0.01,0.20,0.04,,7.6,0.0,0,0,-58,0,100,10,0,9,25,-45,100,10,-1,8,-792,3,-1,0,-1,-1,-1,-1,0x0000000000000000,1500,1500,988,1500,1500,1500,1500,1500,1500,1500,1500,1500,1500,1500,1500,1500,1500,1500,1500,1500,1500,1500,1500,1500,1500,1500,1500,1500,1500,1500,1500,1500,7.6,51.507729 -0.127567,10.2,8.1,156
2026-09-14,18:34:11.600,0.01,0.20,0.04,,7.6,0.0,0,0,-58,0,100,10,0,9,25,-45,100,10,-1,8,-794,3,-1,0,-1,-1,-1,-1,0x0000000000000000,1500,1500,988,1500,1500,1500,1500,1500,1500,1500,1500,1500,1500,1500,1500,1500,1500,1500,1500,1500,1500,1500,1500,1500,1500,1500,1500,1500,1500,1500,1500,1500,7.6,51.507731 -0.127574,10.2,8.1,157
2026-09-14,18:34:11.800,0.00,0.20,0.04,,7.6,0.0,0,0,-59,0,100,10,0,9,25,-45,100,10,-1,8,-796,3,-1,0,-1,-1,-1,-1,0x0000000000000000,1500,1500,988,1500,1500,1500,1500,1500,1500,1500,1500,1500,1500,1500,1500,1500,1500,1500,1500,1500,1500,1500,1500,1500,1500,1500,1500,1500,1500,1500,1500,1500,7.6,51.507732 -0.127581,10.1,8.1,158
2026-09-14,18:34:12.000,0.00,0.20,0.04,,7.6,0.0,0,0,-59,0,100,10,0,9,25,-45,100,10,-1,8,-798,3,-1,0,-1,-1,-1,-1,0x0000000000000000,1500,1500,988,1500,1500,1500,1500,1500,1500,1500,1500,1500,1500,1500,1500,1500,1500,1500,1500,1500,1500,1500,1500,1500,1500,1500,1500,1500,1500,1500,1500,1500,7.6,51.507734 -0.127587,10.1,8.0,158
2026-09-14,18:34:12.200,-0.00,0.20,0.04,,7.6,0.0,0,0,-59,0,100,10,0,9,25,-45,100,10,-1,8,-799,3,-1,0,-1,-1,-1,-1,0x0000000000000000,1500,1500,988,1500,1500,1500,1500,1500,1500,1500,1500,1500,1500,1500,1500,1500,1500,1500,1500,1500,1500,1500,1500,1500,1500,1500,1500,1500,1500,1500,1500,1500,7.6,51.507736 -0.127594,10.0,8.0,159
2026-09-14,18:34:12.400,-0.01,0.20,0.05,,7.6,0.0,0,0,-59,0,100,10,0,9,25,-45,100,10,-1,8,-800,3,-1,0,-1,-1,-1,-1,0x0000000000000000,1500,1500,988,1500,1500,1500,1500,1500,1500,1500,1500,1500,1500,1500,1500,1500,1500,1500,1500,1500,1500,1500,1500,1500,1500,1500,1500,1500,1500,1500,1500,1500,7.6,51.507737 -0.127601,9.9,8.0,160
2026-09-14,18:34:12.600,-0.01,0.20,0.05,,7.6,0.0,0,0,-59,0,100,10,0,9,25,-45,100,10,-1,8,-800,3,-1,0,-1,-1,-1,-1,0x0000000000000000,1500,1500,988,1500,1500,1500,1500,1500,1500,1500,1500,1500,1500,1500,1500,1500,1500,1500,1500,1500,1500,1500,1500,1500,1500,1500,1500,1500,1500,1500,1500,1500,7.6,51.507739 -0.127608,9.9,8.0,161
2026-09-14,18:34:12.800,-0.01,0.19,0.05,,7.6,0.0,0,0,-59,0,100,10,0,9,25,-45,100,10,-1,8,-800,3,-1,0,-1,-1,-1,-1,0x0000000000000000,1500,1500,988,1500,1500,1500,1500,1500,1500,1500,1500,1500,1500,1500,1500,1500,1500,1500,1500,1500,1500,1500,1500,1500,1500,1500,1500,1500,1500,1500,1500,1500,7.6,51.507740 -0.127615,9.8,8.0,161
